accelerator,dealroom_id,dealroom_url,program,cohort_name,application_open,application_close,program_start,apply_url,notes,status,hq_us,dealroom_closed_year,flag_basis,location,cadence,program_end,demo_day,check_size_terms,source_urls,date_confidence,window_status,rank_vc,last_checked,list_source,rank_860
SparkLabs Korea,1690649,https://app.dealroom.co/investors/sparklabs_korea_,SparkLabs Batch Program (Seoul),Batch 24,2024-09-15,2024-10-27,,https://sparklabs.co.kr/kr/program,"Closed. Screening late Oct–early Dec 2024, acceptances early Dec 2024 (stibee newsletter). wellobiz lists the open date as 2024-09-21; event-us and the newsletter say 2024-09-15. DR investor for program deals = sparklabs_korea_ (rule B); dealroom_id column = Group id 1690649.",active_undated,N,,,"Seoul, KR","2x/yr (1H + 2H windows, ~1.5 months each)",,private Demo Day (date not published),₩100M+ (KRW) investment; up to ₩1.5B TIPS recommendation,https://stibee.com/api/v1.0/emails/share/RYJdEDTOoyUf1ryPFpuHMSvZfKKPL7k | https://event-us.kr/sparklabs-demoday12/event/91401 | https://www.wellobiz.com/guest/job-search/apply-business/a32668e9-23d9-4149-ab84-149949faf9f2,published,closed,1,2026-10-07,both,150
SparkLabs Korea,1690649,https://app.dealroom.co/investors/sparklabs_korea_,SparkLabs Batch Program (Seoul),Batch 23,2024-03,,,https://sparklabs.co.kr/kr/program,Closed. Call for applications reported 2024-03-26 (ZDNet Korea). Close date not captured.,active_undated,N,,,"Seoul, KR",2x/yr,,,₩100M+ investment,https://zdnet.co.kr/view/?no=20240326104140,published,closed,1,2026-10-07,both,150
SparkLabs Korea,1690649,https://app.dealroom.co/investors/sparklabs_korea_,SparkLabs Batch Program (Seoul),next batch (number unknown),,,,https://sparklabs.co.kr/kr/program,"No dates published. The program page says applications open every 1H and 2H for ~1.5 months, then 3 weeks screening, a 2-week bootcamp, a 22-week program and 8 weeks of Demo Day prep. The FAQ / search synthesis says Apr + Sep. No public Batch 25+ call found for 2025–2026, and the site only offers a 'notify me' signup. WATCH: the batch may be paused while SparkClaw runs.",active_undated,N,,,"Seoul, KR",2x/yr,,,₩100M+ investment,https://sparklabs.co.kr/kr/program,inferred-from-pattern,no_public_dates,1,2026-10-07,both,150
SparkLabs Korea,1690649,https://app.dealroom.co/investors/sparklabs_korea_,SparkClaw (AI-native solo-founder program),Cohort 01,2026-06-08,2026-06-28,2026-08,https://www.sparkclaw.co.kr/,"Screening Jun 29–Jul 10, interviews Jul 13–24, bootcamp early Aug–early Oct, main program late Oct–mid Dec 2026. Cohort 01 closed; 'notify me' for the next cohort.",active_dated,N,,,"Seoul, KR",unknown (first cohort),2026-12,,credits (bootcamp); terms not published,https://www.sparkclaw.co.kr/ | https://stibee.com/api/v1.0/emails/share/_yfKqX_emFrTR7EFxCiJxtqqpPq3e-8,published,in_program,1,2026-10-07,both,150
SparkLabs Taiwan,1690649,https://app.dealroom.co/investors/sparklabs_taiwan,SparkLabs Taiwan Accelerator,Batch 11,,,,https://www.sparklabstaiwan.com/accelerator/program,"Page says 'Batch 11 Application is open, rolling basis'. It looks stale: our 2026-10-06 Taiwan work dated the B11 Demo Day to ~2026-06. Recheck for a Batch 12 call.",active_rolling,N,,,"Taipei, TW","2x/yr, rolling apps",,,≥US$100K for ≤7%,https://www.sparklabstaiwan.com/accelerator/program,published,rolling,1,2026-10-07,both,91
SparkLabs Taiwan,1690649,https://app.dealroom.co/investors/sparklabs_taiwan,Project Hatcher × SparkLabs Taiwan (Google Cloud AI accelerator),2026,2026-06-15,2026-07-26,2026-08,https://project-hatcher.sparklabstaiwan.com/apply,"12 weeks, mid-Aug to late Nov 2026. Shortlist mid-Aug. Global Showcase late Nov 2026. 15 teams.",active_dated,N,,,"Taipei, TW",1x/yr (first edition),2026-11,"2026-11 (Global Showcase, late Nov)",Equity-free; up to US$25K GCP credits,https://project-hatcher.sparklabstaiwan.com/ | https://sparklabstaiwan.substack.com/p/sparklabs-taiwan-and-googles-project,published,in_program,1,2026-10-07,both,91
Sparklabs Cultiv8,1690649,https://app.dealroom.co/investors/sparklabs_cultiv8,SparkLabs Cultiv8 Agri-Food Tech Accelerator,annual cohort (2027),,,,https://www.sparklabscultiv8.com/apply-now,"Applications accepted any time. 'Each year's cohort is finalised in February/March.' Six months, starting and ending in Orange, NSW.",active_rolling,N,,,"Orange, NSW, AU","1x/yr, rolling apps",,,not published,https://www.sparklabscultiv8.com/programs | https://www.sparklabscultiv8.com/faqs,published,rolling,1,2026-10-07,both,246
SparkLabs Saudi Arabia,1690649,https://app.dealroom.co/investors/sparklabs_saudi_arabia,SparkLabs KSU Accelerator (Riyadh),Cohort 1,2026-03,2026-03-15,2026-04-10,https://sparklabssaudi.com,"4-month program; end ~Aug 2026 (start + 4 months, inferred). Backed by $20M SparkLabs KSU Fund I.",active_undated,Y,,,"Riyadh, SA",unknown (first cohort),,,up to $300K,https://thedisruptormag.com/300k-funding-global-mentors-sparklabs-ksu-accelerator-now-accepting-applications/ | https://www.linkedin.com/posts/sparklabs-saudi-arabia_20m-sparklabs-ksu-fund-i-launched-founders-activity-7436377500554870784-hCOH,published,closed,1,2026-10-07,both,350
SparkLabs Saudi Arabia,1690649,https://app.dealroom.co/investors/sparklabs_saudi_arabia,AIM-X powered by SparkLabs (AI.M),Cohort 1,2024-06-14,2024-07-12,2024-09-17,,PR gives open 2024-06-14 and start 2024-09-17. Close 2024-07-12 is from search synthesis only (secondary).,active_undated,Y,,,"Riyadh, SA",unknown,,,$200K for up to 6%,https://www.prweb.com/releases/saudi-arabias-aim-accelerator-to-be-led-by-sparklabs-group-302178766.html,published,closed,1,2026-10-07,both,350
SparkLabs Frontier-ASU,1690649,https://app.dealroom.co/investors/sparklabs_frontier_asu,SparkLabs Frontier-ASU (only US program),Spring 2020 (last known),,,2020-01,https://sparklabsfrontierasu.com/,"INACTIVE? Site says 'Preprogram Underway (No Longer Accepting Applicants)'. The last cohort announcement was Spring '20 (prweb 2020-04-21), and nothing newer was found. Format was a fall preprogram plus a spring 4-month accelerator; the 2019 launch had apps open 2019-05-13.",likely_inactive,Y,,heuristic,"Tempe, AZ, US",1x/yr (historic),,,$100K for up to 8% (anti-dilution to next round),https://sparklabsfrontierasu.com/ | https://www.prweb.com/releases/SparkLabs_Frontier_ASU_Launches_Their_First_Accelerator_Cohort/prweb17065044.htm,published,inactive,1,2026-10-07,both,816
Y Combinator,20977,https://app.dealroom.co/investors/y_combinator,YC Batch (San Francisco),Winter 2027 (W27),,2026-11-02,2027-01,https://www.ycombinator.com/apply,On-time deadline 8pm PT. Decisions by 2026-12-11. Batch Jan–Mar 2027 in SF with a 3-day in-person kickoff. Late apps still considered. Early Decision is available for later batches.,active_dated,Y,,,"San Francisco, CA, US",4x/yr (W/P/S/F),2027-03,,$500K: $125K for 7% + $375K uncapped MFN SAFE,https://www.ycombinator.com/apply | https://www.ycombinator.com/deal,published,open,2,2026-10-07,both,1
Y Combinator,20977,https://app.dealroom.co/investors/y_combinator,YC Batch (San Francisco),Spring 2027 (P27),,2027-02,2027-04,https://www.ycombinator.com/apply,INFERRED deadline ~early Feb 2027 (basis: P26 deadline 2026-02-09; X25 2025-02-11). Batch ~Apr–Jun 2027. Not published; you can apply now via Early Decision ('A batch after Winter 2027').,active_dated,Y,,,"San Francisco, CA, US",4x/yr,2027-06,,$500K standard deal,https://www.joinleland.com/library/a/yc-application | https://www.ycombinator.com/early-decision,inferred-from-pattern,upcoming_unpublished,2,2026-10-07,both,1
Y Combinator,20977,https://app.dealroom.co/investors/y_combinator,YC Batch (San Francisco),Fall 2026 (F26),,2026-07-27,,https://www.ycombinator.com/apply,"Past batch, for backfill. On-time deadline from archived YC apply pages, aggregated by zyner/Leland (secondary).",active_undated,Y,,,"San Francisco, CA, US",4x/yr,,,$500K standard deal,https://zyner.io/blog/yc-application-deadline | https://archive.is/ZMFWq | https://archive.is/V0xH0,published,closed,2,2026-10-07,both,1
Y Combinator,20977,https://app.dealroom.co/investors/y_combinator,YC Batch (San Francisco),Summer 2026 (S26),,2026-05-04,,https://www.ycombinator.com/apply,"Past batch, for backfill. On-time deadline from archived YC apply pages, aggregated by zyner/Leland (secondary).",active_undated,Y,,,"San Francisco, CA, US",4x/yr,,,$500K standard deal,https://zyner.io/blog/yc-application-deadline | https://archive.is/ZMFWq | https://archive.is/V0xH0,published,closed,2,2026-10-07,both,1
Y Combinator,20977,https://app.dealroom.co/investors/y_combinator,YC Batch (San Francisco),Spring 2026 (P26),,2026-02-09,,https://www.ycombinator.com/apply,"Past batch, for backfill. On-time deadline from archived YC apply pages, aggregated by zyner/Leland (secondary).",active_undated,Y,,,"San Francisco, CA, US",4x/yr,,,$500K standard deal,https://zyner.io/blog/yc-application-deadline | https://archive.is/ZMFWq | https://archive.is/V0xH0,published,closed,2,2026-10-07,both,1
Y Combinator,20977,https://app.dealroom.co/investors/y_combinator,YC Batch (San Francisco),Winter 2026 (W26),,2025-11-10,,https://www.ycombinator.com/apply,"Past batch, for backfill. On-time deadline from archived YC apply pages, aggregated by zyner/Leland (secondary).",active_undated,Y,,,"San Francisco, CA, US",4x/yr,,,$500K standard deal,https://zyner.io/blog/yc-application-deadline | https://archive.is/ZMFWq | https://archive.is/V0xH0,published,closed,2,2026-10-07,both,1
Y Combinator,20977,https://app.dealroom.co/investors/y_combinator,YC Batch (San Francisco),Fall 2025 (F25),,2025-08-04,,https://www.ycombinator.com/apply,"Past batch, for backfill. On-time deadline from archived YC apply pages, aggregated by zyner/Leland (secondary).",active_undated,Y,,,"San Francisco, CA, US",4x/yr,,,$500K standard deal,https://zyner.io/blog/yc-application-deadline | https://archive.is/ZMFWq | https://archive.is/V0xH0,published,closed,2,2026-10-07,both,1
Y Combinator,20977,https://app.dealroom.co/investors/y_combinator,YC Batch (San Francisco),Summer 2025 (S25),,2025-05-13,,https://www.ycombinator.com/apply,"Past batch, for backfill. On-time deadline from archived YC apply pages, aggregated by zyner/Leland (secondary).",active_undated,Y,,,"San Francisco, CA, US",4x/yr,,,$500K standard deal,https://zyner.io/blog/yc-application-deadline | https://archive.is/ZMFWq | https://archive.is/V0xH0,published,closed,2,2026-10-07,both,1
Y Combinator,20977,https://app.dealroom.co/investors/y_combinator,YC Batch (San Francisco),Spring 2025 (X25),,2025-02-11,,https://www.ycombinator.com/apply,"Past batch, for backfill. On-time deadline from archived YC apply pages, aggregated by zyner/Leland (secondary).",active_undated,Y,,,"San Francisco, CA, US",4x/yr,,,$500K standard deal,https://zyner.io/blog/yc-application-deadline | https://archive.is/ZMFWq | https://archive.is/V0xH0,published,closed,2,2026-10-07,both,1
Y Combinator,20977,https://app.dealroom.co/investors/y_combinator,YC Batch (San Francisco),Winter 2025 (W25),,2024-11-10,,https://www.ycombinator.com/apply,"Past batch, for backfill. On-time deadline from archived YC apply pages, aggregated by zyner/Leland (secondary).",active_undated,Y,,,"San Francisco, CA, US",4x/yr,,2025-03-12,$500K standard deal,https://zyner.io/blog/yc-application-deadline | https://archive.is/ZMFWq | https://archive.is/V0xH0,published,closed,2,2026-10-07,both,1
Nvidia Inception,3867645,https://app.dealroom.co/investors/nvidia_inception,NVIDIA Inception,rolling,,,,https://www.nvidia.com/en-us/startups/,"Not a cohort accelerator: 'no application fees, deadlines, or cohorts'.",active_rolling,Y,,,Global,rolling,,,free; no equity (benefits/credits),https://www.nvidia.com/en-us/startups/,published,rolling,4,2026-10-07,both,193
Google for Startups Accelerator,1747387,https://app.dealroom.co/investors/google_for_startups,GfS Accelerator: North America (AI for Energy),2026,2026-05-04,2026-06-30,2026-09,https://startup.google.com/programs/accelerator/north-america/,"Ten weeks, hybrid, pre-seed to Series A. Kick-off Sep 2026, graduation Nov 2026, Demo Day Nov 2026. Cohort announced 2026-08-26 (Google blog). Apps closed; 'register interest' for future programs.",active_dated,Y,,,US + Canada (hybrid),1x/yr per program,2026-11,2026-11,Equity-free; Google Cloud credits,https://startup.google.com/programs/accelerator/north-america/ | https://blog.google/company-news/outreach-and-initiatives/entrepreneurs/google-for-startups-accelerator-energy-ai/,published,in_program,5,2026-10-07,both,53
Google for Startups Accelerator,1747387,https://app.dealroom.co/investors/google_for_startups,GfS Accelerator: United States,next,,,,https://startup.google.com/programs/accelerator/united-states/,"Page says 'Applications are now closed', with no key dates. Ten weeks, hybrid, Seed–Series A.",active_undated,Y,,,United States (hybrid),1x/yr,,,Equity-free,https://startup.google.com/programs/accelerator/united-states/,unknown,no_public_dates,5,2026-10-07,both,53
Google for Startups Accelerator,1747387,https://app.dealroom.co/investors/google_for_startups,GfS Accelerator: North America,2027,2027-05,2027-06,2027-09,https://startup.google.com/programs/accelerator/north-america/,"INFERRED from the single 2026 cycle (apps May 4–Jun 30, Sep kick-off, Nov Demo Day). Low confidence. The theme changes yearly.",active_dated,Y,,,US + Canada (hybrid),1x/yr,2027-11,2027-11,Equity-free,https://startup.google.com/programs/accelerator/north-america/,inferred-from-pattern,upcoming_unpublished,5,2026-10-07,both,53
MassChallenge,55138,https://app.dealroom.co/investors/masschallenge,Sanofi THRIVE Challenge (powered by MassChallenge),2027,2026-09-29,2026-10-20,2027-01,https://masschallenge.org/sanofi-thrive-challenge/,"Judging Nov–Dec 2026, finalists notified Dec 2026, kickoff Jan 2027 and Finale Showcase Mar 2027, both in person in Boston. US-owned healthtech serving rural/underserved communities.",active_dated,Y,,,"Boston, MA, US",1x/yr (challenge),2027-03,2027-03 (Finale Showcase),$25K Early-Stage / $50K Implementation-Ready awards; no equity,https://masschallenge.org/sanofi-thrive-challenge/,published,open,6,2026-10-07,both,13
MassChallenge,55138,https://app.dealroom.co/investors/masschallenge,SMU Cox FinTech Accelerator (powered by MassChallenge),2027 (inaugural),2026-10-06,2026-11-19,2027-02,https://masschallenge.org/our-accelerators/,"16 weeks, hybrid, 3 in-person sessions in Dallas. Judging Dec 2026–Jan 2027, midpoint Apr 2027, final event Jun 2027. Up to 15 startups. SMU press release confirms the Oct 6 open; the Nov 19 close and program dates come from devgrantsdaily citing masschallenge.org (secondary).",active_dated,Y,,,"Dallas, TX, US",1x/yr,2027-06,2027-06 (final event),Free; no equity; no cash,https://www.smu.edu/cox/at-smu-cox/press-releases/2026-09-16-mass-challenge-launch | https://devgrantsdaily.com/items/2026-10-01-smu-cox-fintech-accelerator-2027/,published,open,6,2026-10-07,both,13
MassChallenge,55138,https://app.dealroom.co/investors/masschallenge,MassChallenge Switzerland: Sustainable Materials Challenge,2027,,2026-11-25,,https://apply.masschallenge.org/mcch-sustainable-materials-challenge-2027,Non-US hub. Deadline 'November 25' (year implied by the 2027 challenge). Online partner matching; Challenge Day June 2027 in Switzerland.,active_dated,Y,,,Switzerland,1x/yr,,2027-06 (Challenge Day),"CHF 1,000 travel support for finalists; no equity",https://apply.masschallenge.org/mcch-sustainable-materials-challenge-2027,published,open,6,2026-10-07,both,13
Techstars,20996,https://app.dealroom.co/investors/techstars,Techstars Accelerators (umbrella),Spring 2027,2026-08-24,2026-11-18,2027-03-08,https://www.techstars.com/accelerators,Reused from the 2026-09-30 scrape (Deadlines row 2). 8 chapter pages match. Chapters are not separate DR profiles.,active_dated,Y,,,national,2x/yr (Spring + Fall),,2027-06-03,$220K (Sep 2026 class),https://www.techstars.com/accelerators/anywhere | https://www.techstars.com/accelerators,published,open,7,2026-09-30,both,2
Techstars Anywhere,20996,https://app.dealroom.co/investors/techstars,Techstars Anywhere,Spring 2027,2026-08-24,2026-11-18,2027-03-08,https://www.techstars.com/accelerators/anywhere,Matches the umbrella window (2026-09-30 scrape).,active_dated,Y,,,Anywhere (remote),2x/yr,,2027-06-03,$220K,https://www.techstars.com/accelerators/anywhere,published,open,7,2026-09-30,both,2
Techstars AI Health Baltimore,20996,https://app.dealroom.co/investors/techstars,Techstars AI Health Baltimore,Spring 2027,2026-08-24,2026-11-18,2027-03-08,https://www.techstars.com/accelerators/baltimore-ai-health,Matches the umbrella window (2026-09-30 scrape).,active_dated,Y,,,Baltimore,2x/yr,,2027-06-03,$220K,https://www.techstars.com/accelerators/baltimore-ai-health,published,open,7,2026-09-30,both,2
Techstars Boston,20996,https://app.dealroom.co/investors/techstars,Techstars Boston,Spring 2027,2026-08-24,2026-11-18,2027-03-08,https://www.techstars.com/accelerators/boston,Matches the umbrella window (2026-09-30 scrape).,active_dated,Y,,,Boston,2x/yr,,2027-06-03,$220K,https://www.techstars.com/accelerators/boston,published,open,7,2026-09-30,both,2
Techstars Chicago,20996,https://app.dealroom.co/investors/techstars,Techstars Chicago,Spring 2027,2026-08-24,2026-11-18,2027-03-08,https://www.techstars.com/accelerators/chicago,Matches the umbrella window (2026-09-30 scrape).,active_dated,Y,,,Chicago,2x/yr,,2027-06-03,$220K,https://www.techstars.com/accelerators/chicago,published,open,7,2026-09-30,both,2
Techstars London,20996,https://app.dealroom.co/investors/techstars,Techstars London,Spring 2027,2026-08-24,2026-11-18,2027-03-08,https://www.techstars.com/accelerators/london,Matches the umbrella window (2026-09-30 scrape).,active_dated,Y,,,London,2x/yr,,2027-06-03,$220K,https://www.techstars.com/accelerators/london,published,open,7,2026-09-30,both,2
Northwestern Medicine & Techstars Healthcare,20996,https://app.dealroom.co/investors/techstars,Northwestern Medicine & Techstars Healthcare,Spring 2027,2026-08-24,2026-11-18,2027-03-08,https://www.techstars.com/accelerators/northwestern-medicine-healthcare,Matches the umbrella window (2026-09-30 scrape).,active_dated,Y,,,Chicago,2x/yr,,2027-06-03,$220K,https://www.techstars.com/accelerators/northwestern-medicine-healthcare,published,open,7,2026-09-30,both,2
Techstars New York City,20996,https://app.dealroom.co/investors/techstars,Techstars New York City,Spring 2027,2026-08-24,2026-11-18,2027-03-08,https://www.techstars.com/accelerators/nyc,Matches the umbrella window (2026-09-30 scrape).,active_dated,Y,,,New York City,2x/yr,,2027-06-03,$220K,https://www.techstars.com/accelerators/nyc,published,open,7,2026-09-30,both,2
USC and Techstars,20996,https://app.dealroom.co/investors/techstars,USC and Techstars,Spring 2027,2026-08-24,2026-11-18,2027-03-08,https://www.techstars.com/accelerators/usc-and-techstars,Matches the umbrella window (2026-09-30 scrape).,active_dated,Y,,,Los Angeles,2x/yr,,2027-06-03,$220K,https://www.techstars.com/accelerators/usc-and-techstars,published,open,7,2026-09-30,both,2
ABN AMRO + Techstars Future of Finance,20996,https://app.dealroom.co/investors/techstars,ABN AMRO + Techstars Future of Finance,Fall 2026,2026-03-02,2026-06-10,2026-09-08,https://www.techstars.com/accelerators/abn-amro-techstars-future-of-finance-accelerator,DIVERGENT calendar (2026-09-30 scrape). ,active_dated,Y,,,Amsterdam,1x/yr per program,,2026-12-10,,https://www.techstars.com/accelerators/abn-amro-techstars-future-of-finance-accelerator,published,in_program,7,2026-09-30,both,2
Techstars Boulder,20996,https://app.dealroom.co/investors/techstars,Techstars Boulder,Fall 2026,2026-03-02,2026-06-10,2026-09-08,https://www.techstars.com/accelerators/boulder,DIVERGENT calendar (2026-09-30 scrape). Demo Day one day earlier than the other Sep-start programs that show 2026-12-10,active_dated,Y,,,Boulder,1x/yr per program,,2026-12-07,,https://www.techstars.com/accelerators/boulder,published,in_program,7,2026-09-30,both,2
Techstars Columbus,20996,https://app.dealroom.co/investors/techstars,Techstars Columbus,Fall 2026,2026-03-02,2026-06-10,2026-09-08,https://www.techstars.com/accelerators/ohio-state-university-accelerator,DIVERGENT calendar (2026-09-30 scrape). ,active_dated,Y,,,Columbus,1x/yr per program,,2026-12-10,,https://www.techstars.com/accelerators/ohio-state-university-accelerator,published,in_program,7,2026-09-30,both,2
Techstars Future of Food,20996,https://app.dealroom.co/investors/techstars,Techstars Future of Food,Fall 2026,2026-03-02,2026-06-10,2026-09-08,https://www.techstars.com/accelerators/future-of-food,DIVERGENT calendar (2026-09-30 scrape). ,active_dated,Y,,,Minneapolis,1x/yr per program,,2026-12-10,,https://www.techstars.com/accelerators/future-of-food,published,in_program,7,2026-09-30,both,2
Techstars Healthcare Permanente Mid-Atlantic,20996,https://app.dealroom.co/investors/techstars,Techstars Healthcare Permanente Mid-Atlantic,Fall 2026,2026-03-02,2026-06-10,2026-09-08,https://www.techstars.com/accelerators/permanente-medicine,DIVERGENT calendar (2026-09-30 scrape). ,active_dated,Y,,,"Washington, D.C.",1x/yr per program,,2026-12-09,,https://www.techstars.com/accelerators/permanente-medicine,published,in_program,7,2026-09-30,both,2
Techstars Space,20996,https://app.dealroom.co/investors/techstars,Techstars Space,Fall 2026,2026-03-02,2026-06-10,2026-09-08,https://www.techstars.com/accelerators/space,DIVERGENT calendar (2026-09-30 scrape). ,active_dated,Y,,,Los Angeles,1x/yr per program,,2026-12-10,,https://www.techstars.com/accelerators/space,published,in_program,7,2026-09-30,both,2
Techstars Tokyo,20996,https://app.dealroom.co/investors/techstars,Techstars Tokyo,2026,2025-12-18,2026-05-06,2026-08-17,https://www.techstars.com/accelerators/tokyo,DIVERGENT calendar (2026-09-30 scrape). ,active_dated,Y,,,Tokyo,1x/yr per program,,2026-11-10,,https://www.techstars.com/accelerators/tokyo,published,in_program,7,2026-09-30,both,2
Techstars Alabama EnergyTech Accelerator,20996,https://app.dealroom.co/investors/techstars,Techstars Alabama EnergyTech Accelerator,,,,,https://www.techstars.com/accelerators/birmingham,"Listed on the accelerators index. Page has no Applications Open / Final Deadline / Accelerator Starts / Demo Day timeline. A sitewide banner says Spring 2027 applications are open, but that is not Alabama-specific, so no dates were written.",active_undated,Y,,,"Birmingham, Alabama",,,,,https://www.techstars.com/accelerators/birmingham,unknown,no_public_dates,7,2026-09-30,both,2
Sanabil Accelerator by 500 Global,4642982,https://app.dealroom.co/investors/sanabil_accelerator_by_500_global,Sanabil Accelerator (Riyadh),Batch 12,,2026-08-09,2026-09-27,https://500.co/founders/mena/seed-accelerator,"In program until Dec 9. 12 weeks. Non-US (MENA), though DR lists HQ as San Francisco.",active_dated,Y,,,"Riyadh, SA",2x/yr,2026-12-09,,not published on page,https://500.co/founders/mena/seed-accelerator | https://mena.aplica.500.co/,published,in_program,8,2026-10-07,both,154
Sanabil Accelerator by 500 Global,4642982,https://app.dealroom.co/investors/sanabil_accelerator_by_500_global,Sanabil Accelerator (Riyadh),Batch 11,,2026-03-05,2026-04-05,https://500.co/founders/mena/seed-accelerator,Past. Priority deadline 2026-02-15; application period closed 2026-03-05.,active_undated,Y,,,"Riyadh, SA",2x/yr,2026-07-01,,,https://500.co/founders/mena/seed-accelerator,published,closed,8,2026-10-07,both,154
Sanabil Accelerator by 500 Global,4642982,https://app.dealroom.co/investors/sanabil_accelerator_by_500_global,Sanabil Accelerator (Riyadh),Batch 13,,2027-03,2027-04,https://500.co/founders/mena/seed-accelerator,INFERRED from B11 (priority Feb 15 / close Mar 5 / start Apr 5). Not published.,active_dated,Y,,,"Riyadh, SA",2x/yr,2027-07,,,https://500.co/founders/mena/seed-accelerator,inferred-from-pattern,upcoming_unpublished,8,2026-10-07,both,154
Disney Accelerator,199891,https://app.dealroom.co/investors/disney_accelerator,Disney Accelerator (Glendale),2026,,,2026-07,https://sites.disney.com/accelerator/faq/,"No open applications: candidates come through outreach, and investors can email info@disneyaccelerator.com. About 5 companies a year. 2026 class (FieldAI, Physical Intelligence, Promise, OpenArt, Simile) announced ~2026-07-30. Demo Day Nov 2026.",active_dated,Y,,,"Glendale, CA, US",1x/yr,2026-11,2026-11,not published,https://sites.disney.com/accelerator/faq/ | https://thewaltdisneycompany.com/news/accelerator-2026-participants/,published,in_program,9,2026-10-07,both,49
Disney Accelerator,199891,https://app.dealroom.co/investors/disney_accelerator,Disney Accelerator (Glendale),2027,,,2027-07,https://sites.disney.com/accelerator/faq/,"INFERRED: 2026 ran Jul–Nov. Invite-only, so there are no application dates.",active_dated,Y,,,"Glendale, CA, US",1x/yr,2027-11,2027-11,,https://sites.disney.com/accelerator/faq/,inferred-from-pattern,no_public_apps,9,2026-10-07,both,49
Playground Global,886103,https://app.dealroom.co/investors/playground_global,n/a (VC firm),,,,,https://www.playground.global/,NOT A COHORT PROGRAM: deep-tech VC with no batch or application calendar on its site. Suggest reclassifying like Heavybit.,not_accelerator_vc,Y,,verified,"Palo Alto, CA, US",n/a,,,,https://www.playground.global/,unknown,not_cohort_program,10,2026-10-07,both,14
Antler,1452943,https://app.dealroom.co/investors/antler_co,Antler Residency (US),US Rolling intake*,,,,https://www.antler.co/apply,"Rechecked 2026-10-07: US rolling intake (SF / Austin / NYC). The start-dates page lists start dates, not deadlines. Other regions have fixed starts (e.g., Dubai/Riyadh Oct 11, Nairobi Oct 12, Tokyo Nov 2, 2026).",active_rolling,N,,,"San Francisco / Austin / New York City, US",rolling,,,not captured,https://www.antler.co/cohort-start-dates | https://www.antler.co/apply,published,rolling,11,2026-10-07,both,3
Boost VC,29609,https://app.dealroom.co/investors/boost_vc,Boost VC (San Mateo),rolling (Tribe naming),,,,https://www.boost.vc/,"Rolling applications since 2022. Founder Summit is a semi-annual week in San Mateo; the Tribe 26 Founder Summit was in 2026 (LinkedIn). A third-party 'June 1, 2026 deadline' is not corroborated.",active_rolling,Y,,,"San Mateo, CA, US",rolling,,,not published,https://www.boost.vc/bvc/2022/02/16/applications-are-now-rolling | https://www.boost.vc/faq,published,rolling,12,2026-10-07,both,10
Google Developers Launchpad Accelerator,944055,https://app.dealroom.co/investors/google_developers_launchpad_accelerator,n/a (discontinued),,,,,https://developers.google.com/community/accelerators,INACTIVE: Launchpad Accelerator was folded into Google for Startups Accelerator. Last DR round Mar 2022. Possible DataMan merge/redirect to google_for_startups.,defunct,Y,,verified,"Mountain View, CA, US",n/a,,,,https://developers.google.com/community/accelerators,unknown,inactive,13,2026-10-07,both,158
StartX,911389,https://app.dealroom.co/investors/startx,StartX Accelerator (Stanford),Spring 2027,,2026-10-11,2027,https://startx.com/apply,"Deadline 11:59 PM PT. Info sessions Sep 18, Sep 28 and Oct 7, 2026. Stanford-affiliated founders.",active_dated,Y,,,"Palo Alto, CA, US",2x/yr (Spring/Summer sessions),,,Equity-free; StartX Fund may invest,https://startx.com/apply | https://luma.com/750vdhaz,published,open,14,2026-10-07,both,16
Creative Destruction Lab,982918,https://app.dealroom.co/investors/creative_destruction_lab,"CDL Program (all streams/sites incl. US: Atlanta, Seattle)",2026/27,,2026-07-24,2026-10,https://creativedestructionlab.com/program/,"General deadline 11:59 PM ET. Earlier deadlines: Defence Nurture 2026-05-10, Defence 2026-06-15, Quantum Bootcamp 2026-06-21. Three in-person sessions (Oct, Feb, Apr). CDL-Seattle Session 1 Oct 8–9, 2026 (LinkedIn). Program ends ~Apr–Jun 2027.",active_dated,N,,,Toronto (HQ) + US sites,1x/yr,2027,,"No fees, no equity",https://creativedestructionlab.com/application-triage/ | https://www.geekwire.com/2026/meet-the-17-startups-that-took-part-in-creative-destruction-labs-latest-seattle-accelerator/,published,in_program,15,2026-10-07,both,89
Creative Destruction Lab,982918,https://app.dealroom.co/investors/creative_destruction_lab,CDL Program,2027/28,,2027-07,2027-10,https://creativedestructionlab.com/program/,INFERRED: 2026/27 general deadline was Jul 24 and the program starts in Oct.,active_dated,N,,,Toronto (HQ) + US sites,1x/yr,,,"No fees, no equity",https://creativedestructionlab.com/application-triage/,inferred-from-pattern,upcoming_unpublished,15,2026-10-07,both,89
Azure Ventures Group,3846250,https://app.dealroom.co/investors/azure_ventures_group,n/a,,,,,http://azureventuresgroup.com,"LOOKS INACTIVE / NOT A COHORT PROGRAM: site unreachable 2026-10-07. Described as an early-stage VC. 7 portfolio companies, last DR round Jan 2022.",likely_inactive,Y,,heuristic,"Los Angeles, CA, US",n/a,,,,https://www.linkedin.com/company/azureventuresgroup,unknown,inactive,16,2026-10-07,both,495
Harvard Innovation Labs,2989759,https://app.dealroom.co/investors/harvard_innovation_labs,Alumni Launch Lab X + Climate Circle,2026–27,,2026-05-12,2026-09,https://innovationlabs.harvard.edu/labs/alumni-launch-lab/application,"Closed. Deadline 9:00am ET. Program runs ~Sep–May (secondary). Student Venture Incubation Program: members only, monthly advancement, no public deadline.",active_dated,Y,,,"Allston/Boston, MA, US",1x/yr,2027-05,,not published,https://innovationlabs.harvard.edu/events/application-deadline-harvard-alumni-accelerator-programs-2 | https://innovationlabs.harvard.edu/labs/alumni-launch-lab/application,published,in_program,17,2026-10-07,both,104
Harvard Innovation Labs,2989759,https://app.dealroom.co/investors/harvard_innovation_labs,Alumni Launch Lab X,2027–28,2027-03,2027-05,2027-09,https://innovationlabs.harvard.edu/labs/alumni-launch-lab/application,Page: 'Applications for the 2027-28 will open in the spring'. Close ~mid-May 2027 INFERRED (2026 close May 12).,active_dated,Y,,,"Allston/Boston, MA, US",1x/yr,,,,https://innovationlabs.harvard.edu/labs/alumni-launch-lab/application,inferred-from-pattern,upcoming_unpublished,17,2026-10-07,both,104
Nextcorps,1642301,https://app.dealroom.co/investors/nextcorps,Luminate NY (optics/photonics/imaging/lasers),Round 10 (2027),2026-10-05,2027-01-11,2027,https://luminate.org,"Applications open now. Six-month hybrid accelerator in Rochester, run by NextCorps. Round 9 finals were held 2026-10 (winners announced 2026-10-05). The upfront amount is garbled in the release ('upfront 50,000 of which is committed to regional resource engagement').",active_dated,Y,,,"Rochester, NY, US",1x/yr,,"2027-10 (Finals, inferred from R9)",Upfront investment + share of $2M follow-on ($1M top award),https://www.greaterrochesterchamber.com/2026/10/05/governor-hochul-announces-round-nine-winners-of-luminate-ny-startup-accelerator-and-competition/,published,open,18,2026-10-07,both,139
Nextcorps,1642301,https://app.dealroom.co/investors/nextcorps,Luminate NY,Round 9 / Cohort 9 (2026),,2026-01-12,2026,https://luminate.org,"Past. Closed 2026-01-12, 11:59 PM EST. Finals Oct 2026 (Gekko Photonics $1M).",active_dated,Y,,,"Rochester, NY, US",1x/yr,2026-10,2026-10,$1M top award; $2M+ awarded,https://luminate.org/final-call-1m-investment-opportunity-for-deep-tech-startups-as-luminate-ny-application-window-closes-jan-12/,published,closed,18,2026-10-07,both,139
AFWERX,3103302,https://app.dealroom.co/investors/afwerx_1,DAF SBIR/STTR specific-topic solicitation,Release 6 (26.BZ/26.BX; STTR 26.TZ/26.TX),2026-09-23,2026-10-21,,https://www.dodsbirsttr.mil/submissions/login,Not an accelerator cohort: monthly ~4-week solicitation windows via DSIP. Dates from acceleratoratlas citing the AFWERX Get Funded page (subject to change). AFWERX is moving to capability cohorts in 2026.,active_dated,Y,,,Remote (US),monthly releases,,,Phase I ≤$323K; Phase II ≤$2.1M; non-dilutive,https://acceleratoratlas.com/accelerators/defense_space/afwerx-open-topic | https://afwerx.com/get-funded/ | https://www.dvidshub.net/news/564491/afwerx-spacewerx-open-new-sbir-sttr-solicitations-following-reauthorization,published,open,19,2026-10-07,both,208
AFWERX,3103302,https://app.dealroom.co/investors/afwerx_1,DAF SBIR/STTR solicitation,Release 5 (26.BZ/26.TZ),2026-08-26,2026-09-23,,https://www.dodsbirsttr.mil/submissions/login,Past (secondary source).,active_undated,Y,,,Remote (US),monthly releases,,,,https://acceleratoratlas.com/accelerators/defense_space/afwerx-open-topic,published,closed,19,2026-10-07,both,208
Microsoft for Startups,880866,https://app.dealroom.co/investors/microsoft_accelerator,Microsoft for Startups (Founders Hub / Investor Network),rolling,,,,https://www.microsoft.com/en/startups,"Not a cohort accelerator: direct application, ~3 business days review. Pegasus is invite-only for existing members.",active_rolling,Y,,,Global,rolling,,,Azure credits; no equity,https://learn.microsoft.com/en-us/startups/microsoft-for-startups/application | https://www.microsoft.com/en-us/startups/pegasus,published,rolling,20,2026-10-07,both,27
ConsenSys Mesh,2999799,https://app.dealroom.co/investors/consensys_mesh,TachyonX,rolling,,,,https://tachyon.xyz/,"Rolling admissions; program starts on the admission date. The last dated reference was 'apply before May 31, 2025' for the 2025 Demo Day. No 2026 cohort dates found: WATCH for dormancy.",active_rolling,Y,,,"New York City, NY, US (remote)",rolling,,,$250K (SAFE + token side letter),https://www.mesh.xyz/post/the-next-chapter-of-tachyonx,published,rolling,21,2026-10-07,both,35
Notley Ventures,4206137,https://app.dealroom.co/investors/notley_ventures_1,Notley Fellowship (not a startup accelerator),,,,,https://www.notley.com/fellows,INACTIVE as an accelerator: the Notley Fellowship is a leadership fellowship and is currently paused. Last DR round Jan 2024.,likely_inactive,Y,,heuristic,"Austin, TX, US",n/a,,,,https://www.notley.com/fellows,unknown,inactive,22,2026-10-07,both,172
Berkeley SkyDeck Accelerator,144863,https://app.dealroom.co/investors/berkeley_skydeck_accelerator,SkyDeck Accelerator (Cohort + Pad-13),Batch 23,2026-07,2026-08-21,2026-11-02,https://skydeck.berkeley.edu/apply/,"Deadline extended to 2026-08-24 11:59 PM PT (LinkedIn). Interviews Sep 8–Oct 5, orientation Nov 2, 2026. Demo Day Apr 2027 (day not published).",active_dated,Y,,,"Berkeley, CA, US",2x/yr,2027-04-15,2027-04,"$210K (Berkeley SkyDeck Fund), Cohort track",https://skydeck.berkeley.edu/program/ | https://www.linkedin.com/posts/berkeley-startup-cluster_deadline-extended-see-details-below-activity-7496760779199918080-fSWs,published,upcoming_start,23,2026-10-07,both,21
Berkeley SkyDeck Accelerator,144863,https://app.dealroom.co/investors/berkeley_skydeck_accelerator,SkyDeck Accelerator,Batch 24,2027-01,,2027,https://skydeck.berkeley.edu/apply/,Apply page: 'Applications for Batch 24 open in January!'. Close/start not published; B23 pattern was apps ~7 weeks then program start ~10 weeks after close.,active_dated,Y,,,"Berkeley, CA, US",2x/yr,,,$210K,https://skydeck.berkeley.edu/apply/,published,upcoming_unpublished,23,2026-10-07,both,21
MState,934383,https://app.dealroom.co/investors/mstate,MState blockchain growth lab,,,,,http://www.mstate.io/,DEFUNCT: the 2018 enterprise-blockchain lab ran 6-month programs of 5 companies. mstate.io is no longer live. Last DR round Jun 2019.,likely_inactive,Y,,verified,"New York City, NY, US",n/a,,,,https://www.prnewswire.com/news-releases/blockchain-growth-lab-mstate-launches-to-accelerate-blockchain-development-for-the-enterprise-300578433.html,unknown,inactive,24,2026-10-07,both,387
Dcode Accelerator,1222739,https://app.dealroom.co/investors/dcode_accelerator,Dcode Federal Accelerator,Cohort 17 (Fall 2026),,,2026-10-13,https://dcode.co/accelerator/,"8 weeks, virtual, 1–2 h/week. No application deadline published (register via 'Join Cohort'). Active even though the last DR round is May 2020. Cohort 16 = Summer 2026.",active_dated,Y,,,Online / Virtual (Washington DC),~4x/yr,2026-12-08,,"$5,000 one-time fee; no equity",https://dcode.co/accelerator/,published,upcoming_start,25,2026-10-07,both,575
Dcode Accelerator,1222739,https://app.dealroom.co/investors/dcode_accelerator,Dcode Federal Accelerator,Cohort 18 (Winter 2027),,,2027-01-26,https://dcode.co/accelerator/,"8 weeks, virtual. No deadline published.",active_dated,Y,,,Online / Virtual (Washington DC),~4x/yr,2027-03-16,,"$5,000 one-time fee; no equity",https://dcode.co/accelerator/,published,upcoming_start,25,2026-10-07,both,575
Third Derivative,2527212,https://app.dealroom.co/investors/third_derivative,Third Derivative (D3) climate accelerator,rolling (2026 cohort announced 2026-05),,,,https://www.third-derivative.org/startups,"Rolling applications, ~3-month review. 18-month virtual accelerator. 26-startup cohort announced May 2026.",active_rolling,Y,,,Remote (Denver/RMI),rolling (cohorts ~1x/yr),,,not published,https://www.third-derivative.org/startups | https://www.third-derivative.org/blog/third-derivative-unveils-26-startup-climate-cohort-focused-on-hard-tech-and-deployment,published,rolling,26,2026-10-07,both,259
MedTech Innovator,923690,https://app.dealroom.co/investors/medtech_innovator,MedTech Innovator Accelerator,2027,2026-09,2026-12-01,2027-06,https://medtechinnovator.org/apply,"Applications are open now and close Dec 1, 2026. Evaluation (Radar) runs Dec–May, with notifications in late May 2027. The program is 5 months; Jun–Oct is INFERRED from the 2026 calendar. No fee to apply. Open month approximate (page shows apps open as of 2026-10-07).",active_dated,Y,,,"Los Angeles, CA, US (virtual + SF/Boston events)",1x/yr,2027-10,"2027-10 (Showcase/Finals at The MedTech Conference, inferred)",Share of $800K+ prizes; $350K grand prize; non-dilutive,https://medtechinnovator.org/apply,published,open,27,2026-10-07,both,79
MedTech Innovator,923690,https://app.dealroom.co/investors/medtech_innovator,MedTech Innovator Accelerator,2026,,2025-12-16,2026-06-02,https://medtechinnovator.org/apply,65 companies selected late May 2026. Innovator Summit Jun 2–4 (SF). Showcase Oct 18–21 at The MedTech Conference (Boston); early-stage finals Oct 20; mid-stage finals Nov 3–5 (San Diego).,active_dated,Y,,,"Los Angeles, CA, US",1x/yr,2026-11-05,2026-10-20 (early-stage finals),$800K prize pool; $350K grand prize,https://medtechinnovator.org/medtech-innovator-unveils-65-startups-in-its-2026-accelerator-cohort-and-launches-the-mti-index-the-definitive-recognition-platform-for-medtech-innovation/ | https://medtechinnovator.org/apply,published,in_program,27,2026-10-07,both,79
Indie Bio,132834,https://app.dealroom.co/investors/indie_bio,SOSV SF / SOSV NY (formerly IndieBio),rolling,,,,https://sosv.com/apply/sosv/,"IndieBio renamed SOSV SF and SOSV NY at the start of 2026. Applications reviewed on a rolling basis, then an offer to join the 'next cohort'; start dates not published. Suggest checking the DR name/alias (IndieBio → SOSV SF/NY).",active_rolling,Y,,,"San Francisco, CA + New York, NY, US",rolling,,,up to $550K initial funding (SOSV SF),https://sosv.com/locations/sosv-sf/ | https://sosv.com/application-faqs/ | https://sosv.com/indiebio-is-now-sosv-ny-sosv-sf-underscoring-sosvs-leadership-in-deep-tech/,published,rolling,28,2026-10-07,both,8
Alchemist Accelerator,137769,https://app.dealroom.co/investors/alchemist_accelerator,Alchemist Flagship (enterprise/B2B),next class (number unknown),,,,https://www.alchemistaccelerator.com/apply,"Rolling application deadlines (reviewed at the next listed deadline; reply within 3 weeks). Site still says 'next class begins January 22, 2026' (stale). Class 41 Demo Day was 2026-05-26. 6-month classes, ~2x/yr.",active_rolling,Y,,,"Menlo Park / SF, CA, US (remote-friendly)","~2x/yr, rolling deadlines",,,not captured,https://www.alchemistaccelerator.com/flagship-program | https://www.linkedin.com/posts/alchemist-accelerator_alchemist-class-xli-demo-day-httpsbitly-activity-7465015998753067008-1A9G,published,rolling,29,2026-10-07,both,6
Alchemist Accelerator,137769,https://app.dealroom.co/investors/alchemist_accelerator,Alchemist Flagship,Class 41,,,2026-01-22,https://www.alchemistaccelerator.com/apply,"Past/backfill. Start date taken from the site's 'next class' line, which most likely refers to Class 41 (inference). Demo Day 2026-05-26 10:00 PT (LinkedIn).",active_undated,Y,,,"Menlo Park / SF, CA, US",~2x/yr,2026-07,2026-05-26,,https://www.linkedin.com/posts/alchemist-accelerator_meet-the-cohort-group-5-activity-7462481470448726016-yq-E,published,closed,29,2026-10-07,both,6
Elemental Excelerator,923720,https://app.dealroom.co/investors/elemental_excelerator,Elemental Impact funding (formerly Elemental Excelerator),rolling,,,,https://elementalimpact.com/funding-opportunities/apply/,"Rebranded as Elemental Impact (domain redirects). Rolling intake form, no cohort calendar. Possible reclassification toward a climate investor/nonprofit fund.",not_accelerator_other,Y,,verified,"Honolulu, HI / US",rolling,,,not published,https://elementalimpact.com/funding-opportunities/apply/,published,rolling,30,2026-10-07,both,33
AngelPad,863963,https://app.dealroom.co/investors/angelpad,AngelPad (SF + NYC),next cohort,,,,https://angelpad.com/more/,Application closed; email signup for the next cohort. A third-party listing claims a 2026-05-30 deadline (not corroborated). Last DR round Jul 2023. WATCH: may be dormant.,active_undated,Y,,,"San Francisco + New York, US",2x/yr (historic),,,"$120K for 7% (third-party, unverified)",https://angelpad.com/more/ | https://angelpad.com/,unknown,no_public_dates,31,2026-10-07,both,11
Startupbootcamp,3103,https://app.dealroom.co/investors/startupbootcamp,Startupbootcamp thematic accelerators,"various (Georgia I, Energy & Climate III, Food & AgriTech III, Health & Lifescience I…)",,,,https://www.startupbootcamp.org/,Non-US network (Amsterdam HQ). Several programs flagged 'Applications Open' on the homepage; per-program dates not captured (low priority for the US list).,active_dated,N,,,"Amsterdam, NL + global",multiple programs,,,,https://www.startupbootcamp.org/,unknown,open,32,2026-10-07,both,18
Johns Hopkins Technology Ventures,153088,https://app.dealroom.co/investors/johns_hopkins_technology_ventures,Social Innovation Lab (JHU Pava Center),2026–27,,2026-10-02,,https://pavacenter.jhu.edu/programs/student-programs/social-innovation-lab/,Closed. Mission-driven ventures from JHU + Baltimore. FastForward incubator = rolling (contact the director).,active_undated,Y,,,"Baltimore, MD, US",1x/yr,,,not captured,https://pavacenter.jhu.edu/programs/student-programs/social-innovation-lab/ | https://ventures.jhu.edu/programs-services/fastforward/apply-to-fastforward/,published,closed,33,2026-10-07,both,444
Endless Frontier Labs,3846790,https://app.dealroom.co/investors/endless_frontier_labs,Endless Frontier Labs (NYU Stern),2026–27,2026-05,2026-07,2026-09,https://endlessfrontierlabs.com/faqs/,FAQ: apps open mid-May through end of July; virtual interviews first week of September. A hidden 'Final Deadline August 12' banner is likely from a prior cycle. Exact 2026 dates not captured.,active_dated,Y,,,"New York City, NY, US",1x/yr,,,not captured,https://endlessfrontierlabs.com/faqs/,published,in_program,34,2026-10-07,both,773
Endless Frontier Labs,3846790,https://app.dealroom.co/investors/endless_frontier_labs,Endless Frontier Labs (NYU Stern),2027–28,2027-05,2027-07,2027-09,https://endlessfrontierlabs.com/faqs/,INFERRED from the FAQ pattern (mid-May → end of July; interviews early Sep).,active_dated,Y,,,"New York City, NY, US",1x/yr,,,,https://endlessfrontierlabs.com/faqs/,inferred-from-pattern,upcoming_unpublished,34,2026-10-07,both,773
Gold House Ventures,3046275,https://app.dealroom.co/investors/gold_house,Gold House Ventures Accelerator,Spring / Fall cohorts,,,,https://goldhouse.org/founderfellowship/,Spring and Fall cohorts with cohort-specific deadlines (secondary). No current window found. Pre-seed/seed with at least one underrepresented founder.,active_undated,Y,,,"Los Angeles, CA, US",2x/yr,,,not captured,https://goldhouse.org/founderfellowship/ | https://superscout.co/program/gold-house-ventures,unknown,no_public_dates,35,2026-10-07,both,59
gener8tor,144892,https://app.dealroom.co/investors/gener8tor,"gener8tor programs (accelerators, gBETA, Skills)",per-program,,,,https://www.gener8tor.com/apply,"Dozens of city/industry programs, each with its own deadline on gener8tor.com/apply (rendered by JS, so not scraped). Many say 'TBD (Rolling Applications)'. Needs a per-program pass in a later wave.",active_rolling,Y,,,"Madison, WI + 40+ US markets",multiple per year,,,gener8tor accelerator: typically $100K (not re-verified),https://www.gener8tor.com/apply,unknown,rolling,36,2026-10-07,both,7
gener8tor,144892,https://app.dealroom.co/investors/gener8tor,gBETA Arkansas,Fall 2026,,2026-10-04,2026-10-22,https://www.gener8tor.com/apply,"Sample program row (secondary: acceleratoratlas). 7-week free pre-accelerator. Other Fall 2026 gBETA programs (Prosper, Huntsville, Gulf Coast) show 'deadline passed'.",active_dated,Y,,,"Arkansas, US",2x/yr,2026-12-11,,free; no equity,https://acceleratoratlas.com/accelerators/generalist_demographic/gbeta-gener8tor,published,in_program,36,2026-10-07,both,7
Cold Start,3846372,https://app.dealroom.co/investors/cold_start,n/a (VC + incubation),,,,,https://coldstartventures.com/,NOT A COHORT PROGRAM: venture capital + incubation partner / founder-in-residence. No application calendar. Reclassification candidate (VC).,not_accelerator_vc,Y,,verified,"Lewes, DE / SF / NYC",n/a,,,,https://coldstartventures.com/,unknown,not_cohort_program,37,2026-10-07,both,171
StartOut Growth Lab,3846893,https://app.dealroom.co/investors/startout_growth_lab,StartOut Growth Lab (LGBTQ+ founders),Cohort 19,,,,https://startout.org/growth-lab/,'Cohort 18 is full — Cohort 19 opens soon' (waitlist). Cohort 18 apps closed 2026-06-26 (LinkedIn). Zero equity.,active_undated,Y,,,"San Francisco, CA, US (virtual)",~1–2x/yr,,,free; no equity,https://startout.org/growth-lab/ | https://www.linkedin.com/posts/startout_startout-startoutgrowthlab-lgbtqfounder-activity-7476236632325664768-C5Qf,published,upcoming_unpublished,38,2026-10-07,both,779
StartOut Growth Lab,3846893,https://app.dealroom.co/investors/startout_growth_lab,StartOut Growth Lab,Cohort 18,,2026-06-26,,https://startout.org/growth-lab/,Past/backfill (LinkedIn 'close tonight' post).,active_dated,Y,,,"San Francisco, CA, US",~1–2x/yr,,,free; no equity,https://www.linkedin.com/posts/startout_startout-startoutgrowthlab-lgbtqfounder-activity-7476236632325664768-C5Qf,published,in_program,38,2026-10-07,both,779
Maryland Industrial Partnerships,3007151,https://app.dealroom.co/investors/maryland_industrial_partnerships,MIPS R&D grant (university-industry matching),next proposal round,,2026-10-15,,https://mips.umd.edu,NOT AN ACCELERATOR COHORT: grant program with periodic proposal deadlines; awards within 60 days of the deadline. Maryland companies only. Reclassification candidate (grant program).,not_accelerator_other,Y,,verified,"Maryland, US",periodic proposal rounds,,,matching R&D grant (MIPS share),https://mips.umd.edu,published,open,39,2026-10-07,both,721
Rising Tide Fund,238117,https://app.dealroom.co/investors/rising_tide_fund,n/a (VC),,,,,https://rtf.vc/,NOT A COHORT PROGRAM: venture fund portfolio site; no program/application calendar. Site shows a spam link. Reclassification candidate (VC).,not_accelerator_vc,Y,,verified,"San Francisco, CA, US",n/a,,,,https://rtf.vc/,unknown,not_cohort_program,40,2026-10-07,both,63
Vanderbilt University Office,1216604,https://app.dealroom.co/investors/vanderbilt_university_office_of_investments,n/a (university endowment office),,,,,https://www.vanderbilt.edu/investments/,NOT AN ACCELERATOR: Vanderbilt endowment/investments office. 2 portfolio companies; last round Jun 2020. Reclassification candidate (LP / endowment).,not_accelerator_other,Y,,verified,"Nashville, TN, US",n/a,,,,https://www.vanderbilt.edu/investments/,unknown,not_cohort_program,41,2026-10-07,both,560
Silicon Catalyst,1222896,https://app.dealroom.co/investors/silicon_catalyst,Silicon Catalyst incubator (24-month),2026 cycle,,2026-07-06,,https://siliconcatalyst.com/application,"Closed. Semiconductor startups (chips, photonics, MEMS, sensors, quantum). Source: LinkedIn posts. Next cycle not published.",active_undated,Y,,,"Santa Clara, CA, US",~1–2 cycles/yr,,,in-kind services (not cash; not re-verified),https://www.linkedin.com/feed/update/urn:li:activity:7465100609172533249 | https://siliconcatalyst.com/application,published,closed,42,2026-10-07,both,408
ATDC,1371123,https://app.dealroom.co/investors/advanced_technology_development_center,ATDC Accelerate / Signature (Georgia Tech),rolling,,,,https://atdc.org/accelerate-program/,"Rolling admission, no fixed cohort deadline. Separate GT Startup Launch had a 2026-03-17 deadline.",active_rolling,Y,,,"Atlanta, GA, US",rolling,,,,https://atdc.org/accelerate-program/,published,rolling,43,2026-10-07,both,44
CITRIS Foundry,1243347,https://app.dealroom.co/investors/citris_foundry,n/a (folded into UC Academic Innovation Catalyst),,,,,https://citrisfoundry.org/,INACTIVE as a standalone program: Foundry activities are now part of the Academic Innovation Catalyst (AIC). Last DR round Jun 2025.,defunct,Y,,verified,"Berkeley, CA, US",n/a,,,,https://citrisfoundry.org/,unknown,inactive,44,2026-10-07,both,615
Reach,136642,https://app.dealroom.co/investors/reach_,NAR REACH US Residential,2026,2025-11-03,2026-02-10,,https://www.nar-reach.com/us-residential,Past (secondary: acceleratoratlas). US Commercial 2026 closed 2026-03-31.,active_dated,Y,,,"Chicago, IL / US",1x/yr per track,,,not captured,https://acceleratoratlas.com/accelerators/proptech_construction/nar-reach-us | https://www.nar-reach.com/us-residential,published,in_program,45,2026-10-07,both,110
Reach,136642,https://app.dealroom.co/investors/reach_,NAR REACH US Residential,2027,2026-11,2027-02,,https://www.nar-reach.com/us-residential,INFERRED from the 2026 window (Nov 3 → Feb 10). Not published yet.,active_dated,Y,,,"Chicago, IL / US",1x/yr,,,,https://www.nar-reach.com/us-residential,inferred-from-pattern,upcoming_unpublished,45,2026-10-07,both,110
FinTech Sandbox,115932,https://app.dealroom.co/investors/fintech_sandbox,FinTech Sandbox Data Access Residency,rolling,,,,https://www.fintechsandbox.org/,Free data access residency; rolling applications ('Apply Today'). No cohort calendar. Last DR round Jul 2023.,active_rolling,Y,,,"Boston, MA, US",rolling,,,free; no equity,https://www.fintechsandbox.org/,published,rolling,46,2026-10-07,both,533
Entrepreneurs Roundtable Accelerator,873367,https://app.dealroom.co/investors/entrepreneurs_roundtable_accelerator,ERA (NYC),Winter 2027,,2026-11-02,2027-01-11,https://www.eranyc.com/apply/,"Applications open now. 4-month program in NYC. Info events Oct 8–29 (luma). Program end ~May 2027 (start + 4 months, inferred).",active_dated,Y,,,"New York City, NY, US",2x/yr,2027-05,,$150K on a post-money SAFE for 6%,https://www.eranyc.com/apply/ | https://luma.com/fgq7ushy,published,open,47,2026-10-07,both,5
Future Labs,1313200,https://app.dealroom.co/investors/future_labs,Future Labs (NYU Tandon),,,,,http://futurelabs.nyc,LIKELY INACTIVE / unverified: futurelabs.nyc did not resolve on 2026-10-07. Last DR round Nov 2022.,likely_inactive,Y,,heuristic,"New York City, NY, US",unknown,,,,http://futurelabs.nyc,unknown,inactive,48,2026-10-07,both,86
Start Smart Labs,1212742,https://app.dealroom.co/investors/start_smart_labs,n/a,,,,,https://www.startsmartlabs.com/,"DEFUNCT: placeholder site (© 2015-2024, no content). Last DR round Jun 2018.",likely_inactive,Y,,heuristic,"Palo Alto, CA, US",n/a,,,,https://www.startsmartlabs.com/,unknown,inactive,49,2026-10-07,both,324
New York Digital Health Accelerator,208946,https://app.dealroom.co/investors/new_york_digital_health_accelerator,n/a,,,,,http://digitalhealthaccelerator.com,DEFUNCT: domain redirects to a third-party article describing NYDHA in the past tense. Last DR round Jan 2016.,likely_inactive,Y,,heuristic,"New York City, NY, US",n/a,,,,http://digitalhealthaccelerator.com,unknown,inactive,50,2026-10-07,both,355
VentureOut,27485,https://app.dealroom.co/investors/ventureout_2,VentureOut market-access programs,,,,,https://ventureoutny.com/,Corporate/government-sponsored NYC market-access programs; no public cohort calendar. Last DR round Jul 2023. Unknown.,active_undated,Y,,,"New York City, NY, US",unknown,,,,https://ventureoutny.com/,unknown,no_public_dates,51,2026-10-07,both,708
Founder Institute,879400,https://app.dealroom.co/investors/founder_institute,FI Agentic Program: Silicon Valley,Fall 2026,,2026-10-06,2026-10-21,https://fi.co/program/Silicon%20Valley,"Closed (early deadline Sep 15, final Oct 6). Demo Day Jan 21, 2027. FI runs 100+ chapters worldwide (Boston, NYC, LA, SF, Philadelphia, DC… all 'Fall 2026'); only SV and Austin were captured. fi.co/join shows a generic online cohort: deadline Nov 10, program Nov 17, 2026–Feb 24, 2027, $999 entrance fee.",active_dated,Y,,,"Silicon Valley, CA, US","multiple chapters, ~2–3x/yr",2027-01-21,2027-01-21,$999 entrance fee; equity collective,https://fi.co/program/Silicon%20Valley | https://fi.co/program | https://fi.co/join,published,in_program,52,2026-10-07,both,136
Founder Institute,879400,https://app.dealroom.co/investors/founder_institute,FI Agentic Program: online (fi.co/join),next cohort,,2026-11-10,2026-11-17,https://fi.co/join,"Generic upcoming cohort on the join page (onboarding Nov 10, kickoff Nov 17, 2026).",active_dated,Y,,,Online / chapters,multiple per year,2027-02-24,,$999 entrance fee,https://fi.co/join,published,open,52,2026-10-07,both,136
Founder Institute Texas,4242356,https://app.dealroom.co/investors/founder_institute_texas,FI Agentic Program: Austin,Fall 2026,,2026-11-03,2026-11-17,https://fi.co/program/Austin,"Early deadline Oct 6; final deadline Nov 3; join the Equity Collective by Nov 11. In-person. Demo Day Feb 10, 2027.",active_dated,Y,,,"Austin, TX, US",~2x/yr,2027-02-10,2027-02-10,FI fee + equity collective,https://fi.co/program/Austin,published,open,53,2026-10-07,investors_types,
Xontogeny,1408076,https://app.dealroom.co/investors/xontogeny,Xontogeny life-sciences accelerator,rolling,,,,https://xontogeny.com/,Collaborates with founders case by case (Perceptive Advisors-backed). No cohort calendar. Possible reclassification (venture creation / investor).,active_rolling,Y,,,"Boston, MA, US",rolling,,,not published,https://xontogeny.com/,unknown,rolling,54,2026-10-07,both,138
VC FinTech Accelerator,911269,https://app.dealroom.co/investors/vc_fintech_accelerator,n/a (Venture Center FIS FinTech accelerator),,,,,http://www.vcfintech.co/,LIKELY INACTIVE: vcfintech.co redirects to a 404 on venturecenter.co. Last DR round May 2018. The Venture Center still runs other accelerator programs.,likely_inactive,Y,,heuristic,"Little Rock, AR, US",n/a,,,,https://www.venturecenter.co/,unknown,inactive,55,2026-10-07,both,157
Idealab,1464998,https://app.dealroom.co/investors/idealab_1,n/a (venture studio / incubator),,,,,https://idealab.com/,NOT A COHORT PROGRAM: studio that creates its own companies (145+ since 1996). No application calendar. Reclassification candidate (venture studio).,not_accelerator_studio,Y,,verified,"Pasadena, CA, US",n/a,,,,https://idealab.com/,unknown,not_cohort_program,56,2026-10-07,both,22
AlphaLab,142007,https://app.dealroom.co/investors/alphalab,AlphaLab (Innovation Works),2027,,2026-07-17,2027,https://www.alphalab.org/apply/,Closed (11:59 PM ET); the 2027 cohort is being selected. Program start not captured.,active_undated,Y,,,"Pittsburgh, PA, US",1x/yr,,,not captured,https://www.innovationworks.org/event/alphalab-2027-application-deadline/ | https://www.innovationworks.org/about/news/alphalab-opens-application-window-for-2027-cohort/,published,closed,57,2026-10-07,both,17
HF0,4546534,https://app.dealroom.co/investors/hf0,HF0 Residency (repeat founders),Fall 2026,,,2026-09-13,https://www.hf0.com/,In program. Demo Day Dec 4 (2026). Homepage also lists 'Batch Starts: January 4' plus 'Demo Day: Dec 1' (pairing ambiguous).,active_dated,Y,,,"San Francisco, CA, US","~3x/yr, rolling apps",,2026-12-04,$1M (third-party; not re-verified),https://www.hf0.com/ | https://www.thestartupopportunity.com/opportunities/hf0-residency-fall-batch,published,in_program,58,2026-10-07,both,51
HF0,4546534,https://app.dealroom.co/investors/hf0,HF0 Residency,Winter 2027,,,2027-01-04,https://www.hf0.com/,"Next batch starts Jan 4, 2027; rolling applications (no deadline published).",active_dated,Y,,,"San Francisco, CA, US","~3x/yr, rolling apps",,,,https://www.hf0.com/,published,upcoming_start,58,2026-10-07,both,51
FinTech Innovation Lab,943019,https://app.dealroom.co/investors/fintech_innovation_lab,FinTech Innovation Lab New York (Accenture + Partnership Fund for NYC),2027,,2026-11-25,2027-03,https://www.fintechinnovationlab.com/apply/new-york/,"Applications open now. Info sessions Nov 3 (in person) and Nov 12 (virtual). Applicants notified mid-Jan; Shark Tank Day Feb 2, Finalist Demo Fair Feb 4; cohort announced late Feb 2027. 12-week program; start month INFERRED (after the late-Feb announcement).",active_dated,Y,,,"New York City, NY, US",1x/yr,,,No equity (not re-verified),https://www.fintechinnovationlab.com/news/new-york/fintech-innovation-lab-new-york-now-accepting-applicants-for-2027-class/ | https://www.fintechinnovationlab.com/apply/new-york/,published,open,59,2026-10-07,both,175
AI Grant,3098766,https://app.dealroom.co/investors/ai_grant_,AI Grant accelerator (aigrant.com),Batch 5 (not announced),,,,http://aigrant.com/,"'Applications for Batch 4 are closed'; no Batch 5 window announced. DR site aigrant.org is now the open-source grant arm ($5–50K, rolling).",active_undated,Y,,,"San Francisco, CA, US",~1x/yr,,,not captured,http://aigrant.com/ | https://aigrant.org/,unknown,no_public_dates,60,2026-10-07,both,105
Parcel B,1394109,https://app.dealroom.co/investors/parcel_b,n/a (Olin alumni fund),,,,,https://parcelb.vc/,NOT A COHORT PROGRAM: fund backing Olin College founders. Reclassification candidate (VC).,not_accelerator_vc,Y,,verified,"San Francisco / Needham, US",n/a,,,,https://parcelb.vc/,unknown,not_cohort_program,61,2026-10-07,both,338
INSPYRE Innovation Hub,223774,https://app.dealroom.co/investors/inspyre_innovation_hub,INSPYRE Innovation Hub (Syracuse),,,,,https://inspyrehub.com/,Incubator/mentor hub linked to GENIUS NY. No cohort calendar on the site. Last DR round May 2023.,active_undated,Y,,,"Syracuse, NY, US",unknown,,,,https://inspyrehub.com/,unknown,no_public_dates,62,2026-10-07,both,132
McLaren Strategic Ventures,3846600,https://app.dealroom.co/investors/mclaren_strategic_ventures,n/a,,,,,https://mclarenss.com,DEAD/NOT A PROGRAM: site unreachable 2026-10-07. 1 portfolio company; last round May 2022. Reclassification candidate (corporate/strategic investor).,likely_inactive,Y,,heuristic,"Los Angeles, CA, US",n/a,,,,https://mclarenss.com,unknown,inactive,63,2026-10-07,both,771
Builders Vision,3804334,https://app.dealroom.co/investors/builders_vision,n/a (impact investment platform),,,,,https://www.buildersvision.com/,"NOT AN ACCELERATOR: Walton-family impact investing platform (food/ag, energy, oceans). Reclassification candidate (VC / impact investor).",not_accelerator_vc,Y,,verified,"Chicago, IL, US",n/a,,,,https://www.buildersvision.com/,unknown,not_cohort_program,64,2026-10-07,both,135
Starburst Accelerator,245697,https://app.dealroom.co/investors/starburst_accelerator,Starburst Accelerator (FR/EU aerospace & defence),2026 (cohort 1),,2026-03-30,,https://starburst.aero/,"Closed; first cohort of 10 French startups had its Demo Day at Eurosatory (June 2026). Free, no equity. Also ASTRA (Starburst × IAI, Israel) Cohort 8: deadline 2026-02-01. US office (El Segundo) runs no public US cohort.",active_undated,Y,,,"Paris, FR (US office El Segundo)",1x/yr,,2026-06 (Eurosatory),free; no equity,https://starburst.aero/news/introducing-the-starburst-accelerator-programme-your-fastest-path-into-the-fr-eu-aerospace-and-defence-market/ | https://starburst.aero/news/apply-to-astra-cohort-8/,published,closed,65,2026-10-07,both,300
KidsX,3301802,https://app.dealroom.co/investors/kidsx,KidsX Accelerator (pediatric digital health),next (2025 page latest),,,,https://kidsx.health/kidsx-accelerator-2025/,No 2026 accelerator deadline published; join the startup catalog for updates. The separate KidsX × SPS Patient Safety Innovation Challenge closed 2026-03-05 (extended from Mar 1).,active_undated,Y,,,"Los Angeles, CA, US (virtual)",~1x/yr (themed),,,,https://kidsx.health/kidsx-accelerator-2025/ | https://kidsx.health/sps/,unknown,no_public_dates,66,2026-10-07,both,740
Grand Central Tech,88669,https://app.dealroom.co/investors/grand_central_tech,n/a,,,,,https://grandcentraltech.com,DEFUNCT: site unreachable 2026-10-07. Last DR round Dec 2021 (program historically renamed Company Ventures).,likely_inactive,Y,,heuristic,"New York City, NY, US",n/a,,,,https://grandcentraltech.com,unknown,inactive,67,2026-10-07,both,156
X PRIZE Foundation,154344,https://app.dealroom.co/investors/x_prize_foundation,XPRIZE competitions,per prize,,,,https://www.xprize.org/,"NOT AN ACCELERATOR: prize competitions with their own timelines (e.g., Future Vision and Build with Gemini XPRIZE awarded 2026-09-26). Reclassification candidate (nonprofit / prize).",not_accelerator_other,Y,,verified,"Culver City, CA, US",per competition,,,prize purses,https://www.xprize.org/,unknown,not_cohort_program,68,2026-10-07,both,648
Highway1,122500,https://app.dealroom.co/investors/highway1,Highway1 (PCH hardware accelerator),,,,,https://highway1.io/,LIKELY INACTIVE: static PCH page with no cohort dates. Last DR round Nov 2017.,likely_inactive,Y,,heuristic,"San Francisco, CA, US",n/a,,,,https://highway1.io/,unknown,inactive,69,2026-10-07,both,34
100+ Accelerator,2027833,https://app.dealroom.co/investors/100_accelerator,AB InBev 100+ Accelerator,Cohort 8,,,,https://www.100accelerator.com/,'Applications Are Now Closed' for Cohort 8 (review underway). Cohort 7 kicked off 2026. Exact close date not captured.,active_undated,Y,,,Global (AB InBev; US entity Town of Babylon),1x/yr,,,pilot funding (not re-verified),https://www.100accelerator.com/,unknown,closed,70,2026-10-07,both,462
Bullish,960705,https://app.dealroom.co/investors/bullish,n/a (marketing operating partner / investor),,,,,https://www.bullish.co/,NOT A COHORT PROGRAM: capital + consulting + creative firm. Reclassification candidate (VC / operating partner).,not_accelerator_vc,Y,,verified,"New York City, NY, US",n/a,,,,https://www.bullish.co/,unknown,not_cohort_program,71,2026-10-07,both,38
43North,911157,https://app.dealroom.co/investors/43north,43North competition + accelerator (Buffalo),2026 (final competition),,2026-06-12,,https://43north.org/,WINDING DOWN: 2026 was the final competition; 'The final Finals' are at Shea's on 2026-10-08 (8 founders compete for five $1M investments). The accelerator concludes by end of 2027. No 2027 call.,winding_down,Y,,verified,"Buffalo, NY, US",1x/yr (ending),2027-12,2026-10-08 (final Finals),$1M investments (x5),https://43north.org/ | https://launchny.org/resource/43-north-2026-accelerator/,published,in_program,72,2026-10-07,both,31
The Yield Lab,131271,https://app.dealroom.co/investors/the_yield_lab,The Yield Lab (US / LatAm / Europe / APAC),,,,,https://theyieldlab.com/,Agrifood investor operating through 4 regional entities. No cohort calendar on the site. Possible reclassification (VC).,not_accelerator_vc,Y,,verified,"St. Louis, MO, US + regions",unknown,,,,https://theyieldlab.com/,unknown,no_public_dates,73,2026-10-07,both,60
Launchpad LA,31224,https://app.dealroom.co/investors/launchpad_la,Launchpad LA,,,,,https://launchpad.la/,LIKELY INACTIVE: static site ('apply to join our next class') with no dates. Last DR round Mar 2016.,likely_inactive,Y,,heuristic,"Santa Monica, CA, US",n/a,,,$25K–$100K (historic),https://launchpad.la/,unknown,inactive,74,2026-10-07,both,78
Startup Next,248733,https://app.dealroom.co/investors/startup_next,n/a,,,,,http://startupnext.co,DEFUNCT: site unreachable. Last DR round May 2015.,likely_inactive,Y,,heuristic,"Seattle, WA, US",n/a,,,,http://startupnext.co,unknown,inactive,75,2026-10-07,both,705
Penn Venture Initiation Program,124936,https://app.dealroom.co/investors/penn_venture_initiation_program,Penn VIP Incubator (Tangen Hall),2026–27,,2027-06-15,2026-08-24,https://venturelab.upenn.edu/venture-initiation-program,"Penn-affiliated founders. Page lists 'VIP Incubator August 24, 2026'; the smapply portal lists 2026–27 VIP Incubator applications through 2027-06-15 (secondary). VIP-X accelerator for alumni is separate (dates not captured).",active_dated,Y,,,"Philadelphia, PA, US","1x/yr, rolling within year",,,,https://venturelab.upenn.edu/venture-initiation-program | https://venturelab.smapply.io/prog/2026-2027_vip_incubator/,published,open,76,2026-10-07,both,435
Healthbox,32622,https://app.dealroom.co/investors/healthbox,n/a (former healthcare accelerator),,,,,http://www.healthbox.com/,INACTIVE: pivoted from accelerator to innovation consulting and fund management; acquired by HIMSS in Mar 2018. Site unreachable. Last DR round May 2019.,defunct,Y,,verified,"Chicago, IL, US",n/a,,,,https://www.healthcareitnews.com/news/himss-acquires-healthbox-get-innovation-consulting-game,unknown,inactive,77,2026-10-07,both,24
R/GA Accelerator,922469,https://app.dealroom.co/investors/r_ga_accelerator,n/a (R/GA Ventures accelerator),,,,,http://rgaaccelerator.com,INACTIVE: site unreachable; R/GA Ventures' accelerator is no longer running (secondary source). Last DR round May 2022.,defunct,Y,,verified,"New York City, NY, US",n/a,,,,https://parsers.vc/fund/ventures.rga.com/,unknown,inactive,78,2026-10-07,both,66
SVG Ventures,1743670,https://app.dealroom.co/investors/svg_ventures,SVG Ventures | THRIVE (see rank 89),,,,,https://thriveagrifood.com,"Parent of THRIVE (separate DR entity thrive_agrifood, rank 89). Calendar tracked on the THRIVE rows. Possible duplicate entity.",duplicate,Y,,verified,"Los Gatos, CA, US",see THRIVE,,,,https://thriveagrifood.com,unknown,no_public_dates,79,2026-10-07,both,183
Sente Foundry,1229972,https://app.dealroom.co/investors/sente_foundry_,n/a (now Sente VC),,,,,https://www.sente.vc/,"NOT A COHORT PROGRAM: sente.link redirects to sente.vc, an early-stage investor. Reclassification candidate (VC).",not_accelerator_vc,Y,,verified,"Chicago, IL, US",n/a,,,,https://www.sente.vc/,unknown,not_cohort_program,80,2026-10-07,both,123
The Global Good Fund,1240331,https://app.dealroom.co/investors/the_global_good_fund,Global Good Fund Fellowship (social entrepreneurs),,,,,https://globalgoodfund.org/,12-month leadership fellowship. Site footer is from 2022 and shows no current call. Last DR round Aug 2020. Not a VC-style accelerator.,active_undated,Y,,,"Glenwood, MD, US",1x/yr (historic),,,,https://globalgoodfund.org/,unknown,no_public_dates,81,2026-10-07,both,428
RGAx,919142,https://app.dealroom.co/investors/rgax,n/a (RGA corporate venture / innovation arm),,,,,http://rgax.com,NOT A COHORT PROGRAM: Reinsurance Group of America's innovation and venture arm. Site unreachable. Last DR round Feb 2023. Reclassification candidate (CVC).,not_accelerator_vc,Y,,verified,"Chesterfield, MO, US",n/a,,,,http://rgax.com,unknown,not_cohort_program,82,2026-10-07,both,173
IDEA: Northeastern University's Venture Accelerator,4649008,https://app.dealroom.co/investors/idea_northeastern_university_s_venture_accelerator,IDEA (student/alumni venture accelerator),rolling,,,,https://www.ideaneu.com/,"Student-run, rolling stage-gated program. No public calendar. Last DR round May 2016.",active_rolling,Y,,,"Boston, MA, US",rolling (academic),,,gap funding grants,https://www.ideaneu.com/,unknown,rolling,83,2026-10-07,both,508
GENIUS NY,1223594,https://app.dealroom.co/investors/genius_ny,GENIUS NY (uncrewed systems / Syracuse),Cohort 10,,2026-05-31,,https://geniusny.com/applynow/,"Closed 2026-05-31, 11:59 PM ET (extended from May 17). Yearlong accelerator; Cohort 9 graduated 2026-08-24. Cohort 10 start date not captured. Cohort 11 call likely spring 2027 (INFERRED from the C10 pattern; not published).",active_dated,Y,,,"Syracuse, NY, US",1x/yr,,,up to $1M+ awards,https://geniusny.com/applynow/ | https://geniusny.com/ | https://www.linkedin.com/posts/centerstate-corporation-for-economic-opportunity_applications-for-genius-ny-cohort-10-have-activity-7461125429383503872-S5m1,published,in_program,84,2026-10-07,both,144
Newlab,928591,https://app.dealroom.co/investors/new_lab,Newlab Founder Fellowship / open calls,Founder Fellowship 2027 (not announced),,,,https://www.newlab.com/founder-fellowship-nyc,"2026 Founder Fellowship: deadline extended to 2026-01-07; ran Mar–Jun 2026. Shipbuilding automation open call: Aug 12–28, 2026 (closed). No 2027 call yet; a similar Nov–Jan window is plausible (INFERRED from 2026, not published).",active_undated,Y,,,"Brooklyn, NY, US",1x/yr + ad-hoc open calls,,,,https://www.newlab.com/post/founders-fellowship-2026-launch | https://www.newlab.com/post/open-call-advancing-labor-automation-augmentation-in-shipbuilding,unknown,upcoming_unpublished,85,2026-10-07,both,121
URBAN-X,1421448,https://app.dealroom.co/investors/urban_x,n/a (MINI URBAN-X),,,,,https://urban-x.com,DEFUNCT: announced closure at end of 2025; last was Cohort 15 (Sep 2024). Site unreachable.,defunct,Y,,verified,"New York City, NY, US",n/a,,,,https://cities-today.com/start-up-accelerator-urban-x-to-close/ | https://www.govtech.com/biz/a-tale-of-two-accelerators-one-closes-one-opens-new-push,published,inactive,86,2026-10-07,both,39
Halliburton Labs,2637644,https://app.dealroom.co/investors/halliburton_labs,Halliburton Labs (energy / climate),2026 Pitch Day cohort,,2026-07-06,,https://halliburtonlabs.com/apply/,Pitch Day cohort applications closed 2026-07-06; Pitch Day held Sep 2026 (Houston Energy & Climate Startup Week). Otherwise accepts applications year-round; selects 2–3x/yr (secondary).,active_rolling,Y,,,"Houston, TX, US","2–3x/yr, rolling apps",,2026-09,no equity (not re-verified),https://halliburtonlabs.com/apply/ | https://halliburtonlabs.com/faqs/ | https://www.linkedin.com/posts/halliburton-labs_final-call-for-innovators-applications-to-activity-7475583409356972033-pIK2,published,rolling,87,2026-10-07,both,231
Sandbox,17652,https://app.dealroom.co/investors/sandbox,"n/a (Sandbox Network, CH)",,,,,http://sandbox.is,"NOT A COHORT ACCELERATOR, NON-US: Zug-based young-entrepreneur community/network. Last DR round Mar 2024. Likely miscoded as a US accelerator.",not_accelerator_other,N,,verified,"Zug, CH",n/a,,,,http://sandbox.is,unknown,not_cohort_program,88,2026-10-07,both,455
SVG Ventures | THRIVE,5030626,https://app.dealroom.co/investors/thrive_agrifood,THRIVE Global Impact Challenge,2026,,2026-05-15,,https://thriveagrifood.com/thrive-global-impact-challenge-2026/,"Closed; program runs to the THRIVE summit on 2026-10-15. THRIVE Canada Cohort V closed 2026-05-06 (secondary). THRIVE X accelerator last deadline Nov 10, 2024. No 2027 dates. Site returned 202/empty to curl (secondary sources).",active_dated,Y,,,"Los Gatos, CA, US + Canada",1x/yr,2026-10-15,2026-10-15 (summit),,https://thriveagrifood.com/thrive-global-impact-challenge-2026/ | https://innovationbridge.info/ibportal/content/thrive-global-impact-challenge-2026,published,in_program,89,2026-10-07,both,511
Pioneer Square Labs,1357731,https://app.dealroom.co/investors/pioneer_square_labs,n/a (venture studio + PSL Ventures),,,,,https://www.psl.com/,NOT A COHORT PROGRAM: venture studio that co-founds companies; seed fund. Reclassification candidate (venture studio / VC).,not_accelerator_studio,Y,,verified,"Seattle, WA, US",n/a,,,,https://www.psl.com/,unknown,not_cohort_program,90,2026-10-07,both,75
Telluride Venture Network,106066,https://app.dealroom.co/investors/telluride_venture_network,TVN Strategy & Growth Bootcamp,2026,,2026-01-23,,https://tellurideventurenetwork.com/strategy-and-growth/,2026 bootcamp applications rolling through 2026-01-23 (closed). TVN now runs quarterly 10-day bootcamps rather than an annual accelerator cohort; no 2027 dates.,active_undated,Y,,,"Telluride, CO, US",quarterly bootcamps,,,,https://tellurideventurenetwork.com/strategy-and-growth/ | https://tellurideventurenetwork.com/services/acceleration-bootcamps/,published,closed,91,2026-10-07,both,81
MIT Solve,1842387,https://app.dealroom.co/investors/mit_solve,"MIT Solve 2027 Global Challenges (Climate, Learning, Economic Prosperity, Health…)",2027 Solver class,2026-09-22,2026-11-02,,https://solve.mit.edu/challenges/2027-global-climate-challenge,"Accepting solutions. Deadline Nov 2, 2026, 12:00pm EST. Application clinic Oct 14. Solver class is selected at the Solve Challenge Finals (historically May/June; start date not published). Grant funding; no equity.",active_dated,Y,,,"Cambridge, MA, US (global)",1x/yr,,,grant funding (no equity),https://solve.mit.edu/challenges/2027-global-climate-challenge | https://solve.mit.edu/challenges/2027-global-learning-challenge,published,open,92,2026-10-07,both,458
Luminate Accelerator,1838281,https://app.dealroom.co/investors/luminate_accelerator,Luminate NY (optics/photonics/imaging),Round 10 (2027),2026-10-05,2027-01-11,2027,https://luminate.org,"DUPLICATE of the wave-1 Nextcorps row (rank 18, same program). Kept for entity coverage; excluded from app_deadlines.json via dedupe. Possible DR entity merge (Luminate Accelerator ↔ Nextcorps).",duplicate,Y,,verified,"Rochester, NY, US",1x/yr,,,Upfront + share of $2M follow-on,https://www.greaterrochesterchamber.com/2026/10/05/governor-hochul-announces-round-nine-winners-of-luminate-ny-startup-accelerator-and,published,open,93,2026-10-07,both,55
For ClimateTech,3560432,https://app.dealroom.co/investors/for_climatetech,Venture For ClimateTech,Cohort 7 (not announced),,,,https://forclimatetech.org/venture-for-climatetech/,"Cohort 6 closed 2026-02-27, 5:00 PM ET (extended). No Cohort 7 dates yet. An early-2027 deadline is likely (INFERRED from C6, not published).",active_undated,Y,,,"Rochester, NY, US (hybrid)",1x/yr,,,,https://forclimatetech.org/newsletter-february-2026/ | https://forclimatetech.org/venture-for-climatetech/,unknown,upcoming_unpublished,94,2026-10-07,both,491
Optical Capital Group,1230304,https://app.dealroom.co/investors/optical_capital_group,n/a,,,,,http://opticalcapitalgroup.com,NOT A COHORT PROGRAM / DORMANT: site returns 403; last DR round Aug 2006. Reclassification candidate (VC) or archive.,likely_inactive,Y,,heuristic,"Columbia, US",n/a,,,,http://opticalcapitalgroup.com,unknown,inactive,95,2026-10-07,both,145
PharmStars,3047389,https://app.dealroom.co/investors/pharmstars,PharmStars accelerator (pharma × digital health),Fall 2026: Digital Innovations in Immunology,,2026-07-12,2026-09,https://www.pharmstars.com/,Closed (11:59 PM ET). Fall cohort; start month INFERRED (fall). Runs ~2 themed cohorts/yr; the next (Spring 2027) theme is not announced; newsletter signup for openings.,active_dated,Y,,,"Boston, MA, US (virtual)",2x/yr,,,program fee; no equity (not re-verified),https://www.pharmstars.com/ | https://www.pharmstars.com/accelerator-terms,published,in_program,96,2026-10-07,both,727
Steel Perlot,4121939,https://app.dealroom.co/investors/steel_perlot,n/a (holding / investment company),,,,,https://steelperlot.com,NOT A COHORT PROGRAM: Michelle Ritter's tech holding/investment company. Site unreachable. Reclassification candidate (VC/holding).,not_accelerator_vc,Y,,verified,"New York City, NY, US",n/a,,,,https://steelperlot.com,unknown,not_cohort_program,97,2026-10-07,both,209
Aurelia Ventures,3116987,https://app.dealroom.co/investors/aurelia_ventures,Aurelia accelerator (rolling cohorts),rolling (every ~2 months),,,,https://aureliaventures.com/,5 startups per cohort; seats allocated on a rolling basis; full cohorts defer to the next one about 2 months later.,active_rolling,Y,,,"San Francisco, CA, US (remote)","~6x/yr, rolling",,,not captured,https://aureliaventures.com/,published,rolling,98,2026-10-07,both,262
Madrona Venture Labs,161040,https://app.dealroom.co/investors/madrona_venture_labs,n/a (venture studio),,,,,https://www.madrona.com/,"NOT A COHORT PROGRAM: Madrona's venture studio (madronavl.com now redirects to madrona.com). Founders-in-residence, rolling. Reclassification candidate (venture studio).",not_accelerator_studio,Y,,verified,"Seattle, WA, US",rolling,,,,https://www.madrona.com/,unknown,not_cohort_program,99,2026-10-07,both,182
Morgan Stanley Inclusive Ventures Lab,5584450,https://app.dealroom.co/investors/morgan_stanley_inclusive_ventures_lab,Morgan Stanley Inclusive & Sustainable Ventures accelerator,2026 cohort,,2026-03-31,2026-09,https://www.morganstanley.com/about-us/inclusive-sustainable-ventures,"Closed 2026-03-31. 2026 global cohort (24) announced 2026-09-14; 5-month program; Showcase/Demo Day Feb 2027 (exact date not published). Next cohort call has historically opened around Demo Day (INFERRED, ~Feb 2027).",active_dated,Y,,,"New York City, NY, US (global)",1x/yr,2027-02,2027-02,equity investment (not re-verified),https://www.morganstanley.com/about-us/inclusive-sustainable-ventures | https://www.financialcontent.com/article/bizwire-2026-9-14-morgan-stanley-inclusive-and-sustainable-ventures-announces-2026-global-cohort-of-innovators,published,in_program,100,2026-10-07,both,314
BioMotiv,240456,https://app.dealroom.co/investors/biomotiv,n/a,,,,,http://biomotiv.com/,NOT A COHORT PROGRAM: drug-development company / venture builder (BioMotiv); site 403. Reclassification candidate. Last DR round Apr/2023; portfolio 11.,not_accelerator_other,Y,,verified,"Cleveland, US",n/a,,,,http://biomotiv.com/,unknown,not_cohort_program,101,2026-10-07,both,258
Emerge Accelerator,3016853,https://app.dealroom.co/investors/emerge_accelerator,n/a,,,,,,"LIKELY INACTIVE: Paris-based; site ©2021, no current program; last DR round Mar 2022",likely_inactive,N,,heuristic,"Paris, France",n/a,,,,https://www.emergeaccelerator.com/,unknown,inactive,102,2026-10-07,both,723
Lofty Ventures,2076016,https://app.dealroom.co/investors/lofty_ventures,n/a,,,,,,LIKELY INACTIVE: site unreachable; last DR round Nov 2023,likely_inactive,Y,,heuristic,"Chicago, US",n/a,,,,http://loftyventures.com/,unknown,inactive,103,2026-10-07,both,93
DFS Lab,2492829,https://app.dealroom.co/investors/dfs_lab,DFS Lab,,,,,https://www.dfs.vc/lab.html,DFS Lab page is now research/writing (Africa digital-finance); no cohort calendar. Possible VC reclassification (dfs.vc). Last DR round May/2026; portfolio 38.,active_undated,Y,,,"Seattle, US",unknown,,,,https://www.dfs.vc/lab.html,unknown,no_public_dates,104,2026-10-07,both,357
Expert Dojo,1278847,https://app.dealroom.co/investors/expert_dojo,DOJO Accelerator,2026 cycle (rolling),,,,https://expertdojo.com/accelerator/,"'Cohort admissions open // 2026 cycle', 24-hour review; 12–16-week program in Santa Monica / Silicon Valley. No dates.",active_rolling,Y,,,"Santa Monica, US",rolling,,,,https://expertdojo.com/accelerator/,unknown,rolling,105,2026-10-07,both,12
Ocean Solutions Accelerator,1221303,https://app.dealroom.co/investors/ocean_solutions_accelerator,SOA Ecopreneur Network,,,,,https://www.soalliance.org/ecopreneur-network,The Ocean Solutions Accelerator was retired in 2023 and replaced by the SOA Ecopreneur Network (rolling membership + investment).,active_rolling,Y,,,"San Francisco, US",rolling,,,,https://techcrunch.com/2023/07/11/sustainable-ocean-alliance-converts-its-accelerator-into-a-broader-ecopreneur-network/ | https://www.soalliance.org/ecopreneur-network,unknown,rolling,106,2026-10-07,both,90
Global Insurance Accelerator,232772,https://app.dealroom.co/investors/global_insurance_accelerator,GIA 100-Day Program,2027,2026-08-11,2026-10-02,2027-01-06,https://www.globalinsuranceaccelerator.com/program,"Closed (GIA post: Fri Oct 2, 2026; Spark XYZ portal/third party says Oct 6). Selection through Nov 18. Phases: in person Des Moines Jan 6–22, virtual to Mar 26, in person Mar 29–Apr 16, 2027.",active_dated,Y,,,"Des Moines, US",1x/yr,2027-04-16,,$50K for 5% (post-money SAFE),https://www.linkedin.com/posts/global-insurance-accelerator_insurtech-insurance-startupaccelerator-activity-7508125863629066240-u4uV | https://www.sparkxyz.io/applications/1843 | https://acceleratoratlas.com/accelerators/fintech_insurtech/global-insurance-accelerator,published,closed,107,2026-10-07,both,46
GrowthX,239227,https://app.dealroom.co/investors/growthx,GrowthX B2B sales accelerator,Feb 2027 cohort,,2027-02-05,2027-02-15,https://growthx.com/,"Rolling selection; closes Feb 5, 2027 or earlier if full.",active_dated,Y,,,"San Francisco, US",rolling cohorts,,,,https://growthx.com/,published,open,108,2026-10-07,both,151
On Deck,1845997,https://app.dealroom.co/investors/on_deck,"ODF Founder Fellowship (solo founders, SF)",next cohort,,2027-02,,https://joinodf.com/,On Deck rebranded as ODF. 'Apply by Feb. 2027'; applications reviewed on a rolling basis. Three-month program in SF.,active_dated,Y,,,"San Francisco, US",rolling,,,$100K investment,https://joinodf.com/,published,open,109,2026-10-07,both,43
AZ Disruptors,1210730,https://app.dealroom.co/investors/az_disruptors,AZ Disruptors,,,,,https://azdisruptors.com/,Quick pass: live or redirecting site with no cohort/application dates found. Last DR round Feb/2021; portfolio 20.,active_undated,Y,,,"Scottsdale, US",unknown,,,,https://azdisruptors.com/,unknown,no_public_dates,110,2026-10-07,both,394
GBIC,1241327,https://app.dealroom.co/investors/gbic,n/a,,,,,,LIKELY INACTIVE: site unreachable; last DR round Apr 2024,likely_inactive,Y,,heuristic,"New York City, US",n/a,,,,http://gbic.io/,unknown,inactive,111,2026-10-07,both,335
Leap Venture Studio,952626,https://app.dealroom.co/investors/leap_venture_studio,Leap Venture Studio (pet care; Mars Petcare + TAW + Michelson),Cohort 11,2026-09-16,2026-10-18,2027-03-30,https://www.leapventurestudio.com/,"Closes Oct 18, 2026, 11:59 PM PT. Cohort 11 starts Mar 30, 2027 (2 weeks in person + 10 weeks online; virtual Demo Day). Focus: feline, senior pets, dental, allergy.",active_dated,Y,,,"Los Angeles, US",1x/yr,,,,https://www.leapventurestudio.com/ | https://150sec.com/pet-health-startups-have-until-october-18-to-apply-for-leap-venture-studios-cohort-11/ | https://www.linkedin.com/posts/leapventurestudio_petcare-pethealth-startupaccelerator-activity-7506333777451737088-pCQ8,published,open,112,2026-10-07,both,98
IncuVest,1239074,https://app.dealroom.co/investors/incuvest_1,n/a,,,,,,LIKELY INACTIVE: site returns empty page; last DR round Jun 2019,likely_inactive,Y,,heuristic,"New York City, US",n/a,,,,http://incuvest.com/,unknown,inactive,113,2026-10-07,both,606
Xsolla,103864,https://app.dealroom.co/investors/xsolla,n/a,,,,,https://xsolla.com/,"NOT A COHORT PROGRAM: Xsolla is a games-commerce company (corporate program, not a standing cohort accelerator). Reclassification candidate. Last DR round Mar/2026; portfolio 14.",not_accelerator_other,Y,,verified,"Los Angeles, US",n/a,,,,https://xsolla.com/,unknown,not_cohort_program,114,2026-10-07,both,530
SeaAhead,2027320,https://app.dealroom.co/investors/seaahead_s_blue_angels,SeaAhead,,,,,https://www.sea-ahead.com/,"SeaAhead (bluetech): investor syndicate + new SeaAhead Ventures Launch Fund (Sep 30, 2026). No cohort calendar. Last DR round Apr/2025; portfolio 51.",active_undated,Y,,,"Boston, US",unknown,,,,https://www.sea-ahead.com/,unknown,no_public_dates,115,2026-10-07,both,164
ICONYC Labs,236924,https://app.dealroom.co/investors/iconyc_labs,n/a,,,,,,LIKELY INACTIVE: site returns 202/empty; last DR round Oct 2022,likely_inactive,Y,,heuristic,"New York City, US",n/a,,,,http://iconyclabs.com/,unknown,inactive,116,2026-10-07,both,114
Tachyon,3076594,https://app.dealroom.co/investors/tachyon_3,Tachyon,,,,,https://tachyon.xyz/,"Tachyon (crypto): $250K, immediate program start from admission date; rolling.",active_rolling,Y,,,"New York City, US",rolling,,,$250K,https://tachyon.xyz/,unknown,rolling,117,2026-10-07,both,261
StartupNV,2873366,https://app.dealroom.co/investors/startupnv,StartupNV,,,,,https://startupnv.org/,AccelerateNV cohort (~10 companies) via pitch invitations; no published intake dates. Last DR round Oct/2024; portfolio 5.,active_undated,Y,,,"Reno, US",unknown,,,,https://startupnv.org/startups/startups-acceleratenv/,unknown,no_public_dates,118,2026-10-07,both,189
Tabularasa Ventures,3846700,https://app.dealroom.co/investors/tabularasa_ventures,Tabularasa Ventures,,,,,https://www.tabularasa.ventures/,Quick pass: live or redirecting site with no cohort/application dates found. Last DR round Dec/2022; portfolio 9.,active_undated,Y,,,"New York City, US",unknown,,,,https://www.tabularasa.ventures/,unknown,no_public_dates,119,2026-10-07,both,370
Discovery to Impact,4938147,https://app.dealroom.co/investors/discovery_to_impact,n/a,,,,,https://discoverytoimpact.utexas.edu/,NOT A COHORT PROGRAM: UT Austin technology-commercialization office (Discovery to Impact). Reclassification candidate. Last DR round May/2026; portfolio 26.,not_accelerator_other,Y,,verified,"Austin, US",n/a,,,,https://discoverytoimpact.utexas.edu/,unknown,not_cohort_program,120,2026-10-07,both,313
Summer@Highland,142066,https://app.dealroom.co/investors/summer_highland,n/a,,,,,,DEFUNCT: Highland Capital summer program; site unreachable; last DR round May 2016,likely_inactive,Y,,heuristic,"Cambridge, US",n/a,,,,http://summer.hcp.com/,unknown,inactive,121,2026-10-07,both,56
Nex Cubed,1230799,https://app.dealroom.co/investors/nex_cubed,Nex Cubed,,,,,https://www.nex3.com/,"HBCU Founders Accelerator: last published deadline Nov 1, 2024 (Mar 2025 cohort). No 2026/2027 window. Last DR round May/2023; portfolio 86.",active_undated,Y,,,"San Francisco, US",unknown,,,,https://www.nex3.com/hbcu-founders-accelerator,unknown,no_public_dates,122,2026-10-07,both,47
Cleantech Open,1239927,https://app.dealroom.co/investors/cleantech_open,Cleantech Open Accelerator,2026,2026-02-01,2026-04-06,,https://www.cleantechopen.org/,"2026 applications Feb 1–Apr 6, 2026 (closed). 2027 window not yet published; a Feb–Apr 2027 window is likely (INFERRED from 2026, not published).",active_dated,Y,,,"Palo Alto, US",1x/yr,,,,https://www.cleantechopen.org/en/page/2026-cto-accelerator-en | https://acceleratoratlas.com/accelerators/climate_energy/cleantech-open,published,in_program,123,2026-10-07,both,161
Chobani Food Incubator,958682,https://app.dealroom.co/investors/chobani_food_incubator,n/a,,,,,,LIKELY INACTIVE: Chobani incubator page 404; last DR round Jun 2020,likely_inactive,Y,,heuristic,"New York City, US",n/a,,,,https://www.chobani.com/impact/incubator,unknown,inactive,124,2026-10-07,both,73
MIT Founders' Skills Accelerator,145263,https://app.dealroom.co/investors/mit_founders_skills_accelerator,MIT delta v (Trust Center accelerator; formerly Founders' Skills Accelerator),2026 (past),2026-03-01,2026-04-01,,https://entrepreneurship.mit.edu/accelerator/,"2026 timeline: applications open Mar 1, close Apr 1, 5:00pm ET; interviews Apr 27. 2027 window likely ~Mar 2027 (INFERRED from 2026). DR entity name is the old program name.",active_undated,Y,,,"Cambridge, US",1x/yr (summer),,,,https://entrepreneurship.mit.edu/accelerator/,published,upcoming_unpublished,125,2026-10-07,both,222
NextFab,1363034,https://app.dealroom.co/investors/nextfab,NextFab,,,,,https://nextfab.com/,Quick pass: live or redirecting site with no cohort/application dates found. Last DR round Jun/2024; portfolio 41.,active_undated,Y,,,"Philadelphia, US",unknown,,,,https://nextfab.com/,unknown,no_public_dates,126,2026-10-07,both,290
Quake Capital,949308,https://app.dealroom.co/investors/quake_capital,n/a,,,,,https://quakecapital.com/,NOT A COHORT PROGRAM: Quake Capital Partners (site now a VC firm). Reclassification candidate. Last DR round Mar/2023; portfolio 83.,not_accelerator_vc,Y,,verified,"Austin, US",n/a,,,,https://quakecapital.com/,unknown,not_cohort_program,127,2026-10-07,both,20
INV Fintech,1216454,https://app.dealroom.co/investors/inv_fintech,n/a,,,,,,LIKELY INACTIVE: site returns near-empty page; last DR round Feb 2021,likely_inactive,Y,,heuristic,"New York City, US",n/a,,,,http://invfintech.com/,unknown,inactive,128,2026-10-07,both,401
Aves Lair,3301176,https://app.dealroom.co/investors/aves_lair,n/a,,,,,https://syntaxcapital.com/,NOT A COHORT PROGRAM: Aves Lair domain redirects to Syntax Capital (multi-strategy digital-asset fund). Reclassification candidate. Last DR round Jul/2025; portfolio 14.,not_accelerator_vc,Y,,verified,"New York City, US",n/a,,,,https://syntaxcapital.com/,unknown,not_cohort_program,129,2026-10-07,both,264
Koffman Southern Tier Incubator,2116152,https://app.dealroom.co/investors/koffman_southern_tier_incubator,Koffman Southern Tier Incubator,,,,,https://thekoffman.com/,Koffman Incubator membership reviewed on a rolling basis; separate demo-day program.,active_rolling,Y,,,"Binghamton, US",rolling,,,,https://thekoffman.com/,unknown,rolling,130,2026-10-07,both,693
Untapped Ventures,3085811,https://app.dealroom.co/investors/untapped_ventures,n/a,,,,,https://www.untapped.ventures/,NOT A COHORT PROGRAM: Untapped Ventures ('AI VC for the autonomous economy'). Reclassification candidate. Last DR round Aug/2026; portfolio 8.,not_accelerator_vc,Y,,verified,"Los Angeles, US",n/a,,,,https://www.untapped.ventures/,unknown,not_cohort_program,131,2026-10-07,both,190
New York Fashion Tech Lab,246241,https://app.dealroom.co/investors/new_york_fashion_tech_lab,New York Fashion Tech Lab,2026 Collective (past),,2026-01-08,,https://nyftlab.com/keydates,"2026 Collective applications closed Jan 8, 2026; experiential event Sep 10, 2026. 2027 dates not published; a similar Dec–Jan window is likely (INFERRED).",active_undated,Y,,,"New York City, US",1x/yr,,,,https://nyftlab.com/keydates,published,upcoming_unpublished,132,2026-10-07,both,704
Braitman & Company,1444190,https://app.dealroom.co/investors/braitman_company,n/a,,,,,https://braitman.co/,NOT A COHORT PROGRAM: Braitman & Co is an advisory firm; last DR round Aug 2016. Reclassification candidate.,not_accelerator_other,Y,,verified,"San Francisco, US",n/a,,,,https://braitman.co/,unknown,not_cohort_program,133,2026-10-07,both,339
Iconiz,1210186,https://app.dealroom.co/investors/iconiz,n/a,,,,,,DEFUNCT: site unreachable; last DR round Dec 2017,likely_inactive,Y,,heuristic,"Los Angeles, US",n/a,,,,http://iconiz.io/,unknown,inactive,134,2026-10-07,both,393
LexisNexis Legal Tech Accelerator,958705,https://app.dealroom.co/investors/lexisnexis_legal_tech_accelerator,n/a,,,,,,LIKELY INACTIVE: no website on record; last DR round Sep 2020,likely_inactive,Y,,heuristic,"New York City, US",n/a,,,,,unknown,inactive,135,2026-10-07,both,524
Matter Ventures,151105,https://app.dealroom.co/investors/matter_ventures,n/a,,,,,,LIKELY INACTIVE: Matter accelerator no longer runs cohorts (site now hosts Sulzberger program news from 2024); last DR round Aug 2023,likely_inactive,Y,,verified,"San Francisco, US",n/a,,,,https://matter.vc/,unknown,inactive,136,2026-10-07,both,96
Orange Fab,140152,https://app.dealroom.co/investors/orange_fab,Orange Fab,,,,,https://orangefab.com/fr/,"Orange Fab (France, FR site). No US cohort. Last DR round Oct/2020; portfolio 6.",active_undated,N,,,"Châtillon, France",unknown,,,,https://orangefab.com/fr/,unknown,no_public_dates,137,2026-10-07,both,291
Kaplan EdTech Accelerator powered by TechStars,109243,https://app.dealroom.co/investors/kaplan_edtech_accelerator_powered_by_techstars,n/a,,,,,,DEFUNCT: Kaplan EdTech Accelerator (Techstars) site unreachable; program ended; last DR round Jan 2024,defunct,Y,,verified,"New York City, US",n/a,,,,http://kaplanedtechaccelerator.com/,unknown,inactive,138,2026-10-07,both,320
Barclays Accelerator powered by Techstars,1248451,https://app.dealroom.co/investors/barclays_accelerator_powered_by_techstars,n/a,,,,,,DEFUNCT: Barclays/Techstars Tel Aviv program ended (site redirects to Barclays innovation page); last DR round Jan 2020,defunct,N,,verified,"Tel Aviv-Yafo, Israel",n/a,,,,https://home.barclays/who-we-are/innovation/,unknown,inactive,139,2026-10-07,both,628
Wells Fargo Startup Accelerator,113650,https://app.dealroom.co/investors/wells_fargo_startup_accelerator,n/a,,,,,,DEFUNCT: Wells Fargo Startup Accelerator site unreachable; last DR round Nov 2022,likely_inactive,Y,,heuristic,"San Francisco, US",n/a,,,,http://accelerator.wellsfargo.com/,unknown,inactive,140,2026-10-07,both,176
Graham & Walker,3846651,https://app.dealroom.co/investors/graham_walker_2,n/a,,,,,https://grahamwalker.com/,NOT A COHORT PROGRAM: Graham & Walker is an early-stage VC. Reclassification candidate. Last DR round Apr/2026; portfolio 36.,not_accelerator_vc,Y,,verified,"Seattle, US",n/a,,,,https://grahamwalker.com/,unknown,not_cohort_program,141,2026-10-07,both,85
Founder Friendly Labs,1739313,https://app.dealroom.co/investors/founder_friendly_labs,Founder Friendly Labs,,,,,https://www.joinffl.com/,Quick pass: live or redirecting site with no cohort/application dates found. Last DR round Sep/2020; portfolio 7.,active_undated,Y,,,"Palo Alto, US",unknown,,,,https://www.joinffl.com/,unknown,no_public_dates,142,2026-10-07,both,296
ABQid,160778,https://app.dealroom.co/investors/abqid,n/a,,,,,,DEFUNCT: site unreachable; last DR round Sep 2019,likely_inactive,Y,,heuristic,"Albuquerque, US",n/a,,,,http://abqid.com/,unknown,inactive,143,2026-10-07,both,294
XLerateHealth,135279,https://app.dealroom.co/investors/xleratehealth,XLerateHealth,,,,,https://www.xleratehealth.com/accelerator/,"Accelerator applications open for Louisville and Flint (virtual OK), 5–8 companies per annual cohort; no dates.",active_rolling,Y,,,"Louisville, US",rolling,,,,https://www.xleratehealth.com/accelerator/,unknown,rolling,144,2026-10-07,both,28
Barclays Accelerator,131946,https://app.dealroom.co/investors/barclays_accelerator,n/a,,,,,,DEFUNCT: Barclays Accelerator (London) ended; site redirects to Barclays innovation page; last DR round Sep 2020,defunct,N,,verified,"London, United Kingdom",n/a,,,,https://home.barclays/who-we-are/innovation/,unknown,inactive,145,2026-10-07,both,101
The Clean Energy Business Incubator Program,1262770,https://app.dealroom.co/investors/the_clean_energy_business_incubator_program,The Clean Energy Business Incubator Program,,,,,https://lihti.org/,Long Island High Tech Incubator clean-energy program; no cohort calendar. Last DR round Sep/2022; portfolio 17.,active_undated,Y,,,"Town of Brookhaven, US",unknown,,,,https://lihti.org/,unknown,no_public_dates,146,2026-10-07,both,436
Stanford Technology Ventures Program,1225888,https://app.dealroom.co/investors/stanford_technology_ventures_program,n/a,,,,,https://stvp.stanford.edu/,NOT A COHORT PROGRAM: Stanford Technology Ventures Program is an academic center. Reclassification candidate. Last DR round Feb/2025; portfolio 1.,not_accelerator_other,Y,,verified,"Stanford, US",n/a,,,,https://stvp.stanford.edu/,unknown,not_cohort_program,147,2026-10-07,both,585
Cardinal Ventures,1240388,https://app.dealroom.co/investors/cardinal_ventures,n/a,,,,,,DEFUNCT: domain now an Indonesian gambling site; last DR round Jan 2023,likely_inactive,Y,,heuristic,US,n/a,,,,https://pragmaticslotgames.id/,unknown,inactive,148,2026-10-07,both,610
Z Fellows,3105145,https://app.dealroom.co/investors/z_fellows,Z Fellows,,,,,https://www.zfellows.com/,"Rolling applications, no deadline; multiple cohorts per year.",active_rolling,Y,,,"San Francisco, US",rolling,,,$10K (not re-verified),https://www.zfellows.com/,unknown,rolling,149,2026-10-07,both,126
Mount Sinai Ventures,1208367,https://app.dealroom.co/investors/mount_sinai_ventures,n/a,,,,,https://ip.mountsinai.org/,NOT A COHORT PROGRAM: Mount Sinai Ventures is a health-system tech-transfer / venture arm. Reclassification candidate. Last DR round Jun/2023; portfolio 4.,not_accelerator_other,Y,,verified,"New York City, US",n/a,,,,https://ip.mountsinai.org/,unknown,not_cohort_program,150,2026-10-07,both,280
Innosphere,2007585,https://app.dealroom.co/investors/innosphere_4,Innosphere Life Sciences Incubator,2026,,2026-03-27,,https://innosphere.org/,"2026 cohort (38 startups) announced May 2026; applications closed Mar 27. ASCEND ARID/SHIELD accelerators closed Jul 31, 2026. No 2027 dates.",active_undated,Y,,,"Fort Collins, US",1x/yr,,,,https://www.bionebraska.org/innosphere-announces-2026-life-sciences-incubator-cohort/ | https://www.innosphere.org/accelerators,published,closed,151,2026-10-07,both,149
eLab Accelerator,911251,https://app.dealroom.co/investors/elab_accelerator,eLab (Cornell student accelerator),2026–27,,2026-08-30,,https://www.elabstartup.com/,Applications closed Aug 30 for the 2026–27 cohort (Cornell students only).,active_dated,Y,,,"Ithaca, US",1x/yr (academic),,,,https://www.elabstartup.com/,published,in_program,152,2026-10-07,both,242
Texas Venture Labs,873350,https://app.dealroom.co/investors/texas_venture_labs,n/a,,,,,,LIKELY INACTIVE: UT Texas Venture Labs site unreachable; last DR round Aug 2022,likely_inactive,Y,,heuristic,"Austin, US",n/a,,,,http://tvl.utexas.edu/,unknown,inactive,153,2026-10-07,both,195
Fannin Partners,1228272,https://app.dealroom.co/investors/fannin_partners,n/a,,,,,https://www.fannininnovation.com/,NOT A COHORT PROGRAM: Fannin is a biotech venture builder. Reclassification candidate. Last DR round Jun/2026; portfolio 3.,not_accelerator_studio,Y,,verified,"Houston, US",n/a,,,,https://www.fannininnovation.com/,unknown,not_cohort_program,154,2026-10-07,both,331
Xoogler.co,1795888,https://app.dealroom.co/investors/xoogler_co,Xoogler.co,,,,,https://www.xoogler.co/,Xoogler community (Demo Day Bengaluru; Google AI Futures Fund partnership); no US cohort calendar. Last DR round Mar/2024; portfolio 15.,active_undated,Y,,,"San Francisco, US",unknown,,,,https://www.xoogler.co/,unknown,no_public_dates,155,2026-10-07,both,112
OnRamp Fund,1220022,https://app.dealroom.co/investors/onramp_fund,n/a,,,,,,LIKELY INACTIVE: static site; last DR round Jun 2018,likely_inactive,Y,,heuristic,"Los Angeles, US",n/a,,,,https://onrampfund.com/,unknown,inactive,156,2026-10-07,both,405
BAJ Accelerator,3375902,https://app.dealroom.co/investors/baj_accelerator,BAJ Accelerator,,,,,https://www.bajaccelerator.com/,Quick pass: live or redirecting site with no cohort/application dates found. Last DR round May/2022; portfolio 99.,active_undated,Y,,,"New York City, US",unknown,,,,https://www.bajaccelerator.com/,unknown,no_public_dates,157,2026-10-07,both,747
Net Market Partners,1229609,https://app.dealroom.co/investors/net_market_partners,n/a,,,,,,DEFUNCT: site unreachable; last DR round Aug 2000,likely_inactive,Y,,heuristic,"Palo Alto, US",n/a,,,,http://netmarketpartners.com/,unknown,inactive,158,2026-10-07,both,282
Health Wildcatters,122496,https://app.dealroom.co/investors/health_wildcatters,Health Wildcatters Accelerator,2026,,,2026-09,https://www.healthwildcatters.com/accelerator,"2026 applications closed; program started Sep 2026, Pitch Day Nov 2026 (hybrid). 2027 call not yet open.",active_dated,Y,,,"Dallas, US",1x/yr,,2026-11,,https://www.healthwildcatters.com/accelerator,published,in_program,159,2026-10-07,both,23
Hibiscus BioVentures,2037663,https://app.dealroom.co/investors/orchid_bioventures,n/a,,,,,,DEFUNCT: site 'not configured' (404); last DR round Jul 2023,likely_inactive,Y,,heuristic,"Rockville, US",n/a,,,,http://hibiscusbio.com/,unknown,inactive,160,2026-10-07,both,463
SteelBridge Laboratories,1246631,https://app.dealroom.co/investors/steelbridge_laboratories,n/a,,,,,http://steelbridgelabs.com/,NOT A COHORT PROGRAM: SteelBridge Labs describes itself as a venture capital firm. Reclassification candidate. Last DR round Dec/2021; portfolio 10.,not_accelerator_vc,Y,,verified,"Pittsburgh, US",n/a,,,,http://steelbridgelabs.com/,unknown,not_cohort_program,161,2026-10-07,both,180
ABio-X,4687448,https://app.dealroom.co/investors/abio_x,ABio-X,,,,,https://abio-x.com/,Abio-X incubation platform; no cohort calendar. Last DR round Apr/2023; portfolio 1.,active_undated,Y,,,"Lexington, US",unknown,,,,https://abio-x.com/,unknown,no_public_dates,162,2026-10-07,both,808
AlphaLab Gear,120911,https://app.dealroom.co/investors/alphalab_gear,n/a,,,,,,LIKELY INACTIVE: AlphaLab Gear site unreachable; hardware track likely folded into AlphaLab (Innovation Works); last DR round May 2022,likely_inactive,Y,,verified,"Pittsburgh, US",n/a,,,,http://alphalabgear.org/,unknown,inactive,163,2026-10-07,both,137
Exponential Impact,2949800,https://app.dealroom.co/investors/exponential_impact,XI Accelerator (Colorado),Fall 2026,,2026-08-07,2026-09-08,https://exponentialimpact.com/xi-accelerator/,Fall 2026 deadline Aug 7 (secondary); cohort Sep 8–Nov 19. Next cohort: express-interest form only.,active_dated,Y,,,"Colorado Springs, US",~2x/yr,2026-11-19,,$499–$999 program fee,https://exponentialimpact.com/xi-accelerator/ | https://www.linkedin.com/posts/exponential-impact_xiaccelerator-coloradostartups-techfounders-activity-7491478556032548864-pJjc,published,in_program,164,2026-10-07,both,152
Upward Labs,2083213,https://app.dealroom.co/investors/upward_labs_1,Upward Labs,,,,,https://www.upward-labs.com/,Quick pass: live or redirecting site with no cohort/application dates found. Last DR round Apr/2023; portfolio 19.,active_undated,Y,,,"New York City, US",unknown,,,,https://www.upward-labs.com/,unknown,no_public_dates,165,2026-10-07,both,185
Surge Ventures,878347,https://app.dealroom.co/investors/surge_accelerator,Surge Ventures,,,,,https://www.surgeaccelerator.com/,Site behind bot verification (403); no dates found. Last DR round Apr/2024; portfolio 29.,active_undated,Y,,,"Houston, US",unknown,,,,https://www.surgeaccelerator.com/,unknown,no_public_dates,166,2026-10-07,both,61
International Accelerator,121086,https://app.dealroom.co/investors/international_accelerator,n/a,,,,,,LIKELY INACTIVE: static site; last DR round Feb 2016,likely_inactive,Y,,heuristic,"Austin, US",n/a,,,,https://www.internationalaccelerator.com/,unknown,inactive,167,2026-10-07,both,544
Echoing Green,179001,https://app.dealroom.co/investors/echoing_green,Echoing Green Fellowship,2027,,,,https://echoinggreen.org/fellowship/apply/,"Official page still says 'Applications for the 2026 Fellowship are now closed'. Aggregators claim a 2027 deadline of Jan 1, 2027, 2pm ET (UNVERIFIED, not used). Fellowship / grant, not an equity accelerator.",not_accelerator_other,Y,,verified,"New York City, US",1x/yr (3-week window),,,,https://echoinggreen.org/fellowship/apply/,unknown,upcoming_unpublished,168,2026-10-07,both,352
Optimista Capital,3846181,https://app.dealroom.co/investors/optimista_capital_1,n/a,,,,,https://www.optimista.capital/,NOT A COHORT PROGRAM: Optimista Capital is a crypto proprietary investment firm. Reclassification candidate. Last DR round May/2018; portfolio 11.,not_accelerator_vc,Y,,verified,"Los Angeles, US",n/a,,,,https://www.optimista.capital/,unknown,not_cohort_program,169,2026-10-07,both,760
QC FinTech,130550,https://app.dealroom.co/investors/qc_fintech,QC FinTech,,,,,https://www.revtechlabs.co/,QC FinTech domain redirects to RevTech Labs (rank 297); calendar tracked there. Last DR round May/2020; portfolio 20.,duplicate,Y,,verified,"Charlotte, US",unknown,,,,https://www.revtechlabs.co/,unknown,no_public_dates,170,2026-10-07,both,107
Asian Hustle Network,3281541,https://app.dealroom.co/investors/asian_hustle_network,n/a,,,,,https://ahnmedia.com/,NOT A COHORT PROGRAM: Asian Hustle Network is now AHN Media Group. Reclassification candidate. Last DR round Jul/2022; portfolio 1.,not_accelerator_other,Y,,verified,"San Francisco, US",n/a,,,,https://ahnmedia.com/,unknown,not_cohort_program,171,2026-10-07,both,738
R3I Ventures Sàrl,1691670,https://app.dealroom.co/investors/r3i_ventures,n/a,,,,,https://r3i.vc/,NOT A COHORT PROGRAM: R3i: pre-IPO / sovereign secondaries in defence (Swiss Sàrl). Reclassification candidate. Last DR round May/2024; portfolio 7.,not_accelerator_vc,N,,verified,Singapore,n/a,,,,https://r3i.vc/,unknown,not_cohort_program,172,2026-10-07,both,665
Comcast Sports Tech,3148240,https://app.dealroom.co/investors/comcast_sports_tech,Comcast NBCUniversal SportsTech Accelerator,2027 class (not announced),,,,https://www.comcastsportstech.com/,"2026 class: applications closed Jul 15, 2025; class started Mar 2026. 2027 class window not yet published. Site comcastsportstech.com unreachable by curl.",unknown,Y,,,"Atlanta, US",1x/yr,,,,https://www.comcastsportstech.com/wp-content/uploads/2025/01/SportsTech-One-Pager-2025.pdf | https://acceleratoratlas.com/accelerators/sports_media_gaming/comcast-nbcuniversal-sportstech,published,upcoming_unpublished,173,2026-10-07,both,115
Stacks Accelerator,3082394,https://app.dealroom.co/investors/stacks_accelerator,n/a,,,,,,NOT A COHORT PROGRAM: Stacks Accelerator domain now Bitcoin Frontier Fund; last cohort deadline Sep 2023. Reclassification candidate. Last DR round Nov/2022; portfolio 24.,likely_inactive,Y,,heuristic,"San Francisco, US",n/a,,,,https://btcfrontier.fund/,unknown,inactive,174,2026-10-07,both,361
Fusion LA,1212006,https://app.dealroom.co/investors/fusion_la,Fusion LA,,,,,https://fusionlabs.la/,Quick pass: live or redirecting site with no cohort/application dates found. Last DR round Feb/2022; portfolio 9.,active_undated,Y,,,"Santa Monica, US",unknown,,,,https://fusionlabs.la/,unknown,no_public_dates,175,2026-10-07,both,323
The Batchery,2115364,https://app.dealroom.co/investors/the_batchery_1,n/a,,,,,https://batchery.com/,NOT A COHORT PROGRAM: The Batchery is now a pragmatic-AI studio. Reclassification candidate. Last DR round Feb/2026; portfolio 67.,not_accelerator_studio,Y,,verified,"Berkeley, US",n/a,,,,https://batchery.com/,unknown,not_cohort_program,176,2026-10-07,both,71
Beyond The Game Network,3734623,https://app.dealroom.co/investors/beyond_the_game_network,Beyond The Game Network,,,,,https://thebtgnetwork.com/,Quick pass: live or redirecting site with no cohort/application dates found. Last DR round Jan/2023; portfolio 18.,active_undated,Y,,,"Atlanta, US",unknown,,,,https://thebtgnetwork.com/,unknown,no_public_dates,177,2026-10-07,both,192
Starve Ups,1217932,https://app.dealroom.co/investors/starve_ups,n/a,,,,,,"LIKELY INACTIVE: Starve Ups site ©2023, no current program; last DR round Jan 2017",likely_inactive,Y,,heuristic,"Portland, US",n/a,,,,https://www.starveups.com/,unknown,inactive,178,2026-10-07,both,15
iVenture Accelerator,1222077,https://app.dealroom.co/investors/iventure_accelerator,"iVenture Accelerator (UIUC, summer)",Summer 2027,,,,https://iventure.illinois.edu/apply,2026 cycle: Wave 2 closed Mar 2026. 2027 waves not listed yet; Wave 1 typically in fall (INFERRED from pattern).,active_undated,Y,,,"Urbana, US","1x/yr, 3 waves",,,,https://iventure.illinois.edu/apply,published,upcoming_unpublished,179,2026-10-07,both,327
LA Dodgers Accelerator with R/GA,1246093,https://app.dealroom.co/investors/la_dodgers_accelerator_with_r_ga,n/a,,,,,,LIKELY INACTIVE: LA Dodgers/R/GA accelerator domain now Global Sports Venture Studio (©2021); last DR round Aug 2018,likely_inactive,Y,,heuristic,"Los Angeles, US",n/a,,,,https://www.globalsportsventurestudio.com/,unknown,inactive,180,2026-10-07,both,128
Accelerate Long Island,1313330,https://app.dealroom.co/investors/accelerate_long_island,Accelerate Long Island,,,,,https://accelerateli.org/,Quick pass: live or redirecting site with no cohort/application dates found. Last DR round Aug/2022; portfolio 10.,active_undated,Y,,,"Town of Huntington, US",unknown,,,,https://accelerateli.org/,unknown,no_public_dates,181,2026-10-07,both,288
Higher Ground Labs,1388104,https://app.dealroom.co/investors/higher_ground_labs,Higher Ground Labs,,,,,https://highergroundlabs.com/,Quick pass: live or redirecting site with no cohort/application dates found. Last DR round Jan/2024; portfolio 57.,active_undated,Y,,,"Chicago, US",unknown,,,,https://highergroundlabs.com/,unknown,no_public_dates,182,2026-10-07,both,42
Harlem Biospace,175116,https://app.dealroom.co/investors/harlem_biospace,Harlem Biospace,,,,,https://www.harlembiospace.com/,Harlem Biospace lab space; applications accepted on a rolling basis.,active_rolling,Y,,,"New York City, US",rolling,,,,https://www.harlembiospace.com/,unknown,rolling,183,2026-10-07,both,667
TMCx Accelerator,32156,https://app.dealroom.co/investors/tmcx_accelerator,n/a,,,,,,LIKELY INACTIVE: tmcinnovation.org account suspended; last DR round Jan 2021 (TMC Innovation programs may continue under tmc.edu; not checked),likely_inactive,Y,,verified,"Houston, US",n/a,,,,http://www.tmcinnovation.org/cgi-sys/suspendedpage.cgi,unknown,inactive,184,2026-10-07,both,109
French Accelerator,208507,https://app.dealroom.co/investors/french_accelerator,n/a,,,,,,DEFUNCT: site unreachable; last DR round May 2016,likely_inactive,Y,,heuristic,"North Miami, US",n/a,,,,https://www.fabb.la/,unknown,inactive,185,2026-10-07,both,466
CivStart,3167754,https://app.dealroom.co/investors/civstart,n/a,,,,,,"DEFUNCT: CivStart nonprofit wound down (announced Dec 2025; shuts down 2026); successor CivStart Ventures does matchmaking, not cohorts Last DR round Dec/2025; portfolio 15.",defunct,Y,,verified,"Washington DC, US",n/a,,,,https://technical.ly/civics/civstart-nonprofit-govtech-accelerator-closing/ | https://www.govtech.com/biz/gov-tech-incubator-civstart-will-shut-down-in-2026,unknown,inactive,186,2026-10-07,both,116
Missouri Innovation Center,1328946,https://app.dealroom.co/investors/missouri_innovation_center,Missouri Innovation Center,,,,,http://missouriinnovation.com/,Quick pass: live or redirecting site with no cohort/application dates found. Last DR round Apr/2018; portfolio 16.,active_undated,Y,,,"Columbia, US",unknown,,,,http://missouriinnovation.com/,unknown,no_public_dates,187,2026-10-07,both,438
Rev Ithaca,1252322,https://app.dealroom.co/investors/rev_ithaca,Rev Ithaca,,,,,https://www.revithaca.com/,"Rev incubator; Prototyping Hardware Accelerator reviews applications on a rolling basis during the annual cycle (info session Jan 28, 2027).",active_rolling,Y,,,"Ithaca, US",rolling,,,,https://www.revithaca.com/,unknown,rolling,188,2026-10-07,both,250
Maxitech,1208509,https://app.dealroom.co/investors/maxitech,n/a,,,,,https://maxitech.com/,NOT A COHORT PROGRAM: Maxitech invests in / incubates AI startups (VC). Reclassification candidate. Last DR round Jul/2026; portfolio 2.,not_accelerator_vc,Y,,verified,"San Francisco, US",n/a,,,,https://maxitech.com/,unknown,not_cohort_program,189,2026-10-07,both,391
Almaworks,1240990,https://app.dealroom.co/investors/almaworks,Almaworks,,,,,http://www.alma.works/,Quick pass: live or redirecting site with no cohort/application dates found. Last DR round Feb/2020; portfolio 41.,active_undated,Y,,,"New York City, US",unknown,,,,http://www.alma.works/,unknown,no_public_dates,190,2026-10-07,both,249
Blue Startups,140827,https://app.dealroom.co/investors/blue_startups,Blue Startups Accelerator,Cohort 18,,2026-05-22,2026-07-20,https://www.bluestartups.com/apply/,"Cohort 18 deadline extended to May 22, 2026; program Jul 20–Oct 9, 2026. Cohort 19 not announced; a similar spring window is likely (INFERRED).",active_dated,Y,,,"Honolulu, US",1x/yr,2026-10-09,,up to $250K,https://www.bluestartups.com/blog/cohort-18-deadline-extended-founders-mixer-recap/,published,in_program,191,2026-10-07,both,19
Technology Innovation Center,3846539,https://app.dealroom.co/investors/technology_innovation_center,n/a,,,,,,LIKELY INACTIVE: Evanston incubator site ©2018; last DR round Jun 2016,likely_inactive,Y,,heuristic,"Evanston, US",n/a,,,,https://www.theincubator.com/,unknown,inactive,192,2026-10-07,both,769
The Food Foundry,3059307,https://app.dealroom.co/investors/the_food_foundry_1,The Food Foundry,,,,,https://www.thefoodfoundry.com/,Food Foundry Cohort 6 Demo Day 2024; future cohorts TBA via social. Last DR round May/2021; portfolio 30.,active_undated,Y,,,"Chicago, US",unknown,,,,https://www.thefoodfoundry.com/,unknown,no_public_dates,193,2026-10-07,both,483
NGA Accelerator,4131594,https://app.dealroom.co/investors/nga_accelerator,n/a,,,,,,LIKELY INACTIVE: NGA Accelerator Cohort 3 closed; page ©2020; last DR round May 2022,likely_inactive,Y,,verified,"St. Louis, US",n/a,,,,https://capitalinnovators.com/nga-accelerator-program,unknown,inactive,194,2026-10-07,both,373
Activate,2967066,https://app.dealroom.co/investors/activate_org,Activate Fellowship (US),US Cohort 2027,,2026-10-30,,https://activate.org/apply,"Closes Oct 30, 2026, 12 p.m. PT (interest form first). Two-year fellowship for hard-tech scientists; stipend + research funding (not equity).",active_dated,Y,,,"Berkeley, US",1x/yr,,,,https://activate.org/apply,published,open,195,2026-10-07,both,232
LearnLaunchX,137788,https://app.dealroom.co/investors/learnlaunchx,LearnLaunch Breakthrough to Scale,2026 (past),,2026-03-23,,https://learnlaunch.com/our-program-2/,"2026 deadline extended to Mar 23, 2026; cohort announced Jul 9. Sign up for 2027 updates.",active_undated,Y,,,"Boston, US",1x/yr,,,,https://learnlaunch.com/our-program-2/,published,upcoming_unpublished,196,2026-10-07,both,129
Tampa Bay Wave,169900,https://app.dealroom.co/investors/tampa_bay_wave,Tampa Bay Wave CyberTech|X Accelerator,2027,2026-10-05,2027-01-22,2027-02-23,https://www.tampabaywave.org/cybertech/,"Free, no equity. Other tracks: FinTech|X closed Aug 21, 2026; HealthTech|X in session through Jan 21, 2027; BlueTech|X closed Jul 3; Tech|X closed Apr 24, 2026.",active_dated,Y,,,"Tampa, US",several themed tracks/yr,,2027-03-24,,https://www.tampabaywave.org/cybertech/,published,open,197,2026-10-07,both,200
SKU,223463,https://app.dealroom.co/investors/sku,SKU consumer-brand accelerator,Spring '27,2026-10,,2027-02,https://sku.is/apply/,"Timeline: applications open Oct 2026; review Dec; finalist interviews early Jan; offers mid-Jan; kickoff Feb 2027; track Mar–May. Close date not published. Fall 2026 cohort (7 brands) showcase Nov 17, 2026.",active_dated,Y,,,"Austin, US",2x/yr,,,,https://sku.is/apply/ | https://sku.is/,published,open,198,2026-10-07,both,356
Accele Venture Partners,1242502,https://app.dealroom.co/investors/accele_venture_partners,n/a,,,,,,DEFUNCT: domain for sale (HugeDomains); last DR round Feb 2016,likely_inactive,Y,,heuristic,"Oklahoma City, US",n/a,,,,https://www.hugedomains.com/domain_profile.cfm?d=accelebio.com,unknown,inactive,199,2026-10-07,both,179
Greenstart,156623,https://app.dealroom.co/investors/greenstart,n/a,,,,,,DEFUNCT: site unreachable; last DR round Oct 2014,likely_inactive,Y,,heuristic,"San Francisco, US",n/a,,,,http://greenstart.com/,unknown,inactive,200,2026-10-07,both,344
FoodFuture Co,958495,https://app.dealroom.co/investors/food_future_co,FoodFuture Co,,,,,https://www.nowisthefuture.co/,FoodFuture Co is now TheFutureCo; no cohort calendar. Last DR round Jul/2024; portfolio 16.,active_undated,Y,,,"New York City, US",unknown,,,,https://www.nowisthefuture.co/,unknown,no_public_dates,201,2026-10-07,both,122
Hacker Unit,1319818,https://app.dealroom.co/investors/hacker_unit,n/a,,,,,,DEFUNCT: domain for sale (HugeDomains); last DR round Aug 2022,likely_inactive,Y,,heuristic,"San Francisco, US",n/a,,,,https://www.hugedomains.com/domain_profile.cfm?d=hackerunit.com,unknown,inactive,202,2026-10-07,both,637
Startup Sesame,987200,https://app.dealroom.co/investors/startup_sesame,n/a,,,,,,LIKELY INACTIVE: domain redirects to sesamers.com; last DR round Apr 2019,likely_inactive,Y,,heuristic,"Seattle, US",n/a,,,,https://sesamers.com/,unknown,inactive,203,2026-10-07,both,528
Brain Trust Accelerator Fund,112618,https://app.dealroom.co/investors/brain_trust_accelerator_fund,n/a,,,,,https://www.braintrustvc.com/,NOT A COHORT PROGRAM: The Brain Trust Accelerator Fund is a fund. Reclassification candidate. Last DR round Aug/2024; portfolio 3.,not_accelerator_vc,Y,,verified,"Burlingame, US",n/a,,,,https://www.braintrustvc.com/,unknown,not_cohort_program,204,2026-10-07,both,279
Lair East Labs,1245961,https://app.dealroom.co/investors/lair_east_labs,Lair East Labs,,,,,https://laireastlabs.com/,Rolling admission for the 3-month NYC flagship program.,active_rolling,Y,,,"New York City, US",rolling,,,,https://laireastlabs.com/,unknown,rolling,205,2026-10-07,both,68
UnitedHealthcare Accelerator,4389874,https://app.dealroom.co/investors/uhcaccelerator_com,UnitedHealthcare Accelerator,2026,,,2026-08-15,https://uhcaccelerator.com/,"2026 cohort (10 startups) began Aug 15, 2026; 4 months, 6 weeks in person in Minneapolis (secondary). No application window published.",active_dated,Y,,,"Minneapolis, US",1x/yr,,,,https://ferrumhealth.com/unitedhealthcare-accelerator-collaborates-with-10-startups-to-support-modern-health-solutions/ | https://uhcaccelerator.com/our-program,published,in_program,206,2026-10-07,both,791
21Ventures,103873,https://app.dealroom.co/investors/21ventures,n/a,,,,,,DEFUNCT: domain now a real-estate blog; last DR round Dec 2015,likely_inactive,Y,,heuristic,"New York City, US",n/a,,,,https://www.21ventures.net/,unknown,inactive,207,2026-10-07,both,80
J. Orin Edson Entrepreneurship + Innovation Institute,1295856,https://app.dealroom.co/investors/edson_student_entrepreneur_initiative,J. Orin Edson Entrepreneurship + Innovation Institute,,,,,https://entrepreneurship.asu.edu/,NOT A COHORT PROGRAM: ASU J. Orin Edson E+I Institute is a university entrepreneurship institute (Venture Devils etc.). Reclassification candidate. Last DR round Mar/2017; portfolio 369.,not_accelerator_other,Y,,verified,"Scottsdale, US",unknown,,,,https://entrepreneurship.asu.edu/,unknown,no_public_dates,208,2026-10-07,both,337
Same Page Capital,174148,https://app.dealroom.co/investors/same_page_capital,n/a,,,,,,DEFUNCT: site unreachable; last DR round Mar 2019,likely_inactive,Y,,heuristic,"Bozeman, US",n/a,,,,http://samepagecapital.com/,unknown,inactive,209,2026-10-07,both,224
InsurTech NY,4130387,https://app.dealroom.co/investors/insurtech_ny,n/a,,,,,https://www.insurtechny.com/,NOT A COHORT PROGRAM: InsurTech NY is an events / community organisation. Reclassification candidate. Last DR round Nov/2025; portfolio 10.,not_accelerator_other,Y,,verified,"New York City, US",n/a,,,,https://www.insurtechny.com/,unknown,not_cohort_program,210,2026-10-07,both,372
PIE,1226058,https://app.dealroom.co/investors/pie_2,n/a,,,,,,LIKELY INACTIVE: PIE last demo day 2020; site static; last DR round Aug 2024,likely_inactive,Y,,heuristic,"Portland, US",n/a,,,,http://www.piepdx.com/,unknown,inactive,211,2026-10-07,both,67
Central New York Biotech Accelerator,1691414,https://app.dealroom.co/investors/central_new_york_biotech_accelerator,CNYBAC Medical Device Innovation Challenge,2026,,2026-03-01,,https://cnybac.com/,"MDIC 2026 applications due Mar 1, 2026 (virtual program).",active_undated,Y,,,"Syracuse, US",1x/yr,,,,https://cnybac.com/news/now-accepting-applications-the-cny-biotech-accelerator-upstate-medical-universitys-2026-medical-device-innovation-challenge-mdic/,published,closed,212,2026-10-07,both,452
Acceleprise San Francisco,84478,https://app.dealroom.co/investors/acceleprise_san_francisco,n/a,,,,,,LIKELY INACTIVE: Acceleprise SF redirects; last DR round Jan 2020,likely_inactive,Y,,heuristic,"San Francisco, US",n/a,,,,http://www.acceleprise.vc/,unknown,inactive,213,2026-10-07,both,266
Ad Astra Ventures,2029834,https://app.dealroom.co/investors/ad_astra_ventures,Ad Astra Ventures,,,,,https://adastra.ventures/,Quick pass: live or redirecting site with no cohort/application dates found. Last DR round Jul/2023; portfolio 19.,active_undated,Y,,,"Solana Beach, US",unknown,,,,https://adastra.ventures/,unknown,no_public_dates,214,2026-10-07,both,256
Founder Equity Fund,1238741,https://app.dealroom.co/investors/founder_equity_fund,n/a,,,,,https://founderequity.com/,NOT A COHORT PROGRAM: Founder Equity is a fund (Chicago/Dallas). Reclassification candidate. Last DR round Apr/2020; portfolio 10.,not_accelerator_vc,Y,,verified,"Chicago, US",n/a,,,,https://founderequity.com/,unknown,not_cohort_program,215,2026-10-07,both,146
VertueLab,1989285,https://app.dealroom.co/investors/vertuelab,VertueLab Opalene Climate Challenge (WA),2026,,2026-08-24,,https://www.vertuelab.org/programs,"Washington-only challenge closed Aug 24, 2026. TerraForge/Wayfinder have no published dates.",active_undated,Y,,,"Portland, US",per program,,,,https://www.vertuelab.org/opalene-climate-challenge,published,closed,216,2026-10-07,both,184
Falls Fintech,3053237,https://app.dealroom.co/investors/falls_fintech,n/a,,,,,,"LIKELY INACTIVE: Falls Fintech page ©2024, no current cohort; last DR round Jun 2022",likely_inactive,Y,,heuristic,"Sioux Falls, US",n/a,,,,https://central-payments.com/falls-fintech,unknown,inactive,217,2026-10-07,both,728
Tumml,142531,https://app.dealroom.co/investors/tumml,n/a,,,,,,DEFUNCT: domain now an Indonesian casino site; last DR round Jan 2017,likely_inactive,Y,,heuristic,"San Francisco, US",n/a,,,,https://menangjudionline.com/,unknown,inactive,218,2026-10-07,both,87
Conscious Venture Lab,236128,https://app.dealroom.co/investors/conscious_venture_lab,Conscious Venture Lab Accelerator (Novella Center) – Trenton,Trenton cohort 2,,,2026-09,https://novellacenter.org/,Second Trenton cohort began Sep 2026; applications closed. Baltimore Cohort 15 Demo Day held.,active_dated,Y,,,"Columbia, US",per city,,,,https://novellacenter.org/,published,in_program,219,2026-10-07,both,83
Washington Maritime Blue,2982827,https://app.dealroom.co/investors/washington_maritime_blue,Washington Maritime Blue,,,,,https://maritimeblue.org/,Maritime Blue accelerator accepts applications on a rolling basis.,active_rolling,Y,,,"Seattle, US",rolling,,,,https://maritimeblue.org/,unknown,rolling,220,2026-10-07,both,479
AlphaLab Health,3107358,https://app.dealroom.co/investors/alphalab_health,AlphaLab Health,,,,,https://alphalabhealth.org/,AlphaLab Health (Innovation Works) site returns empty; no dates found. Last DR round Dec/2023; portfolio 25.,active_undated,Y,,,"Pittsburgh, US",unknown,,,,https://alphalabhealth.org/,unknown,no_public_dates,221,2026-10-07,both,169
101 Weston Labs,5303659,https://app.dealroom.co/investors/101_weston_labs,101 Weston Labs,,,,,https://www.101westonlabs.com/apply/,"Rolling admissions, year-round (insurtech for independent agencies).",active_rolling,Y,,,"Cary, US",rolling,,,,https://www.101westonlabs.com/apply/,unknown,rolling,222,2026-10-07,both,376
Impact Ventures,3868822,https://app.dealroom.co/investors/impact_ventures,Impact Ventures accelerator (DFW),Fall 2026,,2026-09-30,2026-10-06,https://www.impact-ventures.co/,"6-week hybrid program in Dallas, Ft. Worth & Frisco; micro-loans $10–25K.",active_dated,Y,,,"Dallas, US",~2x/yr,2026-11-12,,,https://www.impact-ventures.co/,published,in_program,223,2026-10-07,both,504
Idea Village,177640,https://app.dealroom.co/investors/idea_village,"VILLAGEx (Gulf South, raise $1M+)",2027,,2026-11-06,2027-01-12,https://www.ideavillage.org/villagex,"Applications close Nov 6, 2026 (midnight CST); profiles reviewed on a rolling basis. Four-month accelerator.",active_dated,Y,,,"New Orleans, US",1x/yr,,,,https://www.ideavillage.org/villagex | https://neworleanscitybusiness.com/blog/2026/09/23/idea-village-villagex-2027-applications/,published,open,224,2026-10-07,both,669
Angel Dough Ventures,3846785,https://app.dealroom.co/investors/angel_dough_ventures,n/a,,,,,,LIKELY INACTIVE: site 403; last DR round Jun 2021,likely_inactive,Y,,heuristic,"Oyster Bay, US",n/a,,,,http://angeldough.com/,unknown,inactive,225,2026-10-07,both,500
Bishop Ranch Intelligence Innovation Accelerator,1233537,https://app.dealroom.co/investors/bishop_ranch_intelligence_innovation_accelerator,Bishop Ranch Intelligence Innovation Accelerator,,,,,https://tia.briia.io/,BRIIA Foundation Accelerator starts anytime (GPS assessment); Advanced 6-week cohorts currently not accepting applications.,active_rolling,Y,,,"San Ramon, US",rolling,,,,https://tia.briia.io/,unknown,rolling,226,2026-10-07,both,127
Fulcrum Venture Accelerator,2936843,https://app.dealroom.co/investors/fulcrum_venture_accelerator,n/a,,,,,,LIKELY INACTIVE: site unreachable; last DR round Feb 2024,likely_inactive,Y,,heuristic,"Boulder, US",n/a,,,,https://fulcrumventures.io/,unknown,inactive,227,2026-10-07,both,84
Rokk3r,2008219,https://app.dealroom.co/investors/rokk3r,n/a,,,,,https://www.rokk3r.com/,NOT A COHORT PROGRAM: Rokk3r is a venture builder / consultancy. Reclassification candidate. Last DR round Feb/2021; portfolio 18.,not_accelerator_studio,Y,,verified,"Miami, US",n/a,,,,https://www.rokk3r.com/,unknown,not_cohort_program,228,2026-10-07,both,202
MDSS,4882547,https://app.dealroom.co/investors/mdss_1,Merck Digital Sciences Studio (MDSS),Cohort 2027,2026-10-01,2026-11-05,2027-03,https://www.mds.studio/program/,"Applications Oct 1–Nov 5, 2026; selection Nov–Jan; finalists Feb 2027; kickoff Mar 2027. 9 months; in-person events in Montréal and Boston/NJ; US or Canada incorporation.",active_dated,Y,,,"Newark, US",1x/yr,2027-11,,SAFE investment (US$100K in 2025),https://www.mds.studio/program/ | https://www.mds.studio/,published,open,229,2026-10-07,both,810
Long Beach Accelerator,3359900,https://app.dealroom.co/investors/long_beach_accelerator,Long Beach Accelerator,,,,,https://www.lbaccelerator.org/,"Long Beach Accelerator: 12-week program description, no dates. Last DR round Jul/2022; portfolio 24.",active_undated,Y,,,"Long Beach, US",unknown,,,,https://www.lbaccelerator.org/,unknown,no_public_dates,230,2026-10-07,both,743
The Roddenberry Foundation,3073853,https://app.dealroom.co/investors/the_roddenberry_foundation,n/a,,,,,https://roddenberryfoundation.org/,NOT A COHORT PROGRAM: Roddenberry Foundation is a philanthropic foundation. Reclassification candidate. Last DR round Jun/2024; portfolio 4.,not_accelerator_other,Y,,verified,"Los Angeles, US",n/a,,,,https://roddenberryfoundation.org/,unknown,not_cohort_program,231,2026-10-07,both,730
Black Unicorn Factory,2426021,https://app.dealroom.co/investors/black_unicorn_factory,Black Unicorn Factory,,,,,https://blackunicornfactory.com/,Black Unicorn Factory: anti-demo-day model; no cohort dates. Last DR round Mar/2024; portfolio 1.,active_undated,Y,,,"Los Angeles, US",unknown,,,,https://blackunicornfactory.com/,unknown,no_public_dates,232,2026-10-07,both,701
Preccelerator Program,1221361,https://app.dealroom.co/investors/preccelerator_program,Preccelerator Program,,,,,https://preccelerator.com/,Preccelerator: terms end in Demo Day; co-working on a rolling basis; no dates.,active_rolling,Y,,,"Santa Monica, US",rolling,,,,https://preccelerator.com/,unknown,rolling,233,2026-10-07,both,570
TiE-Boston,187314,https://app.dealroom.co/investors/tie_boston,TiE-Boston,,,,,https://www.tieboston.org/,TiE Boston chapter (TiE ScaleUp Cohort 9); no public dates. Last DR round Feb/2025; portfolio 3.,active_undated,Y,,,"Cambridge, US",unknown,,,,https://www.tieboston.org/,unknown,no_public_dates,234,2026-10-07,both,354
Fledge,174106,https://app.dealroom.co/investors/fledge,Fledge,,,,,https://www.fledge.co/apply/,"Open applications: Fledge Africa (2026), Co-ops (Boston); partner programs.",active_rolling,Y,,,"Seattle, US",rolling,,,,https://www.fledge.co/apply/,unknown,rolling,235,2026-10-07,both,58
Oakland Inner City Advisors,1304300,https://app.dealroom.co/investors/oakland_inner_city_advisors,n/a,,,,,https://icafundgoodjobs.org/,NOT A COHORT PROGRAM: Oakland Inner City Advisors is now ICA Fund Good Jobs (impact fund). Reclassification candidate. Last DR round Dec/2018; portfolio 4.,not_accelerator_vc,Y,,verified,"Oakland, US",n/a,,,,https://icafundgoodjobs.org/,unknown,not_cohort_program,236,2026-10-07,both,287
NEC X,2084232,https://app.dealroom.co/investors/nec_x,NEC X Elev X! Ignite,Batch 17,2026-10-05,2026-12-11,2027-02-01,https://elev-x.secure-platform.com/ignite/,"Applications Oct 5–Dec 11, 2026 with rolling review (dates from the application portal/secondary; elev-x.com links out). Phase 1 Feb 1, Phase 2 Mar 22, Phase 3 Jun 1, 2027.",active_dated,Y,,,"Palo Alto, US",~2x/yr,,,up to $200K equity funding,https://elev-x.secure-platform.com/ignite/ | https://devgrantsdaily.com/items/2026-10-06-nec-x-elev-ignite-batch-17/ | https://elev-x.com/elev-x-ignite/,published,open,237,2026-10-07,both,186
RevUp Capital,1231784,https://app.dealroom.co/investors/betaspring,RevUp Capital,,,,,https://www.revupfund.com/,NOT A COHORT PROGRAM: RevUp Capital (former Betaspring) provides non-dilutive revenue-based funding on a rolling basis. Reclassification candidate.,not_accelerator_vc,Y,,verified,"Cranston, US",unknown,,,,https://www.revupfund.com/,unknown,rolling,238,2026-10-07,both,26
Endeavor Miami,1648159,https://app.dealroom.co/investors/endeavor_miami,n/a,,,,,https://endeavormiami.org/,"NOT A COHORT PROGRAM: Endeavor Miami runs Endeavor network selection, not cohorts. Reclassification candidate. Last DR round Dec/2024; portfolio 38.",not_accelerator_other,Y,,verified,"Miami, US",n/a,,,,https://endeavormiami.org/,unknown,not_cohort_program,239,2026-10-07,both,348
OneValley,3107367,https://app.dealroom.co/investors/one_valley,OneValley,,,,,https://www.theonevalley.com/,OneValley platform (site ©2022); no cohort dates. Last DR round Jun/2024; portfolio 7.,active_undated,Y,,,"San Mateo, US",unknown,,,,https://www.theonevalley.com/,unknown,no_public_dates,240,2026-10-07,both,362
Fuel Accelerator,2116178,https://app.dealroom.co/investors/fuel_accelerator,Fuel Accelerator AI/ML (Bentonville),Fall 2026,,2026-07-15,,https://www.fuelaccelerator.com/,"Fall 2026 AI/ML runs to Oct 28. Spring 2027 HealthTech: applications expected Dec 2026–Feb 2027 (TBD, not used as dates).",active_dated,Y,,,"Bentonville, US",2 tracks/yr,2026-10-28,,no equity,https://www.fuelaccelerator.com/aiml | https://www.fuelaccelerator.com/healthtech,published,in_program,241,2026-10-07,both,468
Hult Prize,1248043,https://app.dealroom.co/investors/hult_prize,Hult Prize,2027,,2027-02-28,,https://www.hultprize.org/en/register/,"NOT A COHORT PROGRAM: Hult Prize is a student social-enterprise competition (2027 application deadline Feb 28, 2027, 11:59pm GMT). Reclassification candidate.",not_accelerator_other,Y,,verified,"San Francisco, US",unknown,,,,https://ask.hultprize.org/getting-started-with-your-application/completing-your-application,published,open,242,2026-10-07,both,219
Growth Factory,4272393,https://app.dealroom.co/investors/growth_factory_,Growth Factory,,,,,https://growthfactory.us/,Growth Factory site says 'Growth Factory has evolved'; no program dates. Last DR round Dec/2024; portfolio 11.,active_undated,Y,,,"Rocklin, US",unknown,,,,https://growthfactory.us/,unknown,no_public_dates,243,2026-10-07,both,153
RedHouse Associates,1338844,https://app.dealroom.co/investors/redhouse_associates,n/a,,,,,,DEFUNCT: site empty; last DR round Feb 2012,likely_inactive,Y,,heuristic,"Houston, US",n/a,,,,http://redhouseassociates.com/,unknown,inactive,244,2026-10-07,both,439
MOTIVE,1230933,https://app.dealroom.co/investors/motive,n/a,,,,,,LIKELY INACTIVE: site unreachable; last DR round Jan 2023,likely_inactive,Y,,heuristic,"Dallas, US",n/a,,,,http://thisismotive.com/,unknown,inactive,245,2026-10-07,both,596
MHUB,1686728,https://app.dealroom.co/investors/mhub_1,mHUB Compute–Energy Nexus Accelerator,2026,,2026-07-13,2026-10,https://mhub.org/accelerator,"Applications closed Jul 13, 2026; program launches Oct 2026. No 2027 dates.",active_dated,Y,,,"Chicago, US",per program,,,,https://mhub.org/blog/mhub-announces-compute-energy-nexus-accelerator,published,in_program,246,2026-10-07,both,57
NY-BEST,1318513,https://app.dealroom.co/investors/ny_best,n/a,,,,,https://ny-best.org/,NOT A COHORT PROGRAM: NY-BEST is an industry consortium. Reclassification candidate. Last DR round Dec/2020; portfolio 1.,not_accelerator_other,Y,,verified,"Albany, US",n/a,,,,https://ny-best.org/,unknown,not_cohort_program,247,2026-10-07,both,636
America's Seed Fund,1227059,https://app.dealroom.co/investors/america_s_seed_fund,America's Seed Fund,,,,,https://seedfund.nsf.gov/,NOT A COHORT PROGRAM: America's Seed Fund is the NSF SBIR/STTR federal grant program (rolling project pitches). Reclassification candidate.,not_accelerator_other,Y,,verified,"Alexandria, US",unknown,,,,https://seedfund.nsf.gov/,unknown,rolling,248,2026-10-07,both,414
NMotion,3280688,https://app.dealroom.co/investors/nmotion,NMotion Accelerator,Fall 2026,,2026-05-17,2026-08-11,https://www.nmotion.co/,"Fall 2026 showcase Nov 18, 2026. Spring 2027 dates not published.",active_dated,Y,,,"Lincoln, US",2x/yr,2026-11-20,2026-11-18,$100K,https://www.nmotion.co/ | https://siliconprairienews.com/2026/04/applications-for-the-nmotion-accelerator-fall-2026-cohort-are-due-may-17/,published,in_program,249,2026-10-07,both,36
MOX,1453615,https://app.dealroom.co/investors/mox_mobileonlyx_,n/a,,,,,https://orbitventures.com/,NOT A COHORT PROGRAM: MOX domain now Orbit Ventures (Singapore VC). Reclassification candidate. Last DR round Jun/2022; portfolio 27.,not_accelerator_vc,Y,,verified,"Princeton, US",n/a,,,,https://orbitventures.com/,unknown,not_cohort_program,250,2026-10-07,both,340
Silkroad Innovation Hub,5696895,https://app.dealroom.co/investors/silkroad_innovation_hub,n/a,,,,,https://silkroadinnovationhub.com/,"NOT A COHORT PROGRAM: Silkroad Innovation Hub runs showcase pavilions (TechCrunch Disrupt; deadline Sep 15, 2026). Reclassification candidate. Last DR round Nov/2025; portfolio 5.",not_accelerator_other,Y,,verified,"Palo Alto, US",n/a,,,,https://silkroadinnovationhub.com/,unknown,not_cohort_program,251,2026-10-07,both,377
Peachscore,3220593,https://app.dealroom.co/investors/peachscore,Peachscore,,,,,https://www.peachscore.com/,Apply any time; cohort assignment follows.,active_rolling,Y,,,"Los Angeles, US",rolling,,,,https://www.peachscore.com/,unknown,rolling,252,2026-10-07,both,306
SouthWinston,1213279,https://app.dealroom.co/investors/southwinston,n/a,,,,,,DEFUNCT: site essentially empty; last DR round Dec 2015,likely_inactive,Y,,heuristic,"New York City, US",n/a,,,,https://southwinston.com/,unknown,inactive,253,2026-10-07,both,397
Co.lab,1241114,https://app.dealroom.co/investors/co_lab_1,n/a,,,,,,DEFUNCT: domain now an unrelated blog; last DR round Jun 2017,likely_inactive,Y,,heuristic,"San Francisco, US",n/a,,,,http://playcolab.com/,unknown,inactive,254,2026-10-07,both,82
Conquer Accelerator - Michigan State University,6146452,https://app.dealroom.co/investors/conquer_accelerator_michigan_state_university,Conquer Accelerator - Michigan State University,,,,,https://msufoundation.org/conquer-accelerator/,MSU Research Foundation Conquer Accelerator; no cohort dates. Last DR round Jan/2024; portfolio 90.,active_undated,Y,,,"East Lansing, US",unknown,,,,https://msufoundation.org/conquer-accelerator/,unknown,no_public_dates,255,2026-10-07,both,65
Devlabs,1240450,https://app.dealroom.co/investors/devlabs,n/a,,,,,https://devlabs.vc/,NOT A COHORT PROGRAM: Devlabs (devlabs.vc) is a VC. Reclassification candidate. Last DR round Apr/2025; portfolio 15.,not_accelerator_vc,Y,,verified,"Oakland, US",n/a,,,,https://devlabs.vc/,unknown,not_cohort_program,256,2026-10-07,both,612
Agency of Trillions (AoT),1243254,https://app.dealroom.co/investors/agency_of_trillions_aot_,n/a,,,,,,DEFUNCT: teaser site; last DR round Jun 2015,likely_inactive,Y,,heuristic,"New York City, US",n/a,,,,https://www.aot.co/,unknown,inactive,257,2026-10-07,both,613
Metric Collective,92177,https://app.dealroom.co/investors/metric_collective,n/a,,,,,,DEFUNCT: domain redirects to Oakscale (franchise partners); last DR round May 2017,likely_inactive,Y,,heuristic,"New York City, US",n/a,,,,https://www.oakscale.com/,unknown,inactive,258,2026-10-07,both,386
WGU Labs,3022003,https://app.dealroom.co/investors/wgu_labs,n/a,,,,,https://wgulabs.org/,NOT A COHORT PROGRAM: WGU Labs is an education research / R&D org. Reclassification candidate. Last DR round Oct/2024; portfolio 9.,not_accelerator_other,Y,,verified,"South Salt Lake, US",n/a,,,,https://wgulabs.org/,unknown,not_cohort_program,259,2026-10-07,both,168
Ic@3401,1311727,https://app.dealroom.co/investors/ic_3401,n/a,,,,,,DEFUNCT: site empty; last DR round Mar 2019,likely_inactive,Y,,heuristic,"Philadelphia, US",n/a,,,,http://ic3401.org/,unknown,inactive,260,2026-10-07,both,147
Ameren Accelerator,1229756,https://app.dealroom.co/investors/ameren_accelerator,n/a,,,,,,DEFUNCT: Ameren Accelerator page now redirects to Ameren community page; last DR round Jan 2021,likely_inactive,Y,,heuristic,"St. Louis, US",n/a,,,,https://www.ameren.com/community,unknown,inactive,261,2026-10-07,both,198
Seed Sumo,204407,https://app.dealroom.co/investors/seed_sumo,n/a,,,,,,DEFUNCT: domain now a US online-casino comparison site; last DR round Oct 2016,likely_inactive,Y,,heuristic,"College Station, US",n/a,,,,https://seedsumo.com/,unknown,inactive,262,2026-10-07,both,131
Dynamo Fund (Lamp Post Ventures),1238184,https://app.dealroom.co/investors/dynamo_fund_lamp_post_ventures_,n/a,,,,,https://dynamo.vc/,NOT A COHORT PROGRAM: Dynamo is a seed VC. Reclassification candidate. Last DR round Oct/2022; portfolio 3.,not_accelerator_vc,Y,,verified,"Chattanooga, US",n/a,,,,https://dynamo.vc/,unknown,not_cohort_program,263,2026-10-07,both,427
Gemini Ventures,3846259,https://app.dealroom.co/investors/gemini_ventures,n/a,,,,,https://stackpoint.com/,NOT A COHORT PROGRAM: Gemini Ventures domain now Stackpoint (venture studio). Reclassification candidate. Last DR round Jan/2026; portfolio 3.,not_accelerator_studio,Y,,verified,"Arlington, US",n/a,,,,https://stackpoint.com/,unknown,not_cohort_program,264,2026-10-07,both,308
TechRise Chicago,3090921,https://app.dealroom.co/investors/techrise_chicago,n/a,,,,,https://www.techrise.co/,"NOT A COHORT PROGRAM: TechRise runs pitch competitions (Veterans Pitch Competition Nov 11, 2026), not cohorts. Reclassification candidate. Last DR round Dec/2023; portfolio 93.",not_accelerator_other,Y,,verified,"Chicago, US",n/a,,,,https://www.techrise.co/,unknown,not_cohort_program,265,2026-10-07,both,77
GSD Venture Studios,2062216,https://app.dealroom.co/investors/gsd_venture_studios,n/a,,,,,https://gsdvs.com/,NOT A COHORT PROGRAM: GSD Venture Studios is a venture studio. Reclassification candidate. Last DR round Jan/2024; portfolio 41.,not_accelerator_studio,Y,,verified,"West Palm Beach, US",n/a,,,,https://gsdvs.com/,unknown,not_cohort_program,266,2026-10-07,both,97
Diagnostics Accelerator,6132519,https://app.dealroom.co/investors/diagnostics_accelerator,n/a,,,,,https://www.alzdiscovery.org/research-and-grants/diagnostics-accelerator,NOT A COHORT PROGRAM: ADDF Diagnostics Accelerator is a research-grant RFP program. Reclassification candidate. Last DR round Jul/2025; portfolio 1.,not_accelerator_other,Y,,verified,"New York City, US",n/a,,,,https://www.alzdiscovery.org/research-and-grants/diagnostics-accelerator,unknown,not_cohort_program,267,2026-10-07,both,827
Foundational,1342181,https://app.dealroom.co/investors/foundational,n/a,,,,,https://www.foundational.nyc/,NOT A COHORT PROGRAM: Foundational is a VC market-intelligence site. Reclassification candidate. Last DR round Mar/2023; portfolio 2.,not_accelerator_other,Y,,verified,"New York City, US",n/a,,,,https://www.foundational.nyc/,unknown,not_cohort_program,268,2026-10-07,both,440
One Eight Capital,5730213,https://app.dealroom.co/investors/one_eight_capital,n/a,,,,,https://www.oneeightcapital.com/,NOT A COHORT PROGRAM: One Eight Capital is a VC. Reclassification candidate. Last DR round Jan/2025; portfolio 1.,not_accelerator_vc,Y,,verified,"New York City, US",n/a,,,,https://www.oneeightcapital.com/,unknown,not_cohort_program,269,2026-10-07,both,823
Berkeley Ventures,1245826,https://app.dealroom.co/investors/berkeley_ventures,n/a,,,,,,LIKELY INACTIVE: site unreachable; last DR round Oct 2023,likely_inactive,Y,,heuristic,"Berkeley, US",n/a,,,,http://berkeleyventures.com/,unknown,inactive,270,2026-10-07,both,285
VIVE X,1212920,https://app.dealroom.co/investors/vive_x,n/a,,,,,,LIKELY INACTIVE: HTC VIVE X page static; last DR round Jul 2019,likely_inactive,Y,,heuristic,"San Francisco, US",n/a,,,,https://vivex.vive.com/us/,unknown,inactive,271,2026-10-07,both,244
ERGO Capital,1218371,https://app.dealroom.co/investors/ergo_capital,n/a,,,,,http://www.ergocapital.com/,NOT A COHORT PROGRAM: ERGO Capital (fund); last DR round Feb 2020. Reclassification candidate.,not_accelerator_vc,Y,,verified,"Irvine, US",n/a,,,,http://www.ergocapital.com/,unknown,not_cohort_program,272,2026-10-07,both,281
Arkley Launchpad,1616941,https://app.dealroom.co/investors/arkleybrinc,n/a,,,,,,DEFUNCT: Warsaw site unreachable; last DR round Jul 2019,likely_inactive,N,,heuristic,"Warsaw, Poland",n/a,,,,https://arkleybrinc.pl/,unknown,inactive,273,2026-10-07,both,656
Climate Collective,3769353,https://app.dealroom.co/investors/climate_collective_1,Climate Collective,,,,,https://climatecollective.org/,Climate Collective; no cohort dates. Last DR round Nov/2022; portfolio 4.,active_undated,Y,,,"New York City, US",unknown,,,,https://climatecollective.org/,unknown,no_public_dates,274,2026-10-07,both,494
Halcyon,2037894,https://app.dealroom.co/investors/halcyon,Halcyon Africa Innovation in Agriculture & Food Security Accelerator,2027,,2026-10-23,,https://halcyonaccelerator.org/africa-innovation-in-ag-2027/,"Eligibility form due Oct 23, 2026; invited second-round application Oct 30; pitch days Dec 7–8; selected notified Dec 18, 2026; runs to Jun 4, 2027. Up to $10K stipend, equity-free. Halcyon also takes rolling eligibility forms for its other programs.",active_dated,Y,,,"Washington DC, US",per program; rolling eligibility,2027-06-04,2026-12-07,,https://halcyonaccelerator.org/africa-innovation-in-ag-2027/,published,open,275,2026-10-07,both,203
Beta,113569,https://app.dealroom.co/investors/beta_6,Beta,,,,,https://www.beta.mn/,BETA.MN community; no cohort dates. Last DR round Apr/2025; portfolio 23.,active_undated,Y,,,"Minneapolis, US",unknown,,,,https://www.beta.mn/,unknown,no_public_dates,276,2026-10-07,both,99
YouWeb Incubator,3846815,https://app.dealroom.co/investors/youweb_incubator,n/a,,,,,,DEFUNCT: site unreachable; last DR round Sep 2021,likely_inactive,Y,,heuristic,"San Francisco, US",n/a,,,,http://youwebincubator.com/,unknown,inactive,277,2026-10-07,both,502
MacroTechnology Works,5339990,https://app.dealroom.co/investors/macrotechnology_works,n/a,,,,,https://microelectronics.asu.edu/macrotechnology-works/,NOT A COHORT PROGRAM: ASU MacroTechnology Works is a semiconductor facility. Reclassification candidate. Last DR round Jan/2018; portfolio 1.,not_accelerator_other,Y,,verified,"Tempe, US",n/a,,,,https://microelectronics.asu.edu/macrotechnology-works/,unknown,not_cohort_program,278,2026-10-07,both,815
Black Ocean,1750,https://app.dealroom.co/investors/black_ocean,n/a,,,,,,DEFUNCT: Squarespace domain not claimed; last DR round Jun 2014,likely_inactive,Y,,heuristic,"New York City, US",n/a,,,,http://www.blackocean.com/,unknown,inactive,279,2026-10-07,both,454
Initiate Studios,3846563,https://app.dealroom.co/investors/initiate_studios_1,n/a,,,,,https://www.initiate.vc/,NOT A COHORT PROGRAM: Initiate Studios / INITIATE Ventures builds AI-native healthcare companies. Reclassification candidate. Last DR round Jun/2023; portfolio 2.,not_accelerator_studio,Y,,verified,"Hillsborough, US",n/a,,,,https://www.initiate.vc/,unknown,not_cohort_program,280,2026-10-07,both,498
BrainTrust Founders Studio,4534032,https://app.dealroom.co/investors/braintrust_founders_studio,n/a,,,,,,LIKELY INACTIVE: site unreachable; last DR round Jan 2024,likely_inactive,Y,,heuristic,"Los Angeles, US",n/a,,,,https://braintrustfoundersstudio.com/,unknown,inactive,281,2026-10-07,both,310
OCEAN Accelerator,173759,https://app.dealroom.co/investors/ocean_accelerator,OCEAN Accelerator,,,,,https://oceanprograms.com/,OCEAN Programs (Cohort 10; site ©2022); no dates. Last DR round May/2023; portfolio 22.,active_undated,Y,,,"Cincinnati, US",unknown,,,,https://oceanprograms.com/,unknown,no_public_dates,282,2026-10-07,both,103
Draper Startup House Accelerator,4264810,https://app.dealroom.co/investors/draper_startup_house_accelerator,n/a,,,,,,LIKELY INACTIVE: Draper Startup House Accelerator redirect; last DR round Oct 2022,likely_inactive,Y,,heuristic,"Austin, US",n/a,,,,https://dshaccelerator.com/,unknown,inactive,283,2026-10-07,both,787
"SamStella, LLC",171391,https://app.dealroom.co/investors/samstella_llc,n/a,,,,,https://samstella.com/,NOT A COHORT PROGRAM: SamStella is a strategic investment / operating firm. Reclassification candidate. Last DR round Apr/2014; portfolio 6.,not_accelerator_vc,Y,,verified,"New York City, US",n/a,,,,https://samstella.com/,unknown,not_cohort_program,284,2026-10-07,both,223
Ethereum Classic Labs,1234260,https://app.dealroom.co/investors/ethereum_classic_labs,n/a,,,,,,LIKELY INACTIVE: site 403; last DR round Apr 2019,likely_inactive,Y,,heuristic,"San Francisco, US",n/a,,,,http://etclabs.org/,unknown,inactive,285,2026-10-07,both,423
Starttech Ventures,952996,https://app.dealroom.co/investors/starttech_ventures,n/a,,,,,https://www.starttech.vc/,NOT A COHORT PROGRAM: Starttech Ventures is a Greek VC. Reclassification candidate. Last DR round Jan/2026; portfolio 17.,not_accelerator_vc,N,,verified,"Municipality of Nea Ionia, Greece",n/a,,,,https://www.starttech.vc/,unknown,not_cohort_program,286,2026-10-07,both,273
Facebook For Developers,929245,https://app.dealroom.co/investors/facebook_fbstart,n/a,,,,,,DEFUNCT: FbStart page 404 (program ended); last DR round Nov 2017,defunct,Y,,verified,"Palo Alto, US",n/a,,,,https://developers.facebook.com/fbstart/,unknown,inactive,287,2026-10-07,both,272
Lumos Accelerator,1233791,https://app.dealroom.co/investors/lumos_accelerator,n/a,,,,,,"LIKELY INACTIVE: Lumos 'applications closed, stay tuned' (stale); last DR round May 2017",likely_inactive,Y,,verified,"Columbus, US",n/a,,,,http://lumosinnovation.com/,unknown,inactive,288,2026-10-07,both,178
Hayseed Ventures,220805,https://app.dealroom.co/investors/hayseed_ventures,n/a,,,,,,DEFUNCT: site unreachable; last DR round Jun 2017,likely_inactive,Y,,heuristic,"Fayetteville, US",n/a,,,,http://hayseedventures.com/,unknown,inactive,289,2026-10-07,both,187
Lightship Foundation,1227890,https://app.dealroom.co/investors/hillman_accelerator,Lightship Foundation,,,,,https://www.lightship.foundation/,Lightship Foundation (site ©2022); no cohort dates. Last DR round Aug/2018; portfolio 18.,active_undated,Y,,,"Cincinnati, US",unknown,,,,https://www.lightship.foundation/,unknown,no_public_dates,290,2026-10-07,both,95
Small World Group,25900,https://app.dealroom.co/investors/small_world_group,n/a,,,,,,DEFUNCT: domain for sale (HugeDomains); last DR round May 2020,likely_inactive,Y,,heuristic,"San Francisco, US",n/a,,,,https://www.hugedomains.com/domain_profile.cfm?d=smallworldgroup.com,unknown,inactive,291,2026-10-07,investors_types,
Launch Factory,2984108,https://app.dealroom.co/investors/launch_factory,n/a,,,,,https://launchfactory.com/,NOT A COHORT PROGRAM: Launch Factory is a startup studio. Reclassification candidate. Last DR round Jun/2025; portfolio 3.,not_accelerator_studio,Y,,verified,"San Diego, US",n/a,,,,https://launchfactory.com/,unknown,not_cohort_program,292,2026-10-07,both,360
NeuroLaunch,140068,https://app.dealroom.co/investors/neurolaunch,n/a,,,,,,LIKELY INACTIVE: site placeholder; last DR round Dec 2015,likely_inactive,Y,,heuristic,"Glenwood, US",n/a,,,,https://neurolaunch.org/,unknown,inactive,293,2026-10-07,both,643
Mana Up,1239581,https://app.dealroom.co/investors/mana_up,Mana Up accelerator (Hawaiʻi consumer brands),Cohort 12,,2027-03-02,,https://manauphawaii.com/,"Cohort 12 applications open until Mar 2, 2027 (Hawaii News Now; secondary). Six-month program. Cohort 11 (11 of 256) announced Jun 2026.",active_dated,Y,,,"Honolulu, US",1x/yr,,,,https://www.hawaiinewsnow.com/2026/06/15/local-brands-join-mana-up-cohort-11-expand-hawaii-made-businesses/ | https://manauphawaii.com/,published,open,294,2026-10-07,both,283
CatalyzeCU,1217544,https://app.dealroom.co/investors/catalyzecu,Catalyze CU (summer),Summer 2027,2027-03,,,https://www.colorado.edu/catalyzecu/,Summer 2026 applications closed; 'next year's applications will open in March 2027'.,active_dated,Y,,,"Boulder, US",1x/yr,,,no equity,https://www.colorado.edu/catalyzecu/,published,upcoming_unpublished,295,2026-10-07,both,562
Boundless Venture,3846285,https://app.dealroom.co/investors/boundless_venture_co,Boundless Venture,,,,,https://bvco.co/,Boundless Venture; no cohort dates. Last DR round Jul/2025; portfolio 2.,active_undated,Y,,,"Oakland, US",unknown,,,,https://bvco.co/,unknown,no_public_dates,296,2026-10-07,both,764
RevTech Labs,151003,https://app.dealroom.co/investors/revtech_labs,RevTech Labs Accelerator,Class 26,,,,https://www.revtechlabs.co/accelerator-program-founder,"Class 26 applications open (no deadline published). Class 25 closed Aug 2, 2026 (Sep 2026 kickoff). 12-week hybrid, Charlotte.",duplicate,Y,,verified,"Charlotte, US",~2x/yr,,,up to $120K,https://www.revtechlabs.co/accelerator-program-founder | https://www.linkedin.com/posts/revtech-labs_founders-accelerate-revtechlabs-activity-7485704604261928960-E4Mp,published,open,297,2026-10-07,both,102
MACH37 Cyber Accelerator,250013,https://app.dealroom.co/investors/mach37_cyber_accelerator,MACH37 cyber accelerator,Spring 2027,,,,https://mach37.com/,Applications accepted on a rolling basis for US-based Spring 2027 cohorts. No deadline published.,active_dated,Y,,,"Herndon, US","~2x/yr, rolling",,,,https://mach37.com/,published,open,298,2026-10-07,both,165
Automation Alley,108759,https://app.dealroom.co/investors/automation_alley,n/a,,,,,https://automationalley.com/,NOT A COHORT PROGRAM: Automation Alley is a Michigan industry association / Industry 4.0 center. Reclassification candidate. Last DR round Mar/2023; portfolio 4.,not_accelerator_other,Y,,verified,"Troy, US",n/a,,,,https://automationalley.com/,unknown,not_cohort_program,299,2026-10-07,both,278
757 Accelerate,3101108,https://app.dealroom.co/investors/757_accelerate,n/a,,,,,,LIKELY INACTIVE: 757accelerate.org now serves a gambling site; last DR round Feb 2025 (program may have moved domains),likely_inactive,Y,,heuristic,"Virginia Beach, US",n/a,,,,https://757accelerate.org/,unknown,inactive,300,2026-10-07,both,485
LogicBoost Labs,2073583,https://app.dealroom.co/investors/logicboost_labs,n/a,,,,,,LIKELY INACTIVE: site ©2019 placeholder; last DR round Jun 2024,likely_inactive,Y,,heuristic,"San Diego, US",n/a,,,,https://logicboostlabs.com/,unknown,inactive,301,2026-10-07,both,229
Bounce Innovation Hub,2038919,https://app.dealroom.co/investors/bounce_innovation_hub,Synthe6 Materials Accelerator (at Bounce),inaugural 2026,,,,https://bouncehub.org/,"Inaugural Demo Day Sep 24, 2026. No next-cohort dates.",active_undated,Y,,,"Akron, US",unknown,,2026-09-24,,https://bouncehub.org/,published,closed,302,2026-10-07,both,227
FHI Ventures,1236393,https://app.dealroom.co/investors/fhi_ventures,n/a,,,,,https://www.fhi360.org/,NOT A COHORT PROGRAM: FHI Ventures belongs to FHI 360 (global development nonprofit). Reclassification candidate. Last DR round May/2018; portfolio 8.,not_accelerator_other,Y,,verified,"Washington DC, US",n/a,,,,https://www.fhi360.org/,unknown,not_cohort_program,303,2026-10-07,both,604
Bright Ventures,3562857,https://app.dealroom.co/investors/bright_ventures_,n/a,,,,,https://www.brightventures.io/,NOT A COHORT PROGRAM: Bright Ventures is a fund. Reclassification candidate. Last DR round Oct/2024; portfolio 3.,not_accelerator_vc,Y,,verified,"New York City, US",n/a,,,,https://www.brightventures.io/,unknown,not_cohort_program,304,2026-10-07,both,492
Startl,1281020,https://app.dealroom.co/investors/startl,n/a,,,,,,DEFUNCT: site unreachable; last DR round Mar 2011,likely_inactive,Y,,heuristic,"New York City, US",n/a,,,,http://startl.org/,unknown,inactive,305,2026-10-07,both,635
MIT Sandbox,3055248,https://app.dealroom.co/investors/mit_sandbox,MIT Sandbox,,,,,https://sandbox.mit.edu/,MIT Sandbox student-founder funding; rolling applications (MIT only).,active_rolling,Y,,,"Cambridge, US",rolling,,,,https://sandbox.mit.edu/,unknown,rolling,306,2026-10-07,both,233
Bonbillo,2750077,https://app.dealroom.co/investors/bonbillo,Bonbillo,,,,,https://www.bonbillo.com/,"Paid program (from $4,999); rolling.",active_rolling,Y,,,"Boston, US",rolling,,,,https://www.bonbillo.com/,unknown,rolling,307,2026-10-07,both,709
Astralabs,2983470,https://app.dealroom.co/investors/astralabs,n/a,,,,,,LIKELY INACTIVE: site unreachable; last DR round Jan 2023,likely_inactive,Y,,heuristic,"Austin, US",n/a,,,,http://astralabs.com/,unknown,inactive,308,2026-10-07,both,88
Innovate Mississippi,169938,https://app.dealroom.co/investors/innovate_mississippi,Innovate Mississippi,,,,,https://www.innovate.ms/,Innovate Mississippi CoBuilders cohort; no application dates. Last DR round Apr/2025; portfolio 27.,active_undated,Y,,,"Ridgeland, US",unknown,,,,https://www.innovate.ms/,unknown,no_public_dates,309,2026-10-07,both,62
Fusen World,4610496,https://app.dealroom.co/investors/fusen_world,n/a,,,,,https://fusen.world/,NOT A COHORT PROGRAM: Fusen World is an accelerator-software platform. Reclassification candidate. Last DR round Apr/2024; portfolio 8.,not_accelerator_other,Y,,verified,"Sandy Springs, US",n/a,,,,https://fusen.world/,unknown,not_cohort_program,310,2026-10-07,both,238
Jefferson Education Accelerator,1240592,https://app.dealroom.co/investors/jefferson_education_accelerator,n/a,,,,,,DEFUNCT: domain now an Indonesian gambling site; last DR round Feb 2017,likely_inactive,Y,,heuristic,"Washington DC, US",n/a,,,,https://megahoki-bersih.info/,unknown,inactive,311,2026-10-07,both,334
Atlas Accelerator,1233356,https://app.dealroom.co/investors/atlas_accelerator,n/a,,,,,,DEFUNCT: site ©2013; last DR round Dec 2013,likely_inactive,Y,,heuristic,"Bellevue, US",n/a,,,,https://www.atlasaccelerator.com/,unknown,inactive,312,2026-10-07,both,332
"Hartford InsurTech Hub,",2518479,https://app.dealroom.co/investors/hartford_insurtech_hub_,n/a,,,,,,DEFUNCT: domain redirects to an unrelated site; last DR round Nov 2022,likely_inactive,Y,,heuristic,"Hartford, US",n/a,,,,https://www.revue-glad.org/,unknown,inactive,313,2026-10-07,both,706
BioAccel,106696,https://app.dealroom.co/investors/bioaccel,n/a,,,,,,DEFUNCT: domain now a crypto-casino review site; last DR round Jul 2015,likely_inactive,Y,,heuristic,"Phoenix, US",n/a,,,,https://bioaccel.org/,unknown,inactive,314,2026-10-07,both,389
Platform Studio,3159274,https://app.dealroom.co/investors/platform_venture_studio,n/a,,,,,https://platformvc.ai/,NOT A COHORT PROGRAM: Platform Venture Studio. Reclassification candidate. Last DR round Feb/2024; portfolio 8.,not_accelerator_studio,Y,,verified,"San Francisco, US",n/a,,,,https://platformvc.ai/,unknown,not_cohort_program,315,2026-10-07,both,363
Travel Startups Incubator,873556,https://app.dealroom.co/investors/travel_startups_incubator,Travel Startups Incubator,,,,,https://www.travelstartups.co/,TravelStartups.co; no cohort dates. Last DR round Aug/2018; portfolio 22.,active_undated,Y,,,"Lake Wales, US",unknown,,,,https://www.travelstartups.co/,unknown,no_public_dates,316,2026-10-07,both,155
DeltaClimeVT,3846079,https://app.dealroom.co/investors/deltaclimevt,DeltaClimeVT Energy accelerator,Energy 2026,,2026-01-23,2026-03-30,https://deltaclimevt.com/,"2027 call not yet published; the 2026 call opened Nov 2025, so a Nov 2026–Jan 2027 window is likely (INFERRED).",active_undated,Y,,,"Montpelier, US",1x/yr,2026-06-11,,,https://vermontbiz.com/news/2026/march/27/vermont-based-deltaclimevt-business-accelerator-selects-energy-2026-cohort,published,closed,317,2026-10-07,both,368
Startup Haven,2473311,https://app.dealroom.co/investors/startup_haven,Startup Haven,,,,,https://startuphaven.com/,Startup Haven community; no cohort dates. Last DR round Jan/2024; portfolio 2.,active_undated,Y,,,"Seattle, US",unknown,,,,https://startuphaven.com/,unknown,no_public_dates,318,2026-10-07,both,475
Iowa Startup Accelerator,240552,https://app.dealroom.co/investors/iowa_startup_accelerator,n/a,,,,,,LIKELY INACTIVE: site 404; last DR round Mar 2018,likely_inactive,Y,,heuristic,"Cedar Rapids, US",n/a,,,,http://iowastartupaccelerator.com/blog-2,unknown,inactive,319,2026-10-07,both,108
Venture Lane,3609215,https://app.dealroom.co/investors/venture_lane,n/a,,,,,https://theventurelane.com/,NOT A COHORT PROGRAM: Venture Lane is a coworking space (pitch nights). Reclassification candidate. Last DR round Nov/2024; portfolio 8.,not_accelerator_other,Y,,verified,"Boston, US",n/a,,,,https://theventurelane.com/,unknown,not_cohort_program,320,2026-10-07,both,235
TechLaunch,162885,https://app.dealroom.co/investors/techlaunch,TechLaunch,,,,,https://techlaunch.com/,TechLaunch; no dates; last DR round Apr 2019.,active_undated,Y,,,"Montclair, US",unknown,,,,https://techlaunch.com/,unknown,no_public_dates,321,2026-10-07,both,130
Downing Capital Group,3846252,https://app.dealroom.co/investors/downing_capital_group,n/a,,,,,https://downingcap.com/,NOT A COHORT PROGRAM: Downing Capital Group conceives and backs businesses (holding/VC). Reclassification candidate. Last DR round Jul/2025; portfolio 1.,not_accelerator_vc,Y,,verified,"Harwich, US",n/a,,,,https://downingcap.com/,unknown,not_cohort_program,322,2026-10-07,both,762
Primo Medical Group,1243995,https://app.dealroom.co/investors/primo_medical_group,n/a,,,,,https://www.primomedicalgroup.com/,NOT A COHORT PROGRAM: Primo Medical Group is a medical-device contract manufacturer. Reclassification candidate. Last DR round Aug/2022; portfolio 2.,not_accelerator_other,Y,,verified,"Stoughton, US",n/a,,,,https://www.primomedicalgroup.com/,unknown,not_cohort_program,323,2026-10-07,both,431
CONNECT,1218764,https://app.dealroom.co/investors/connect_san_diego,CONNECT,,,,,http://connect.org/,CONNECT San Diego site empty to curl; no dates. Last DR round Feb/2025; portfolio 1.,active_undated,Y,,,"San Diego, US",unknown,,,,http://connect.org/,unknown,no_public_dates,324,2026-10-07,both,565
Momentum Accelerator,1226295,https://app.dealroom.co/investors/momentum_accelerator,Momentum Accelerator,,,,,https://wellfound.com/company/momentum-3,Momentum Accelerator: Wellfound page only. Last DR round May/2026; portfolio 5.,active_undated,Y,,,"San Francisco, US",unknown,,,,https://wellfound.com/company/momentum-3,unknown,no_public_dates,325,2026-10-07,both,245
Inception Studio,5394624,https://app.dealroom.co/investors/inception_studio,Inception Studio,,,,,https://www.inceptionstudio.org/,"Zero-equity, zero-cost AI founders community; rolling. Next Demo Day Oct 19, 2026.",active_dated,Y,,,"Palo Alto, US",rolling,,2026-10-19,,https://www.inceptionstudio.org/,unknown,rolling,326,2026-10-07,both,817
Sowlutions,3846479,https://app.dealroom.co/investors/sowlutions,Sowlutions,,,,,https://sowlutions.com/,Sowlutions hands-on accelerator (services); no dates. Last DR round Feb/2026; portfolio 2.,active_undated,Y,,,"Lewes, US",unknown,,,,https://sowlutions.com/,unknown,no_public_dates,327,2026-10-07,both,497
Accel7,3846803,https://app.dealroom.co/investors/accel7,n/a,,,,,,DEFUNCT: domain now an Indonesian lottery site; last DR round Jul 2022,likely_inactive,Y,,heuristic,US,n/a,,,,https://mitratogel.criticalservicelearning.org/,unknown,inactive,328,2026-10-07,both,776
MARL Accelerator,3846838,https://app.dealroom.co/investors/marl_accelerator,MARL Accelerator,Fall 2026 Cohort 14,,,,https://marlvc.com/apply-now/,Fall 2026 Cohort 14 applications open (deadline not captured). 12-week virtual program.,active_dated,Y,,,"San Francisco, US",~2x/yr,,,$50K for 5%,https://marlvc.com/accelerator-program/ | https://www.linkedin.com/posts/marl_apply-now-activity-7482510362060259328-Zi5e,published,open,329,2026-10-07,both,72
Socratic Labs,1231785,https://app.dealroom.co/investors/socratic_labs,n/a,,,,,,DEFUNCT: site empty; last DR round Apr 2018,likely_inactive,Y,,heuristic,"New York City, US",n/a,,,,http://socraticlabs.com/,unknown,inactive,330,2026-10-07,both,597
Northwestern Mutual Black Founder Accelerator,3440050,https://app.dealroom.co/investors/northwestern_mutual_black_founder_accelerator,n/a,,,,,,DEFUNCT: gener8tor Black Founder Accelerator domain for sale; last DR round Oct 2023,likely_inactive,Y,,heuristic,"Madison, US",n/a,,,,https://ww16.gener8torblackfounderaccelerator.com/?sub1=20261008-0544-54b1-b106-a547e7525d13,unknown,inactive,331,2026-10-07,both,170
Nucleate Activator,5400429,https://app.dealroom.co/investors/nucleate_activator,Nucleate Activator (US chapters),2027 cohort,,2026-10-20,2026-10,http://nucleate.org/activator/,"Applications for the 2027 cohort due Oct 20, 2026 (US chapters). Team formation Oct 2026; workshops culminate in a pitch showcase.",active_dated,Y,,,"Boston, US",1x/yr,,,no equity,http://nucleate.org/activator/,published,open,332,2026-10-07,both,818
Unbank.Ventures,1228703,https://app.dealroom.co/investors/unbank_ventures,n/a,,,,,,LIKELY INACTIVE: Wix domain-connection error; last DR round Oct 2025,likely_inactive,Y,,heuristic,"San Francisco, US",n/a,,,,https://unbankventures.com/,unknown,inactive,333,2026-10-07,both,416
QUBIC Labs,3846172,https://app.dealroom.co/investors/qubic_labs,QUBIC Labs,,,,,https://qubiclabs.com/,Qubic Labs; no cohort dates. Last DR round Jul/2024; portfolio 2.,active_undated,Y,,,"Quincy, US",unknown,,,,https://qubiclabs.com/,unknown,no_public_dates,334,2026-10-07,both,759
EDge-NYC,1263749,https://app.dealroom.co/investors/edge_nyc,n/a,,,,,https://www.edtechweek.com/,NOT A COHORT PROGRAM: EDge-NYC domain now EdTech Week (conference + fellowship). Reclassification candidate. Last DR round Mar/2017; portfolio 2.,not_accelerator_other,Y,,verified,"New York City, US",n/a,,,,https://www.edtechweek.com/,unknown,not_cohort_program,335,2026-10-07,both,634
Venture Atlanta,1376468,https://app.dealroom.co/investors/venture_atlanta,n/a,,,,,https://www.ventureatlanta.org/,NOT A COHORT PROGRAM: Venture Atlanta is an investor conference. Reclassification candidate. Last DR round Oct/2024; portfolio 4.,not_accelerator_other,Y,,verified,"Atlanta, US",n/a,,,,https://www.ventureatlanta.org/,unknown,not_cohort_program,336,2026-10-07,both,441
VentureSpur,113384,https://app.dealroom.co/investors/venturespur,n/a,,,,,,LIKELY INACTIVE: site 502; last DR round Aug 2022,likely_inactive,Y,,heuristic,"Dallas, US",n/a,,,,http://venturespur.com/,unknown,inactive,337,2026-10-07,both,159
R/GA IoT Venture Studio UK,980065,https://app.dealroom.co/investors/r_ga_iot_venture_studio_uk,n/a,,,,,,DEFUNCT: site unreachable; last DR round Feb 2018,likely_inactive,N,,heuristic,"London, United Kingdom",n/a,,,,http://rgaiot.com/,unknown,inactive,338,2026-10-07,both,859
Velocity Accelerator,1216888,https://app.dealroom.co/investors/velocity_accelerator,n/a,,,,,,DEFUNCT: site unreachable; last DR round Feb 2018,likely_inactive,Y,,heuristic,"Birmingham, US",n/a,,,,http://velocitybham.com/,unknown,inactive,339,2026-10-07,both,160
Startup Bucks,4670030,https://app.dealroom.co/investors/startup_bucks,n/a,,,,,https://startupbucks.org/,NOT A COHORT PROGRAM: Startup Bucks runs pitch events. Reclassification candidate. Last DR round Sep/2022; portfolio 1.,not_accelerator_other,Y,,verified,"Doylestown, US",n/a,,,,https://startupbucks.org/,unknown,not_cohort_program,340,2026-10-07,both,800
Kentucky Innovation Network,3846637,https://app.dealroom.co/investors/kentucky_innovation_network,n/a,,,,,https://www.kyinnovation.com/,NOT A COHORT PROGRAM: Kentucky Innovation Network is a state support network. Reclassification candidate. Last DR round Jul/2023; portfolio 21.,not_accelerator_other,Y,,verified,"Lexington, US",n/a,,,,https://www.kyinnovation.com/,unknown,not_cohort_program,341,2026-10-07,both,772
Union Kitchen,2747394,https://app.dealroom.co/investors/union_kitchen,Union Kitchen,,,,,https://www.unionkitchen.com/,Union Kitchen food-business accelerator; no cohort dates on homepage. Last DR round Jan/2024; portfolio 44.,active_undated,Y,,,"Washington DC, US",unknown,,,,https://www.unionkitchen.com/,unknown,no_public_dates,342,2026-10-07,both,45
LEAP Axlr8r,205939,https://app.dealroom.co/investors/leap_axlr8r,n/a,,,,,,DEFUNCT: site empty; last DR round Jan 2014,likely_inactive,Y,,heuristic,"San Francisco, US",n/a,,,,http://leapaxlr8r.com/,unknown,inactive,343,2026-10-07,both,228
UB Cultivator,5074304,https://app.dealroom.co/investors/ub_cultivator,UB Cultivator,,,,,https://www.buffalo.edu/partnerships/about/programs/ub-cultivator.html,Cohort model since Jun 2026; applications open on a rolling basis with deadlines announced for future cohorts.,active_rolling,Y,,,"Buffalo, US",rolling,,,,https://www.buffalo.edu/partnerships/about/programs/ub-cultivator.html,unknown,rolling,344,2026-10-07,both,513
Manos Accelerator,120963,https://app.dealroom.co/investors/manos_accelerator,n/a,,,,,,LIKELY INACTIVE: site shows placeholders; last DR round Oct 2015,likely_inactive,Y,,heuristic,"San Jose, US",n/a,,,,https://manosaccelerator.com/,unknown,inactive,345,2026-10-07,both,100
Colab,1957060,https://app.dealroom.co/investors/colab_1,Colab,,,,,https://thecompanylab.org/apply-now/,"Energy/Mobility accelerator applications open (no deadline); CO.LAB Q (quantum) rolling, starts Nov 2026.",active_rolling,Y,,,"Chattanooga, US",rolling,,,,https://thecompanylab.org/apply-now/ | https://thequantuminsider.com/2026/08/16/company-lab-launches-colab-q-for-quantum-startups/,unknown,rolling,346,2026-10-07,both,688
Launch Blue,3301300,https://app.dealroom.co/investors/launch_blue,n/a,,,,,,LIKELY INACTIVE: site stale (2023 news); last DR round Oct 2020,likely_inactive,Y,,heuristic,"Lexington, US",n/a,,,,https://www.launchblue.org/,unknown,inactive,347,2026-10-07,both,739
University of Cincinnati Venture Lab,5572569,https://app.dealroom.co/investors/university_of_cincinnati_venture_lab,n/a,,,,,,LIKELY INACTIVE: UC Venture Lab page 404; last DR round Jan 2025,likely_inactive,Y,,verified,"Cincinnati, US",n/a,,,,https://www.innovation.uc.edu/what-we-do/Commercialization/venture-lab.html,unknown,inactive,348,2026-10-07,both,514
Runwayhc,3999327,https://app.dealroom.co/investors/runwayhc,Runwayhc,,,,,https://runwayhc.com/,Runway Health; no cohort dates. Last DR round Oct/2022; portfolio 1.,active_undated,Y,,,"Malvern, US",unknown,,,,https://runwayhc.com/,unknown,no_public_dates,349,2026-10-07,both,781
Bucks County Industrial Development Authority,2988211,https://app.dealroom.co/investors/bucks_county_industrial_development_authority,n/a,,,,,https://www.buckscountyida.com/,NOT A COHORT PROGRAM: Bucks County IDA is a public financing authority. Reclassification candidate. Last DR round Aug/2024; portfolio 6.,not_accelerator_other,Y,,verified,"Doylestown Township, US",n/a,,,,https://www.buckscountyida.com/,unknown,not_cohort_program,350,2026-10-07,both,207
DivInc,1222042,https://app.dealroom.co/investors/divinc,DivInc Women in Tech Accelerator,2026,,2026-09-04,2026-09-21,https://divinc.org/active-accelerators/women-in-tech,10 weeks (two in-person weeks in Austin). No 2027 dates.,active_dated,Y,,,"Austin, US",per track,,,,https://divinc.org/active-accelerators/women-in-tech,published,in_program,351,2026-10-07,both,215
"1819 Innovation Hub, University of Cincinnati",1215693,https://app.dealroom.co/investors/1819_innovation_hub_university_of_cincinnati,"1819 Innovation Hub, University of Cincinnati",,,,,https://research.uc.edu/,1819 Innovation Hub (UC); DR site points to UC research home page; no cohort dates. Last DR round Aug/2026; portfolio 14.,active_undated,Y,,,"Cincinnati, US",unknown,,,,https://research.uc.edu/,unknown,no_public_dates,352,2026-10-07,both,400
bk-xl.com,4389910,https://app.dealroom.co/investors/bk_xl_com,bk-xl.com,,,,,https://bk-xl.com/,BK-XL Brooklyn accelerator (site ©2024); no dates. Last DR round Apr/2023; portfolio 7.,active_undated,Y,,,"New York City, US",unknown,,,,https://bk-xl.com/,unknown,no_public_dates,353,2026-10-07,both,237
Enterprise Development Center (EDC),1221285,https://app.dealroom.co/investors/enterprise_development_center_edc_,n/a,,,,,,DEFUNCT: site unreachable; last DR round May 2016,likely_inactive,Y,,heuristic,"Newark, US",n/a,,,,https://venturelink.org/,unknown,inactive,354,2026-10-07,both,569
100X.com,1219000,https://app.dealroom.co/investors/100x_com,n/a,,,,,,DEFUNCT: site 403; last DR round Aug 2000,likely_inactive,Y,,heuristic,"Waltham, US",n/a,,,,http://100x.com/,unknown,inactive,355,2026-10-07,both,566
Entrepreneurs' Center,1216414,https://app.dealroom.co/investors/the_entrepreneurs_center,Entrepreneurs' Center,,,,,https://ecinnovates.com/,The Entrepreneurs' Center (Dayton); no cohort dates. Last DR round Mar/2024; portfolio 3.,active_undated,Y,,,"Dayton, US",unknown,,,,https://ecinnovates.com/,unknown,no_public_dates,356,2026-10-07,both,559
Pioneer,1767559,https://app.dealroom.co/investors/pioneer_app,Pioneer,,,,,https://pioneer.app/,Pioneer: no current tournament dates found; last DR round Jun 2023.,active_undated,Y,,,"San Francisco, US",unknown,,,,https://pioneer.app/,unknown,no_public_dates,357,2026-10-07,both,254
Adventus Ventures,1208393,https://app.dealroom.co/investors/adventus_ventures,n/a,,,,,http://adventusvc.com/,NOT A COHORT PROGRAM: Adventus Ventures is a VC. Reclassification candidate. Last DR round Sep/2020; portfolio 4.,not_accelerator_vc,Y,,verified,"Irvine, US",n/a,,,,http://adventusvc.com/,unknown,not_cohort_program,358,2026-10-07,both,243
Coolhouse Labs,139314,https://app.dealroom.co/investors/coolhouse_labs,n/a,,,,,,DEFUNCT: Squarespace domain not claimed; last DR round Sep 2015,likely_inactive,Y,,heuristic,"Detroit, US",n/a,,,,http://coolhouselabs.com/,unknown,inactive,359,2026-10-07,both,111
Fuelarts,3340597,https://app.dealroom.co/investors/fuelarts,n/a,,,,,,LIKELY INACTIVE: site unreachable; last DR round Feb 2023,likely_inactive,Y,,heuristic,"New York City, US",n/a,,,,http://fuelarts.com/,unknown,inactive,360,2026-10-07,both,741
Upstart Labs,153542,https://app.dealroom.co/investors/upstart_labs,n/a,,,,,,LIKELY INACTIVE: site stale (last post 2024); last DR round Mar 2013,likely_inactive,Y,,heuristic,"Portland, US",n/a,,,,https://upstartlabs.com/,unknown,inactive,361,2026-10-07,both,343
FiredUP,1268780,https://app.dealroom.co/investors/firedup,n/a,,,,,,DEFUNCT: domain redirects to a personal site; last DR round Apr 2015,likely_inactive,Y,,heuristic,"Columbia, US",n/a,,,,http://brianbrandow.com/,unknown,inactive,362,2026-10-07,both,437
Village88 TechLab,1227254,https://app.dealroom.co/investors/village88_techlab,n/a,,,,,,DEFUNCT: site unreachable; last DR round Oct 2014,likely_inactive,Y,,heuristic,"Bellevue, US",n/a,,,,http://techlab.village88.com/,unknown,inactive,363,2026-10-07,both,590
Intelligent Beauty,1212513,https://app.dealroom.co/investors/intelligent_beauty,n/a,,,,,,DEFUNCT: site unreachable; last DR round Oct 2012,likely_inactive,Y,,heuristic,"El Segundo, US",n/a,,,,http://ibinc.com/,unknown,inactive,364,2026-10-07,both,549
Lean Rocket Lab,2426831,https://app.dealroom.co/investors/lean_rocket_lab,Lean Rocket Lab,,,,,https://www.leanrocketlab.org/,"Lean Rocket Lab (nonprofit, Jackson MS); no dates. Last DR round Mar/2023; portfolio 2.",active_undated,Y,,,"Jackson, US",unknown,,,,https://www.leanrocketlab.org/,unknown,no_public_dates,365,2026-10-07,both,474
Centrepolis Accelerator,2116207,https://app.dealroom.co/investors/centrepolis_accelerator,Make it in Michigan Prototype Grant (Centrepolis),2026,,2026-07-12,,https://www.centrepolisaccelerator.com/,"Grant-style program; deadline Jul 12, 2026.",active_undated,Y,,,"Southfield, US",per program,,,,https://www.centrepolisaccelerator.com/,published,closed,366,2026-10-07,both,469
Free Electrons,2116037,https://app.dealroom.co/investors/free_electrons,n/a,,,,,,DEFUNCT: domain now an energy-content blog; last DR round Jun 2018,likely_inactive,Y,,heuristic,"San Francisco, US",n/a,,,,https://www.freetheelectron.com/,unknown,inactive,367,2026-10-07,both,692
Project Skyway,144854,https://app.dealroom.co/investors/project_skyway,n/a,,,,,,DEFUNCT: domain for sale; last DR round May 2012,likely_inactive,Y,,heuristic,"Minneapolis, US",n/a,,,,https://www.hugedomains.com/domain_profile.cfm?d=projectskyway.com,unknown,inactive,368,2026-10-07,both,221
Magnet Innovation Center,3846823,https://app.dealroom.co/investors/magnet_innovation_center,Magnet Innovation Center,,,,,http://127.0.0.1/,MAGNET site redirects to 127.0.0.1 (misconfigured); no dates. Last DR round Apr/2023; portfolio 1.,active_undated,Y,,,"Cleveland, US",unknown,,,,http://127.0.0.1/,unknown,no_public_dates,369,2026-10-07,both,777
Option3Ventures,1234076,https://app.dealroom.co/investors/option3_ventures,n/a,,,,,,LIKELY INACTIVE: site 526; last DR round Oct 2021,likely_inactive,Y,,heuristic,"New York City, US",n/a,,,,https://option3ventures.com/,unknown,inactive,370,2026-10-07,both,247
Education Design Studio (EDSi),1227048,https://app.dealroom.co/investors/education_design_studio_edsi_,n/a,,,,,,DEFUNCT: domain now an unrelated Bangkok schools blog; last DR round Jul 2016,likely_inactive,Y,,heuristic,"Philadelphia, US",n/a,,,,https://internationalschoolsinbangkok.com/how-much-do-international-school-teachers-earn-in-bangkok-a-country-by-country-comparison/,unknown,inactive,371,2026-10-07,both,413
The InVentures Group,3846436,https://app.dealroom.co/investors/the_inventures_group,The InVentures Group,,,,,https://theinventuresgroup.com/,The InVentures Group; no cohort dates. Last DR round Jun/2021; portfolio 2.,active_undated,Y,,,"Buffalo, US",unknown,,,,https://theinventuresgroup.com/,unknown,no_public_dates,372,2026-10-07,both,768
Seed Hatchery,129533,https://app.dealroom.co/investors/seed_hatchery,n/a,,,,,,DEFUNCT: domain parked; last DR round Oct 2020,likely_inactive,Y,,heuristic,"Memphis, US",n/a,,,,http://seedhatchery.com/,unknown,inactive,373,2026-10-07,both,124
Ark Challenge,1247980,https://app.dealroom.co/investors/ark_challenge,n/a,,,,,,DEFUNCT: site empty; last DR round Aug 2014,likely_inactive,Y,,heuristic,"Fayetteville, US",n/a,,,,http://arkchallenge.org/,unknown,inactive,374,2026-10-07,both,74
Pinnacle Atlanta Innovation Accelerator,6613563,https://app.dealroom.co/investors/pinnacle_atlanta_innovation_accelerator,Pinnacle Atlanta Innovation Accelerator,,,,,https://www.gener8tor.com/investment-accelerators/pinnacle-atlanta-innovation-accelerator,gener8tor-run program; deadline 'TBD (Rolling Applications)'.,duplicate,Y,,verified,"Atlanta, US",unknown,,,,https://www.gener8tor.com/investment-accelerators/pinnacle-atlanta-innovation-accelerator,unknown,rolling,375,2026-10-07,both,265
UB Incubators,4670441,https://app.dealroom.co/investors/ub_incubators,n/a,,,,,https://www.buffalo.edu/partnerships/about/centers-facilities-equipment/incubators.html,"NOT A COHORT PROGRAM: UB Incubators is office / coworking space (programs tracked under UB Cultivator, rank 344). Reclassification candidate. Last DR round Sep/2020; portfolio 7.",not_accelerator_other,Y,,verified,"Buffalo, US",n/a,,,,https://www.buffalo.edu/partnerships/about/centers-facilities-equipment/incubators.html,unknown,not_cohort_program,376,2026-10-07,both,803
ASU ScaleU,2115939,https://app.dealroom.co/investors/asu_scaleu,ASU ScaleU,,,,,https://scaleu.org/,ASU ScaleU edtech accelerator; no dates. Last DR round Jan/2020; portfolio 5.,active_undated,Y,,,"Tempe, US",unknown,,,,https://scaleu.org/,unknown,no_public_dates,377,2026-10-07,both,691
Lobo Labs,1294471,https://app.dealroom.co/investors/lobo_labs,Lobo Labs,,,,,https://www.creativestartups.org/,Lobo Labs domain now Creative Startups; no dates. Last DR round Jun/2020; portfolio 3.,active_undated,Y,,,"Albuquerque, US",unknown,,,,https://www.creativestartups.org/,unknown,no_public_dates,378,2026-10-07,both,336
Maryland Energy Innovation Accelerator,3846804,https://app.dealroom.co/investors/maryland_energy_innovation_accelerator,MEIA Investment Readiness Program,Nov 2026–Apr 2027,,2026-10-30,2026-11,https://mdeia.org/phase-3,"Application deadline Oct 30, 2026; 8-month program for Maryland climate-tech startups. MEIA Launchpad/Accelerator are rolling.",active_dated,Y,,,"College Park, US",per program; Launchpad rolling,2027-04,,,https://mdeia.org/phase-3,published,open,379,2026-10-07,both,501
MasterPeace LaunchPad,1233355,https://app.dealroom.co/investors/masterpeace_launchpad,n/a,,,,,,LIKELY INACTIVE: site generic; last DR round Jan 2018,likely_inactive,Y,,heuristic,"Columbia, US",n/a,,,,http://masterpeaceltd.com/,unknown,inactive,380,2026-10-07,both,601
Orion Startups,92487,https://app.dealroom.co/investors/orion_startups,Orion Startups,,,,,https://www.orionstartups.com/,Orion Startups (LatAm batches); no dates. Last DR round Jan/2023; portfolio 30.,active_undated,Y,,,US,unknown,,,,https://www.orionstartups.com/,unknown,no_public_dates,381,2026-10-07,both,174
ETC Baltimore,138864,https://app.dealroom.co/investors/emerging_technology_center,ETC Baltimore,,,,,http://etcbaltimore.com/,ETC Baltimore site near-empty; no dates. Last DR round Feb/2026; portfolio 1.,active_undated,Y,,,"Baltimore, US",unknown,,,,http://etcbaltimore.com/,unknown,no_public_dates,382,2026-10-07,both,640
Relevant Health,223358,https://app.dealroom.co/investors/relevant_health,n/a,,,,,,DEFUNCT: site unreachable; last DR round Oct 2015,likely_inactive,Y,,heuristic,"Rockville, US",n/a,,,,http://relevanthealth.md/,unknown,inactive,383,2026-10-07,both,230
Silicon Valley Innovation Center,3846302,https://app.dealroom.co/investors/silicon_valley_innovation_center_1,n/a,,,,,https://siliconvalley.center/,NOT A COHORT PROGRAM: Silicon Valley Innovation Center runs executive-education programs. Reclassification candidate. Last DR round Dec/2024; portfolio 1.,not_accelerator_other,Y,,verified,"San Mateo, US",n/a,,,,https://siliconvalley.center/,unknown,not_cohort_program,384,2026-10-07,both,765
Upekkha Accelerator,1245622,https://app.dealroom.co/investors/upekkha_accelerator,Upekkha AI accelerator,2026,,2026-09-06,,https://www.upekkha.io/,India-focused SaaS/AI accelerator (Delaware entity).,active_undated,Y,,,"Dover, US",~2x/yr,,,,https://www.upekkha.io/,published,closed,385,2026-10-07,both,624
Alyeska Venture Management,1215479,https://app.dealroom.co/investors/alyeska_venture_management,n/a,,,,,https://akacceleratorfund.com/,NOT A COHORT PROGRAM: Alyeska Venture Management runs the Alaska Accelerator Fund. Reclassification candidate. Last DR round Dec/2024; portfolio 3.,not_accelerator_vc,Y,,verified,"Anchorage, US",n/a,,,,https://akacceleratorfund.com/,unknown,not_cohort_program,386,2026-10-07,both,555
Startup Monthly,104591,https://app.dealroom.co/investors/startup_monthly,n/a,,,,,,DEFUNCT: website is a Facebook login; last DR round Jun 2014,likely_inactive,Y,,heuristic,"San Francisco, US",n/a,,,,https://www.facebook.com/login/?next=https%3A%2F%2Fwww.facebook.com%2Fgroups%2Fstartupmonthly,unknown,inactive,387,2026-10-07,both,531
Venture Hive,3006871,https://app.dealroom.co/investors/venture_hive_1,n/a,,,,,,LIKELY INACTIVE: Venture Hive site ©2021 with stale 'applications open'; last DR round Nov 2018,likely_inactive,Y,,heuristic,"Coral Gables, US",n/a,,,,https://venturehive.com/,unknown,inactive,388,2026-10-07,both,481
Ximyx,1234500,https://app.dealroom.co/investors/ximyx,n/a,,,,,,DEFUNCT: site unreachable; last DR round Apr 2017,likely_inactive,Y,,heuristic,"Palo Alto, US",n/a,,,,http://ximyx.com/,unknown,inactive,389,2026-10-07,both,424
OneTraction,1392795,https://app.dealroom.co/investors/onetraction,n/a,,,,,,DEFUNCT: placeholder site; last DR round Mar 2014,likely_inactive,Y,,heuristic,"San Francisco, US",n/a,,,,https://onetraction.com/,unknown,inactive,390,2026-10-07,both,641
AccelerateBaltimore,1245027,https://app.dealroom.co/investors/acceleratebaltimore,n/a,,,,,,DEFUNCT: site unreachable; last DR round Mar 2018,likely_inactive,Y,,heuristic,"Baltimore, US",n/a,,,,http://acceleratebaltimore.r2ismash.com/,unknown,inactive,391,2026-10-07,both,620
RSV Venture Partners,1245146,https://app.dealroom.co/investors/rsv_venture_partners,n/a,,,,,https://rsvcapital.com/,NOT A COHORT PROGRAM: RSV Capital is an investment firm. Reclassification candidate. Last DR round Dec/2019; portfolio 2.,not_accelerator_vc,Y,,verified,"New York City, US",n/a,,,,https://rsvcapital.com/,unknown,not_cohort_program,392,2026-10-07,both,621
LAUNCH,2116610,https://app.dealroom.co/investors/launch_5,UC LAUNCH accelerator (Berkeley),Spring 2027,2026-11,,,https://www.uclaunch.com/apply,Fall 2026 applications closed; 'S27 applications will open in November 2026'.,active_dated,Y,,,"Berkeley, US",2x/yr,,,,https://www.uclaunch.com/apply,published,upcoming_unpublished,393,2026-10-07,both,470
Main Street Foundry,6391606,https://app.dealroom.co/investors/main_street_foundry,Main Street Foundry,,,,,https://eni.gsu.edu/msesf/,GSU Main Street Foundry: Cohort 6 applications closed; no next dates. Last DR round Feb/2023; portfolio 1.,active_undated,Y,,,"Atlanta, US",unknown,,,,https://eni.gsu.edu/msesf/,unknown,no_public_dates,394,2026-10-07,both,828
Redhawk Launch Accelerator,5182824,https://app.dealroom.co/investors/redhawk_launch_accelerator,Redhawk Launch Accelerator,,,,,https://miamioh.edu/fsb/departments/entrepreneurship/startup-venture-capital.html,Miami University RedHawk programs (academic); no dates. Last DR round Jan/2023; portfolio 7.,active_undated,Y,,,"Oxford, US",unknown,,,,https://miamioh.edu/fsb/departments/entrepreneurship/startup-venture-capital.html,unknown,no_public_dates,395,2026-10-07,both,813
Geekdom,3852033,https://app.dealroom.co/investors/geekdom_1,Geekdom,,,,,https://www.geekdom.com/,Geekdom coworking/community; no cohort dates. Last DR round Oct/2023; portfolio 8.,active_undated,Y,,,"San Antonio, US",unknown,,,,https://www.geekdom.com/,unknown,no_public_dates,396,2026-10-07,both,503
Strategic Insight Advisors,3846798,https://app.dealroom.co/investors/strategic_insight_advisors,n/a,,,,,https://gainrinsight.com/,NOT A COHORT PROGRAM: Strategic Insight Advisors is an advisory firm. Reclassification candidate. Last DR round Oct/2020; portfolio 1.,not_accelerator_other,Y,,verified,"New York City, US",n/a,,,,https://gainrinsight.com/,unknown,not_cohort_program,397,2026-10-07,both,774
Cube Ventures (AI),3846666,https://app.dealroom.co/investors/cube_ventures_ai_,n/a,,,,,https://www.cube.ventures/,NOT A COHORT PROGRAM: Cube Ventures is a LatAm VC firm. Reclassification candidate. Last DR round Jun/2023; portfolio 40.,not_accelerator_vc,N,,verified,"Bogotá, Colombia",n/a,,,,https://www.cube.ventures/,unknown,not_cohort_program,398,2026-10-07,both,499
DesignTechnologies,3846322,https://app.dealroom.co/investors/designtechnologies,n/a,,,,,,DEFUNCT: site unknown domain; last DR round Jun 2020,likely_inactive,Y,,heuristic,"Branford, US",n/a,,,,http://designtechnologiesllc.com/,unknown,inactive,399,2026-10-07,both,496
Nike Accelerator,3096656,https://app.dealroom.co/investors/nike_accelerator,n/a,,,,,,DEFUNCT: site unreachable; last DR round Mar 2013,likely_inactive,Y,,heuristic,"Beaverton, US",n/a,,,,http://nikeaccelerator.com/,unknown,inactive,400,2026-10-07,both,484
Awesome,3050856,https://app.dealroom.co/investors/awesome_4,Awesome Inc Fellowship,Fall 2026,,,,https://awesomeinc.org/,"Fellowship Fall 2026 Demo Day Oct 15, 2026 (Lexington).",active_dated,Y,,,"Lexington, US",2x/yr,,2026-10-15,,https://awesomeinc.org/,published,in_program,401,2026-10-07,both,482
Dcstartupweek,2352731,https://app.dealroom.co/investors/dcstartupweek,n/a,,,,,https://www.dcstw.com/,NOT A COHORT PROGRAM: DC Startup & Tech Week is an event. Reclassification candidate. Last DR round Oct/2023; portfolio 12.,not_accelerator_other,Y,,verified,"Washington DC, US",n/a,,,,https://www.dcstw.com/,unknown,not_cohort_program,402,2026-10-07,both,697
Gtwy,1965221,https://app.dealroom.co/investors/gtwy,n/a,,,,,,DEFUNCT: Squarespace website expired; last DR round May 2017,likely_inactive,Y,,heuristic,"Oakland, US",n/a,,,,https://www.gtwy.co/,unknown,inactive,403,2026-10-07,both,226
Social Enterprise Greenhouse,1254360,https://app.dealroom.co/investors/social_enterprise_greenhouse,Social Enterprise Greenhouse,,,,,https://segri.org/,Social Enterprise Greenhouse; no cohort dates. Last DR round Feb/2020; portfolio 1.,active_undated,Y,,,"Providence, US",unknown,,,,https://segri.org/,unknown,no_public_dates,404,2026-10-07,both,632
Flywheel: Social Enterprise Hub,1247733,https://app.dealroom.co/investors/flywheel_social_enterprise_hub,Flywheel: Social Enterprise Hub,,,,,https://www.flywheelcincinnati.org/,Flywheel Social Enterprise Hub; no cohort dates. Last DR round Mar/2023; portfolio 1.,active_undated,Y,,,"Cincinnati, US",unknown,,,,https://www.flywheelcincinnati.org/,unknown,no_public_dates,405,2026-10-07,both,627
Fabric Media,1245459,https://app.dealroom.co/investors/fabric_media,n/a,,,,,https://www.fabricmedia.net/,NOT A COHORT PROGRAM: Fabric Media is a creative agency. Reclassification candidate. Last DR round Aug/2018; portfolio 1.,not_accelerator_other,Y,,verified,"Los Angeles, US",n/a,,,,https://www.fabricmedia.net/,unknown,not_cohort_program,406,2026-10-07,both,623
CyberLaunch,1243969,https://app.dealroom.co/investors/cyberlaunch,n/a,,,,,https://cyberlaunch.vc/,NOT A COHORT PROGRAM: CyberLaunch is now a VC. Reclassification candidate. Last DR round Aug/2016; portfolio 2.,not_accelerator_vc,Y,,verified,"Atlanta, US",n/a,,,,https://cyberlaunch.vc/,unknown,not_cohort_program,407,2026-10-07,both,616
Ignite Northwest,1240106,https://app.dealroom.co/investors/ignite_northwest,Ignite Northwest,,,,,https://www.ignitenorthwest.com/,Ignite Northwest; no dates. Last DR round Oct/2021; portfolio 1.,active_undated,Y,,,"Spokane, US",unknown,,,,https://www.ignitenorthwest.com/,unknown,no_public_dates,408,2026-10-07,both,608
Labs8,1239615,https://app.dealroom.co/investors/labs8,n/a,,,,,https://www.labs8.com/,NOT A COHORT PROGRAM: Labs8 is an advisory / fractional-CTO firm. Reclassification candidate. Last DR round Mar/2014; portfolio 1.,not_accelerator_other,Y,,verified,"Kirkland, US",n/a,,,,https://www.labs8.com/,unknown,not_cohort_program,409,2026-10-07,both,607
Odin Holdings,1232915,https://app.dealroom.co/investors/odin_holdings,n/a,,,,,,DEFUNCT: domain now a food-ordering site; last DR round Jul 2017,likely_inactive,Y,,heuristic,"Mountain Lakes, US",n/a,,,,https://www.munchoneats.com/,unknown,inactive,410,2026-10-07,both,420
Hartford Lab,1227877,https://app.dealroom.co/investors/hartford_lab,n/a,,,,,http://www.hartfordlab.com/,NOT A COHORT PROGRAM: Hartford Lab is a corporate innovation lab (The Hartford). Reclassification candidate. Last DR round Sep/2022; portfolio 1.,not_accelerator_other,Y,,verified,"New York City, US",n/a,,,,http://www.hartfordlab.com/,unknown,not_cohort_program,411,2026-10-07,both,592
Second Line,1227561,https://app.dealroom.co/investors/second_line,n/a,,,,,,LIKELY INACTIVE: site unreachable; last DR round Sep 2023,likely_inactive,Y,,heuristic,"New Orleans, US",n/a,,,,http://secondline.com/,unknown,inactive,412,2026-10-07,both,591
Scaler,1227031,https://app.dealroom.co/investors/scaler,n/a,,,,,,DEFUNCT: domain for sale; last DR round Apr 2024,likely_inactive,Y,,heuristic,"San Francisco, US",n/a,,,,https://thebrandable.com/buy-domain/scaler.co?redirected=true,unknown,inactive,413,2026-10-07,both,587
The eFactory,1224037,https://app.dealroom.co/investors/the_efactory,The eFactory,,,,,https://efactory.missouristate.edu/,"Missouri State efactory (boot camps, incubator); no cohort application dates. Last DR round Aug/2021; portfolio 2.",active_undated,Y,,,"Springfield, US",unknown,,,,https://efactory.missouristate.edu/,unknown,no_public_dates,414,2026-10-07,both,409
Walnut St. Labs,1223964,https://app.dealroom.co/investors/walnut_st_labs_1,n/a,,,,,https://walnutstlabs.com/,NOT A COHORT PROGRAM: Walnut St. Labs is now a consulting firm. Reclassification candidate. Last DR round Jul/2014; portfolio 1.,not_accelerator_other,Y,,verified,"West Chester, US",n/a,,,,https://walnutstlabs.com/,unknown,not_cohort_program,415,2026-10-07,both,578
Advance Ventures,1222525,https://app.dealroom.co/investors/advance_ventures,n/a,,,,,,"DEFUNCT: site redirect, empty; last DR round Jun 2010",likely_inactive,Y,,heuristic,"Campbell, US",n/a,,,,https://advanceventures.com/,unknown,inactive,416,2026-10-07,both,574
Endgame Partners,1222363,https://app.dealroom.co/investors/endgame_partners,n/a,,,,,,DEFUNCT: site 403; last DR round Dec 2013,likely_inactive,Y,,heuristic,"Beverly Hills, US",n/a,,,,http://endgamepartners.com/,unknown,inactive,417,2026-10-07,both,573
AREA,1218423,https://app.dealroom.co/investors/area,n/a,,,,,,DEFUNCT: site 403; last DR round Jun 2016,likely_inactive,Y,,heuristic,"New York City, US",n/a,,,,http://area.build/,unknown,inactive,418,2026-10-07,both,564
Imprint Lab,1214506,https://app.dealroom.co/investors/imprint_lab,n/a,,,,,,LIKELY INACTIVE: site ©2018; last DR round Jan 2023,likely_inactive,Y,,heuristic,"Long Beach, US",n/a,,,,https://www.imprintlab.com/,unknown,inactive,419,2026-10-07,both,398
Booga Ventures,1212917,https://app.dealroom.co/investors/booga_ventures,n/a,,,,,,DEFUNCT: Wix domain error; last DR round Apr 2014,likely_inactive,Y,,heuristic,"San Mateo, US",n/a,,,,https://boogaventures.com/,unknown,inactive,420,2026-10-07,both,396
ReadWrite Labs,1212455,https://app.dealroom.co/investors/readwrite_labs,n/a,,,,,,DEFUNCT: site empty; last DR round Feb 2015,likely_inactive,Y,,heuristic,"San Francisco, US",n/a,,,,http://readwritelabs.com/,unknown,inactive,421,2026-10-07,both,547
DTP Companies,1210878,https://app.dealroom.co/investors/dtp_companies,n/a,,,,,https://dtplv.com/,NOT A COHORT PROGRAM: DTP Companies is a construction company. Reclassification candidate. Last DR round Mar/2001; portfolio 15.,not_accelerator_other,Y,,verified,"Las Vegas, US",n/a,,,,https://dtplv.com/,unknown,not_cohort_program,422,2026-10-07,both,545
Digital Arts Media Network,1209326,https://app.dealroom.co/investors/digital_arts_media_network,n/a,,,,,,DEFUNCT: site redirect; last DR round Aug 2017,likely_inactive,Y,,heuristic,"New York City, US",n/a,,,,https://digitalamn.com/,unknown,inactive,423,2026-10-07,both,540
Impulsa Business Accelerator,1209317,https://app.dealroom.co/investors/impulsa_business_accelerator_1,n/a,,,,,,DEFUNCT: site 404; last DR round Jan 2014,likely_inactive,Y,,heuristic,"San Jose, US",n/a,,,,http://impulsausa.com/,unknown,inactive,424,2026-10-07,both,539
Octopus,1208010,https://app.dealroom.co/investors/octopus_1,n/a,,,,,,DEFUNCT: placeholder ('new site coming'); last DR round Sep 2014,likely_inactive,Y,,heuristic,"Scottsdale, US",n/a,,,,http://theoctopus.com/,unknown,inactive,425,2026-10-07,both,534
Paralect,888877,https://app.dealroom.co/investors/paralect,n/a,,,,,https://www.paralect.com/pulse,NOT A COHORT PROGRAM: Paralect is a software development company. Reclassification candidate. Last DR round Jul/2022; portfolio 5.,not_accelerator_other,Y,,verified,"Middletown, US",n/a,,,,https://www.paralect.com/pulse,unknown,not_cohort_program,426,2026-10-07,both,384
Cogo Labs,244845,https://app.dealroom.co/investors/cogo_labs,n/a,,,,,https://www.linkventures.com/link-studio,NOT A COHORT PROGRAM: Cogo Labs is now Link Studio (Link Ventures). Reclassification candidate. Last DR round Oct/2016; portfolio 1.,not_accelerator_studio,Y,,verified,"Cambridge, US",n/a,,,,https://www.linkventures.com/link-studio,unknown,not_cohort_program,427,2026-10-07,both,703
CEWIT Incubator,227336,https://app.dealroom.co/investors/cewit_incubator,n/a,,,,,,LIKELY INACTIVE: CEWIT incubator page 404; last DR round Jan 2018,likely_inactive,Y,,heuristic,"Town of Brookhaven, US",n/a,,,,https://www.cewit.org/incubator/,unknown,inactive,428,2026-10-07,both,694
Desai Accelerator,214813,https://app.dealroom.co/investors/desai_accelerator,Desai Accelerator (Michigan alumni),Batch 13 (2027),,,,https://www.desaiaccelerator.com/startup-accelerator,"2026 applications closed (deadline Feb 8, 2026). '2027 applications will open in late 2026'.",active_undated,Y,,,"Ann Arbor, US",1x/yr (summer),,,,https://www.desaiaccelerator.com/startup-accelerator,published,upcoming_unpublished,429,2026-10-07,both,471
4Catalyzer,162575,https://app.dealroom.co/investors/4catalyzer,n/a,,,,,https://www.4catalyzer.com/,NOT A COHORT PROGRAM: 4Catalyzer is a biotech/medtech company builder. Reclassification candidate. Last DR round Jan/2011; portfolio 1.,not_accelerator_studio,Y,,verified,"New York City, US",n/a,,,,https://www.4catalyzer.com/,unknown,not_cohort_program,430,2026-10-07,both,658
SEED SPOT,138537,https://app.dealroom.co/investors/seed_spot,SEED SPOT,,,,,https://seedspot.org/,SEED SPOT: UpTide Nonprofit Accelerator cohort 2 applications opened Jun 2026; no deadline captured. Last DR round Feb/2024; portfolio 4.,active_undated,Y,,,"Phoenix, US",unknown,,,,https://seedspot.org/,unknown,no_public_dates,431,2026-10-07,both,639
SKTA Innopartners,121395,https://app.dealroom.co/investors/skta_innopartners,n/a,,,,,,DEFUNCT: domain now SK Telecom Americas; last DR round Jan 2014,likely_inactive,Y,,heuristic,"Sunnyvale, US",n/a,,,,http://www.skta.com/,unknown,inactive,432,2026-10-07,both,552
Start Up Farms International,110413,https://app.dealroom.co/investors/start_up_farms_international,n/a,,,,,,DEFUNCT: site generic; last DR round Sep 2012,likely_inactive,Y,,heuristic,"Fremont, US",n/a,,,,http://startupfarms.com/,unknown,inactive,433,2026-10-07,both,390
Newchip,1655828,https://app.dealroom.co/investors/newchip,n/a,,,,,,DEFUNCT: newchip.com now serves an online-casino affiliate site; last DR round Feb 2023. Already marked closed in Dealroom (closing year 2023); not a DR fix candidate.,defunct,Y,2023,verified,"Austin, US",n/a,,,,https://newchip.com/,unknown,inactive,,2026-10-08,funding_investors_type,4
Start-Up Chile,3654,https://app.dealroom.co/investors/start_up_chile,Start-Up Chile Build / Ignite / Growth (BIG),BIG 12 (past),2026-05-04,2026-05-25,,https://startupchile.org/en/apply/,"BIG 12 window May 4–25, 2026, 13:00 Chile time (closed; results Jul 10, 2026). Previous window BIG 11 was Nov 5–28, 2025, so a Nov 2026 window is possible (INFERRED from pattern, not published). Apply page says ""opening soon"". HQ per Dealroom: Chile (in the 860 list via US location filter).",active_undated,N,,,"Santiago, Chile",2x/yr,,,"Build CLP 15M, Ignite CLP 25M equity-free (Corfo)",https://www.corfo.gob.cl/sites/cpp/programa/startup-chile/ | https://startupchile.org/en/apply/,published,upcoming_unpublished,,2026-10-08,funding_investors_type,9
Food-X,95039,https://app.dealroom.co/investors/food_x,n/a,,,,,,LIKELY INACTIVE: Food-X (SOSV) site static since ©2020; no program calls; last DR round Apr 2024. HQ per Dealroom: Ireland (in the 860 list via US location filter).,likely_inactive,N,,heuristic,"Cork, Ireland",n/a,,,,http://food-x.com/,unknown,inactive,,2026-10-08,funding_investors_type,25
The Brandery,1218984,https://app.dealroom.co/investors/the_brandery,n/a,,,,,,LIKELY INACTIVE: site behind Cloudflare block; no program activity found; last DR round Jul 2020. Already marked closed in Dealroom (closing year not set); not a DR fix candidate.,defunct,Y,closed (year not set),verified,"Cincinnati, US",n/a,,,,http://brandery.org/,unknown,inactive,,2026-10-08,funding_investors_type,29
Startup Wise Guys,15975,https://app.dealroom.co/investors/startup_wise_guys,Founders Club (Startup Wise Guys),Cohort 21,,2026-11-02,,https://startupwiseguys.com/all-programs/,"Application deadline Nov 2, 2026 (SWG all-programs page; LinkedIn ties it to Founders Club cohort 21). 3-month online pre-accelerator. Flagship Accelerator itself takes rolling applications (first come, first served). HQ per Dealroom: Estonia (in the 860 list via US location filter).",active_dated,N,,,"Tallinn, Estonia",~3x/yr,,,,https://startupwiseguys.com/all-programs/ | https://linkedin.com/company/startup-wise-guys | https://startupwiseguys.com/growing/flagship-accelerator/,published,open,,2026-10-08,funding_investors_type,30
NXTP Labs,73511,https://app.dealroom.co/investors/nxtp_labs,n/a,,,,,http://www.nxtplabs.com/,NOT A COHORT PROGRAM: NXTP Labs became NXTP Ventures (VC); site blocked; last DR round Oct 2019. Reclassification candidate. HQ per Dealroom: Argentina (in the 860 list via US location filter).,not_accelerator_vc,N,,verified,"Buenos Aires, Argentina",n/a,,,,http://www.nxtplabs.com/,unknown,not_cohort_program,,2026-10-08,funding_investors_type,32
CanopyBoulder,889669,https://app.dealroom.co/investors/canopyboulder,n/a,,,,,,DEFUNCT: site unreachable/empty from box; last DR round jul/2019. Already marked closed in Dealroom (closing year 2021); not a DR fix candidate.,defunct,Y,2021,verified,"Boulder, US",n/a,,,,http://www.canopyboulder.com/,unknown,inactive,,2026-10-08,funding_investors_type,37
UpTech Accelerator,1231273,https://app.dealroom.co/investors/uptech_accelerator,n/a,,,,,,DEFUNCT: domain parked/for sale/expired (uptechideas.org for sale); last DR round aug/2018. Already marked closed in Dealroom (closing year not set); not a DR fix candidate.,defunct,Y,closed (year not set),verified,"Covington, US",n/a,,,,http://uptechideas.org/,unknown,inactive,,2026-10-08,funding_investors_type,40
Opus Capital,1232723,https://app.dealroom.co/investors/opus_capital_1,n/a,,,,,,LIKELY INACTIVE: site unreachable/empty from box; last DR round apr/2021. HQ per Dealroom: Netherlands (in the 860 list via US location filter).,likely_inactive,N,,heuristic,"Amsterdam, Netherlands",n/a,,,,https://pinautomaatzoeken.nl/,unknown,inactive,,2026-10-08,funding_investors_type,41
The Startup Factory,173414,https://app.dealroom.co/investors/the_startup_factory,n/a,,,,,,"DEFUNCT: domain now serves unrelated content (title: 'Taya365 | Bonus, Games and More | 2026'); last DR round mar/2015. Already marked closed in Dealroom (closing year 2016); not a DR fix candidate.",defunct,Y,2016,verified,"Durham, US",n/a,,,,https://thestartupfactory.co/,unknown,inactive,,2026-10-08,funding_investors_type,48
LongHash Ventures,1812810,https://app.dealroom.co/investors/longhash_ventures,n/a,,,,,https://www.longhash.vc/,NOT A COHORT PROGRAM: LongHash Ventures describes itself as a frontier-tech venture firm. Reclassification candidate. Last DR round oct/2025; portfolio 124. HQ per Dealroom: Hong Kong (in the 860 list via US location filter).,not_accelerator_vc,N,,verified,"Southern District, Hong Kong",n/a,,,,https://www.longhash.vc/,unknown,not_cohort_program,,2026-10-08,funding_investors_type,50
Z80 Labs Technology Incubator,173561,https://app.dealroom.co/investors/z80_labs_technology_incubator,n/a,,,,,,LIKELY INACTIVE: site unreachable/empty from box; last DR round jul/2024. Already marked closed in Dealroom (closing year 2020); not a DR fix candidate.,defunct,Y,2020,verified,"Buffalo, US",n/a,,,,http://z80labs.com/,unknown,inactive,,2026-10-08,funding_investors_type,52
FasterCapital,1728912,https://app.dealroom.co/investors/fastercapital,FasterCapital,,,,,https://fastercapital.com/,"NOT A COHORT PROGRAM: FasterCapital is a fee-based online venture builder / service provider, not a cohort accelerator. Reclassification candidate. HQ per Dealroom: United Arab Emirates (in the 860 list via US location filter).",not_accelerator_other,N,,verified,"Dubai, United Arab Emirates",unknown,,,,https://fastercapital.com/,unknown,rolling,,2026-10-08,funding_investors_type,54
Microsoft for Startups MEA,3489894,https://app.dealroom.co/investors/microsoft_for_startups_mea,n/a,,,,,https://www.microsoft.com/en-lb/,NOT A COHORT PROGRAM: Microsoft for Startups MEA is a regional arm of Microsoft for Startups (perks program). Reclassification candidate. Last DR round apr/2024; portfolio 580. HQ per Dealroom: United Arab Emirates (in the 860 list via US location filter).,duplicate,N,,verified,"Dubai, United Arab Emirates",n/a,,,,https://www.microsoft.com/en-lb/,unknown,not_cohort_program,,2026-10-08,funding_investors_type,64
Chinaccelerator,873466,https://app.dealroom.co/investors/chinaccelerator,Sanabil Accelerator by Orbit (Batch 4),Batch 4,,,,https://orbitventures.com/,"Chinaccelerator domain now redirects to Orbit Ventures (Singapore). Orbit runs the Sanabil Accelerator; Batch 4 (13 companies) was selected on Sep 1, 2026. No Chinaccelerator cohorts. HQ per Dealroom: China (in the 860 list via US location filter).",defunct,N,,verified,"Huangpu, China",unknown,,,,https://orbitventures.com/,unknown,in_program,,2026-10-08,funding_investors_type,69
Citrix Startup Accelerator,156007,https://app.dealroom.co/investors/citrix_startup_accelerator,n/a,,,,,,DEFUNCT: Citrix Startup Accelerator site unreachable; last DR round Jul 2019. Already marked closed in Dealroom (closing year not set); not a DR fix candidate.,defunct,Y,closed (year not set),verified,"Santa Clara, US",n/a,,,,http://citrixstartupaccelerator.com/,unknown,inactive,,2026-10-08,funding_investors_type,70
Idea Foundry,1794877,https://app.dealroom.co/investors/idea_foundry,Idea Foundry,,,,,https://www.ideafoundry.org/,Idea Foundry (Pittsburgh) site ©2023; no cohort calendar. Last DR round mar/2025; portfolio 78.,active_undated,Y,,,"Pittsburgh, US",unknown,,,,https://www.ideafoundry.org/,unknown,no_public_dates,,2026-10-08,funding_investors_type,76
Cyberport Hong Kong,158933,https://app.dealroom.co/investors/cyberport_hong_kong,Cyberport Incubation Programme,Feb 2027 intake,,2026-12-01,2027-02,https://www.cyberport.hk/en/entrepreneurship/cyberport_incubation_programme/,"Online application deadline Dec 1, 2026 for the Feb 2027 intake; vetting Jan 2027, results Feb 2027. Accepts applications year-round. HQ per Dealroom: Hong Kong (in the 860 list via US location filter).",active_dated,N,,,"Southern District, Hong Kong",3x/yr (Feb/Jun/Oct intakes),,,,https://www.cyberport.hk/en/entrepreneurship/cyberport_incubation_programme/,published,open,,2026-10-08,funding_investors_type,92
Startmate,95044,https://app.dealroom.co/investors/startmate,Startmate Accelerator,Feb 2027 cohort,,2026-11-01,2027-02-01,https://www.startmate.com/,"Applications close Nov 1, 2026, 11:59pm AEDT. 14 weeks, remote-first with 3 weeks in person. HQ per Dealroom: Australia (in the 860 list via US location filter).",active_dated,N,,,Australia,2x/yr,2027-05-07,,A$120K at A$1.5M post-money,https://www.startmate.com/,published,open,,2026-10-08,funding_investors_type,94
autoXLR8R,114245,https://app.dealroom.co/investors/autoxlr8r,n/a,,,,,,DEFUNCT: site unreachable/empty from box; last DR round jul/2015. Already marked closed in Dealroom (closing year not set); not a DR fix candidate.,defunct,Y,closed (year not set),verified,"Nashville, US",n/a,,,,http://autoxlr8r.com/,unknown,inactive,,2026-10-08,funding_investors_type,106
Naver D2 Startup Factory,1844587,https://app.dealroom.co/investors/naver_d2_startup_factory,n/a,,,,,https://d2startup.com/ko,NOT A COHORT PROGRAM: Naver D2SF is Naver's corporate startup investment arm; no cohort calendar. Reclassification candidate. Last DR round sep/2026; portfolio 96. HQ per Dealroom: South Korea (in the 860 list via US location filter).,not_accelerator_vc,N,,verified,"Seoul, South Korea",n/a,,,,https://d2startup.com/ko,unknown,not_cohort_program,,2026-10-08,funding_investors_type,113
AppWorks,33305,https://app.dealroom.co/investors/appworks,AppWorks Accelerator,AW#34,2026-10,2026-12,2027-03,https://appworks.tw/,"AW#34 timeline: applications open Oct 2026, close Dec 2026 (month only; no day published), kick-off Mar 2027, Demo Day Jun 2027. HQ per Dealroom: Taiwan (in the 860 list via US location filter).",active_dated,N,,,"Taipei, Taiwan",2x/yr,,2027-06,,https://appworks.tw/,published,open,,2026-10-08,funding_investors_type,117
IeAD Sports & Health Tech Partners,3831476,https://app.dealroom.co/investors/iead_sports_health_tech_partners,n/a,,,,,https://www.lead.vc/,NOT A COHORT PROGRAM: Lead (lead.vc) sports & health-tech venture firm. Reclassification candidate. Last DR round jun/2024; portfolio 21. HQ per Dealroom: Germany (in the 860 list via US location filter). Already marked closed in Dealroom (closing year not set); not a DR fix candidate.,defunct,N,closed (year not set),verified,"Berlin, Germany",n/a,,,,https://www.lead.vc/,unknown,not_cohort_program,,2026-10-08,funding_investors_type,118
Founders Factory,866894,https://app.dealroom.co/investors/founders_factory,Founders Factory,,,,,https://foundersfactory.com/accelerator,"Founders Factory: partner programs (fintech, health, mining tech and others) open and close with no general deadline; 2026 partner deadlines included Mar 13, Apr 30 and Jul 10 (all closed). HQ per Dealroom: United Kingdom (in the 860 list via US location filter).",active_rolling,N,,,"London, United Kingdom",rolling,,,,https://foundersfactory.com/ | https://startupflowai.com/directory/accelerators/founders-factory,unknown,rolling,,2026-10-08,funding_investors_type,119
Katapult Group,926081,https://app.dealroom.co/investors/katapult_group_1,Katapult Group,,,,,https://katapult.vc/startups/accelerators/,"Katapult Accelerator: 2026 deadline was Apr 25, 2026 (secondary source: startupintros); 2027 not published. Katapult Ocean is rolling. Last DR round sep/2025; portfolio 125. HQ per Dealroom: Norway (in the 860 list via US location filter).",active_undated,N,,,"Oslo, Norway",unknown,,,,https://katapult.vc/startups/accelerators/ | https://startupintros.com/resources/katapult-accelerator-impact,unknown,no_public_dates,,2026-10-08,funding_investors_type,120
AI2 Incubator,2082027,https://app.dealroom.co/investors/ai2_incubator,AI2 Incubator,,,,,https://aihouse.vc/,AI2 Incubator site now AI House (Seattle ecosystem hub); no cohort dates. Last DR round jul/2026; portfolio 16. HQ per Dealroom: blank (in the 860 list via US location filter).,active_undated,,,,,unknown,,,,https://aihouse.vc/,unknown,no_public_dates,,2026-10-08,funding_investors_type,125
DeFi Alliance,2899622,https://app.dealroom.co/investors/defi_alliance,Alliance (crypto/fintech accelerator),ALL19,,,2027-01-11,https://alliance.xyz/,"ALL19, the next cohort, starts Jan 11, 2027. Interview decisions within 1 week; applications all year. HQ per Dealroom: Greece (in the 860 list via US location filter).",active_dated,N,,,Greece,rolling,,,,https://alliance.xyz/,published,rolling,,2026-10-08,funding_investors_type,133
Platanus Ventures,2910627,https://app.dealroom.co/investors/platanus_ventures,Platanus Ventures,,,,,https://platan.us/programa,"Platanus: 12-week program, US$200K for 7%. Has general application windows plus early/late applications; no current dated window found. Last DR round sep/2026; portfolio 92. HQ per Dealroom: Chile (in the 860 list via US location filter).",active_undated,N,,,Chile,unknown,,,US$200K for 7%,https://platan.us/ | https://platan.us/programa,unknown,no_public_dates,,2026-10-08,funding_investors_type,134
Equinor & Techstars Energy Accelerator,3007097,https://app.dealroom.co/investors/equinor_techstars_energy_accelerator_1,n/a,,,,,,LIKELY INACTIVE: Equinor & Techstars Energy Accelerator ran through 2023; equinor.com page is historical; last DR round Jun 2023. HQ per Dealroom: Norway (in the 860 list via US location filter).,likely_inactive,N,,heuristic,"Stavanger, Norway",n/a,,,,https://www.equinor.com/energy/techstars,unknown,inactive,,2026-10-08,funding_investors_type,140
Seedclub,3062132,https://app.dealroom.co/investors/seedclub_xyz,n/a,,,,,,LIKELY INACTIVE: domain parked/for sale/expired (Seed Club); last DR round apr/2026. HQ per Dealroom: Canada (in the 860 list via US location filter).,likely_inactive,N,,heuristic,"Vancouver, Canada",n/a,,,,https://www.seedclub.com/,unknown,inactive,,2026-10-08,funding_investors_type,141
Bitcoin Frontier Fund,4776233,https://app.dealroom.co/investors/btcfrontier,n/a,,,,,https://btcfrontier.fund/,NOT A COHORT PROGRAM: Bitcoin Frontier Fund is an investment fund (same team/domain lineage as Stacks Accelerator). Reclassification candidate. Last DR round oct/2025; portfolio 16. HQ per Dealroom: blank (in the 860 list via US location filter).,duplicate,,,verified,,n/a,,,,https://btcfrontier.fund/,unknown,not_cohort_program,,2026-10-08,funding_investors_type,142
Project Liberty Digital Incubator,87741,https://app.dealroom.co/investors/project_liberty_digital_incubator,n/a,,,,,,LIKELY INACTIVE: Project Liberty Digital Incubator page is a 2017 Ben Franklin post; last DR round Apr 2022. Already marked closed in Dealroom (closing year not set); not a DR fix candidate.,defunct,Y,closed (year not set),verified,"Philadelphia, US",n/a,,,,https://www.sep.benfranklin.org/2017/01/27/project-liberty-2017/,unknown,inactive,,2026-10-08,funding_investors_type,143
Crypto Valley Venture Capital (CV VC),1684498,https://app.dealroom.co/investors/crypto_valley_venture_capital_cv_vc_,n/a,,,,,https://cvvc.com/,NOT A COHORT PROGRAM: CV VC (Crypto Valley Venture Capital) is a VC firm. Reclassification candidate. Last DR round mar/2026; portfolio 37. HQ per Dealroom: Switzerland (in the 860 list via US location filter).,not_accelerator_vc,N,,verified,"Zug, Switzerland",n/a,,,,https://cvvc.com/,unknown,not_cohort_program,,2026-10-08,funding_investors_type,148
InNEVator,1241286,https://app.dealroom.co/investors/innevator,n/a,,,,,,LIKELY INACTIVE: site unreachable/empty from box; last DR round may/2022. Already marked closed in Dealroom (closing year not set); not a DR fix candidate.,defunct,Y,closed (year not set),verified,"Reno, US",n/a,,,,https://renoinnevator.com/,unknown,inactive,,2026-10-08,funding_investors_type,162
FounderFuel,137834,https://app.dealroom.co/investors/founderfuel,FounderFuel,,,,,https://founderfuel.com/,FounderFuel (Montreal) site live; no cohort dates. Last DR round may/2023; portfolio 108. HQ per Dealroom: Canada (in the 860 list via US location filter).,active_undated,N,,,"Montreal, Canada",unknown,,,,https://founderfuel.com/,unknown,no_public_dates,,2026-10-08,funding_investors_type,163
Norrsken Impact Accelerator,3003274,https://app.dealroom.co/investors/norrsken_impact_accelerator,Norrsken Impact Accelerator,,,,,https://www.norrskenevolve.vc/,"Norrsken Impact Accelerator now runs as Norrsken Evolve; no official deadline found. An aggregator lists Dec 31, 2026 (not verified; not used). Last DR round nov/2025; portfolio 94. HQ per Dealroom: Sweden (in the 860 list via US location filter).",active_undated,N,,,"Stockholms kommun, Sweden",unknown,,,,https://www.norrskenevolve.vc/ | https://innovaterwanda.rw/en/opportunities/25,unknown,no_public_dates,,2026-10-08,funding_investors_type,166
Remarkable,3007175,https://app.dealroom.co/investors/remarkable_1,Remarkable,,,,,https://www.remarkable.org/,"Quick pass: site live, no dated cohort window found on the homepage/apply page. Last DR round aug/2025; portfolio 68. HQ per Dealroom: Australia (in the 860 list via US location filter).",active_undated,N,,,"Sydney, Australia",unknown,,,,https://www.remarkable.org/,unknown,no_public_dates,,2026-10-08,funding_investors_type,167
DMZ,1212576,https://app.dealroom.co/investors/dmz,DMZ,,,,,https://dmz.to/apply,"DMZ Incubator: Fall 2026 cohort deadline Sep 1, 2026 (closed); year-round applications for Spring 2027 onboarding, with no deadline published. HQ per Dealroom: Canada (in the 860 list via US location filter).",active_rolling,N,,,"Toronto, Canada",rolling,,,,https://dmz.torontomu.ca/incubator,unknown,rolling,,2026-10-08,funding_investors_type,177
Velocity Indiana,142706,https://app.dealroom.co/investors/velocity_indiana,n/a,,,,,,DEFUNCT: site unreachable/empty from box; last DR round jan/2017. Already marked closed in Dealroom (closing year not set); not a DR fix candidate.,defunct,Y,closed (year not set),verified,US,n/a,,,,http://velocityindiana.org/,unknown,inactive,,2026-10-08,funding_investors_type,181
NUMA,28477,https://app.dealroom.co/investors/numa,n/a,,,,,https://www.numa.co/,NOT A COHORT PROGRAM: NUMA site is now a management/leadership training company. Reclassification candidate. Last DR round aug/2018; portfolio 135. HQ per Dealroom: France (in the 860 list via US location filter).,not_accelerator_other,N,,verified,"Paris, France",n/a,,,,https://www.numa.co/,unknown,not_cohort_program,,2026-10-08,funding_investors_type,188
Primer,33183,https://app.dealroom.co/investors/primer,Primer,,,,,https://www.primer.kr/,"Quick pass: site live, no dated cohort window found on the homepage/apply page. Last DR round apr/2026; portfolio 213. HQ per Dealroom: South Korea (in the 860 list via US location filter).",active_undated,N,,,"Seoul, South Korea",unknown,,,,https://www.primer.kr/,unknown,no_public_dates,,2026-10-08,funding_investors_type,191
F6 Ventures,864065,https://app.dealroom.co/investors/f6_ventures,n/a,,,,,https://f6.vc/,NOT A COHORT PROGRAM (heuristic): name indicates a VC/investment firm; not reviewed in depth. Reclassification candidate. Last DR round jun/2026; portfolio 536. HQ per Dealroom: Egypt (in the 860 list via US location filter).,not_accelerator_vc,N,,heuristic,Egypt,n/a,,,,https://f6.vc/,unknown,not_cohort_program,,2026-10-08,funding_investors_type,194
Parallel18,912862,https://app.dealroom.co/investors/parallel18,P18 (Parallel18 international accelerator),Gen. 15,,,,https://parallel18.com/p18/,"Gen. 14 applications closed Mar 1, 2026 (program started July 2026). Site: ""Applications will reopen in 2027"" (no date). A Jan–Mar 2027 window is possible (INFERRED from Gen. 14, not published).",active_undated,Y,,,"San Juan, Puerto Rico",1x/yr,,,$100K SAFE,https://parallel18.com/p18/ | https://newsismybusiness.com/p18-accelerator-opens-applications-for-generation-14/,published,upcoming_unpublished,,2026-10-08,funding_investors_type,196
Parallel18,912862,https://app.dealroom.co/investors/parallel18,BioLeap (Parallel18 life-sciences program),Gen. 4,2026-09-01,2026-11-01,,https://parallel18.com/bioleap/,"BioLeap Gen 4 is open. Deadline Nov 1, 2026, 11:59 PM GMT-3 (YouNoodle listing on the Parallel18 homepage).",active_dated,Y,,,"San Juan, Puerto Rico",1x/yr,,,,https://parallel18.com/ | https://parallel18.com/bioleap/,published,open,,2026-10-08,funding_investors_type,196
RebelBio,958698,https://app.dealroom.co/investors/rebelbio,n/a,,,,,,LIKELY INACTIVE: site unreachable/empty from box; last DR round dec/2020. HQ per Dealroom: United Kingdom (in the 860 list via US location filter).,likely_inactive,N,,heuristic,"London, United Kingdom",n/a,,,,https://rebelbio.co/,unknown,inactive,,2026-10-08,funding_investors_type,197
NDRC,127768,https://app.dealroom.co/investors/ndrc_launchpad,NDRC,,,,,https://accelerator.ndrc.ie/apply,NDRC moved to rolling applications with monthly intakes (2–3 startups/month). HQ per Dealroom: Ireland (in the 860 list via US location filter).,active_rolling,N,,,"Dublin, Ireland",rolling,,,,https://www.ndrc.ie/blog/no-more-waiting | https://accelerator.ndrc.ie/apply,unknown,rolling,,2026-10-08,funding_investors_type,199
100Unicorns,1892591,https://app.dealroom.co/investors/9unicorns,n/a,,,,,https://100unicorns.in/,NOT A COHORT PROGRAM: 100 Unicorns is a VC fund (Indian Angel Network). Reclassification candidate. Last DR round sep/2026; portfolio 142. HQ per Dealroom: India (in the 860 list via US location filter).,not_accelerator_vc,N,,verified,"Mumbai, India",n/a,,,,https://100unicorns.in/,unknown,not_cohort_program,,2026-10-08,funding_investors_type,201
Openfund,28177,https://app.dealroom.co/investors/openfund,n/a,,,,,,LIKELY INACTIVE: site unreachable/empty from box; last DR round oct/2021. HQ per Dealroom: Greece (in the 860 list via US location filter).,likely_inactive,N,,heuristic,"Athens, Greece",n/a,,,,http://www.theopenfund.com/,unknown,inactive,,2026-10-08,funding_investors_type,204
Imperial Innovations,28372,https://app.dealroom.co/investors/imperial_innovations,n/a,,,,,,LIKELY INACTIVE: site unreachable/empty from box; last DR round aug/2021. HQ per Dealroom: United Kingdom (in the 860 list via US location filter).,likely_inactive,N,,heuristic,"London, United Kingdom",n/a,,,,http://www.imperialinnovations.co.uk/,unknown,inactive,,2026-10-08,funding_investors_type,205
Candaq Fintech Group,2906579,https://app.dealroom.co/investors/candaq_fintech_group,Candaq Fintech Group,,,,,https://candaq.com/,"Quick pass: site live, no dated cohort window found on the homepage/apply page. Last DR round jul/2026; portfolio 17. HQ per Dealroom: blank (in the 860 list via US location filter).",active_undated,,,,,unknown,,,,https://candaq.com/,unknown,no_public_dates,,2026-10-08,funding_investors_type,206
Beacon,4462859,https://app.dealroom.co/investors/0xbeacon_com,Beacon,,,,,https://www.0xbeacon.com/,"Quick pass: site live, no dated cohort window found on the homepage/apply page. Last DR round sep/2024; portfolio 40. HQ per Dealroom: United Arab Emirates (in the 860 list via US location filter).",active_undated,N,,,"Dubai, United Arab Emirates",unknown,,,,https://www.0xbeacon.com/,unknown,no_public_dates,,2026-10-08,funding_investors_type,210
ABC Accelerator,72611,https://app.dealroom.co/investors/abc_accelerator,n/a,,,,,,LIKELY INACTIVE: site behind bot challenge; no DR round since apr/2017 Last DR round apr/2017; portfolio 43. HQ per Dealroom: Slovenia (in the 860 list via US location filter).,likely_inactive,N,,heuristic,"Ljubljana, Slovenia",n/a,,,,https://abc-accelerator.com/,unknown,inactive,,2026-10-08,funding_investors_type,211
Muru-D,890799,https://app.dealroom.co/investors/muru_d,n/a,,,,,,LIKELY INACTIVE: muru-D (Telstra) no longer runs cohorts; Telstra page only; last DR round Jan 2022. HQ per Dealroom: Australia (in the 860 list via US location filter).,likely_inactive,N,,verified,"Sydney, Australia",n/a,,,,https://www.telstra.com.au/business-enterprise/muru-d,unknown,inactive,,2026-10-08,funding_investors_type,212
Hardware.co Accelerator,958122,https://app.dealroom.co/investors/hardware_co_accelerator,n/a,,,,,,LIKELY INACTIVE: site shows no current program (©n/a); last DR round nov/2017. HQ per Dealroom: Germany (in the 860 list via US location filter). Already marked closed in Dealroom (closing year not set); not a DR fix candidate.,defunct,N,closed (year not set),verified,"Berlin, Germany",n/a,,,,http://hardware.co/,unknown,inactive,,2026-10-08,funding_investors_type,213
Mashup Ventures,1216844,https://app.dealroom.co/investors/mashup_angels,n/a,,,,,https://www.mashupventures.co/,NOT A COHORT PROGRAM (heuristic): name indicates a VC/investment firm; not reviewed in depth. Reclassification candidate. Last DR round aug/2026; portfolio 214. HQ per Dealroom: South Korea (in the 860 list via US location filter).,not_accelerator_vc,N,,heuristic,"Seoul, South Korea",n/a,,,,https://www.mashupventures.co/,unknown,not_cohort_program,,2026-10-08,funding_investors_type,214
Z Nation Lab,1232594,https://app.dealroom.co/investors/z_nation_lab,Z Nation Lab,,,,,https://www.znationlab.com/,"Quick pass: site live, no dated cohort window found on the homepage/apply page. Last DR round oct/2024; portfolio 22. HQ per Dealroom: India (in the 860 list via US location filter).",active_undated,N,,,"Mumbai, India",unknown,,,,https://www.znationlab.com/,unknown,no_public_dates,,2026-10-08,funding_investors_type,216
The Baobab Network,1234351,https://app.dealroom.co/investors/the_baobab_network_1,The Baobab Network,,,,,http://thebaobabnetwork.com/,"Quick pass: site live, no dated cohort window found on the homepage/apply page. Last DR round apr/2025; portfolio 72. HQ per Dealroom: Kenya (in the 860 list via US location filter).",active_undated,N,,,"Nairobi, Kenya",unknown,,,,http://thebaobabnetwork.com/,unknown,no_public_dates,,2026-10-08,funding_investors_type,217
Digital Healthcare Partners,1245680,https://app.dealroom.co/investors/digital_healthcare_partners,n/a,,,,,https://dhpartners.io/,NOT A COHORT PROGRAM (heuristic): name indicates a VC/investment firm; not reviewed in depth. Reclassification candidate. Last DR round sep/2026; portfolio 39. HQ per Dealroom: South Korea (in the 860 list via US location filter).,not_accelerator_vc,N,,heuristic,"Seoul, South Korea",n/a,,,,https://dhpartners.io/,unknown,not_cohort_program,,2026-10-08,funding_investors_type,218
DreamIt Health,139594,https://app.dealroom.co/investors/dreamit_health,DreamIt Health,,,,,http://dreamithealth.com/,DreamIt Health site live (©2026) but no dated cohort; see Dreamit Ventures. Last DR round jul/2020; portfolio 7.,active_undated,Y,,,"Philadelphia, US",unknown,,,,http://dreamithealth.com/,unknown,no_public_dates,,2026-10-08,funding_investors_type,220
Schmidt,1828835,https://app.dealroom.co/investors/schmidt,Schmidt,,,,,https://schmidt.kr/,"Quick pass: site live, no dated cohort window found on the homepage/apply page. Last DR round jul/2026; portfolio 120. HQ per Dealroom: South Korea (in the 860 list via US location filter).",active_undated,N,,,"Seoul, South Korea",unknown,,,,https://schmidt.kr/,unknown,no_public_dates,,2026-10-08,funding_investors_type,225
Distill Ventures,32621,https://app.dealroom.co/investors/distill_ventures,n/a,,,,,,LIKELY INACTIVE: site unreachable/empty from box; last DR round feb/2024. HQ per Dealroom: United Kingdom (in the 860 list via US location filter).,likely_inactive,N,,heuristic,"London, United Kingdom",n/a,,,,https://distillventures.com/,unknown,inactive,,2026-10-08,funding_investors_type,234
Aerospace Xelerated,3869406,https://app.dealroom.co/investors/aerospace_xelerated,Aerospace Xelerated,,,,,https://xelerated.aero/,"Quick pass: site live, no dated cohort window found on the homepage/apply page. Last DR round jul/2024; portfolio 41. HQ per Dealroom: United Kingdom (in the 860 list via US location filter).",active_undated,N,,,"London, United Kingdom",unknown,,,,https://xelerated.aero/,unknown,no_public_dates,,2026-10-08,funding_investors_type,236
InnoEnergy,869605,https://app.dealroom.co/investors/innoenergy,InnoEnergy,,,,,https://innoenergy.com/,InnoEnergy: Highway/Boostway support programs with rolling intake (no cohort deadline published). HQ per Dealroom: Netherlands (in the 860 list via US location filter).,active_rolling,N,,,"Amsterdam, Netherlands",rolling,,,,https://innoenergy.com/,unknown,rolling,,2026-10-08,funding_investors_type,239
Agoranov,885471,https://app.dealroom.co/investors/incubateur_agoranov,Agoranov,,,,,https://www.agoranov.com/apply,"Agoranov incubator: application form with no general deadline. A Sorbonne Cité de l'Innovation call closed Jun 28, 2026. HQ per Dealroom: France (in the 860 list via US location filter).",active_rolling,N,,,"Paris, France",rolling,,,,https://www.agoranov.com/apply | https://fr.linkedin.com/posts/agoranov_aac-incubateur-cit%C3%A9-de-linnovation-activity-7468215436627709952-DmLh,unknown,rolling,,2026-10-08,funding_investors_type,240
Elmspring Accelerator,911177,https://app.dealroom.co/investors/elmspring_accelerator,n/a,,,,,,DEFUNCT: site unreachable/empty from box; last DR round dec/2016. Already marked closed in Dealroom (closing year not set); not a DR fix candidate.,defunct,Y,closed (year not set),verified,"Chicago, US",n/a,,,,http://www.elmspringchicago.com/,unknown,inactive,,2026-10-08,funding_investors_type,241
TheFactory,1235224,https://app.dealroom.co/investors/thefactory,TheFactory,,,,,https://www.thefactory.no/,"Quick pass: site live, no dated cohort window found on the homepage/apply page. Last DR round sep/2026; portfolio 72. HQ per Dealroom: Norway (in the 860 list via US location filter).",active_undated,N,,,"Oslo, Norway",unknown,,,,https://www.thefactory.no/,unknown,no_public_dates,,2026-10-08,funding_investors_type,248
Flashpoint,1477124,https://app.dealroom.co/investors/flashpoint_1,Flashpoint,,,,,http://flashpoint.co/,"Quick pass: site live, no dated cohort window found on the homepage/apply page. Last DR round dec/2022; portfolio 73.",active_undated,Y,,,"Atlanta, US",unknown,,,,http://flashpoint.co/,unknown,no_public_dates,,2026-10-08,funding_investors_type,251
Nielsen Innovate,150566,https://app.dealroom.co/investors/nielsen_innovate,Nielsen Innovate,,,,,https://nif.vc/,"Quick pass: site live, no dated cohort window found on the homepage/apply page. Last DR round mar/2021; portfolio 43. HQ per Dealroom: Israel (in the 860 list via US location filter).",active_undated,N,,,"Caesarea, Israel",unknown,,,,https://nif.vc/,unknown,no_public_dates,,2026-10-08,funding_investors_type,252
Fashion For Good,1530419,https://app.dealroom.co/investors/fashion_for_good,Fashion For Good,,,,,https://www.fashionforgood.com/innovation-platform-2/apply-now/,Fashion for Good Innovation Platform takes rolling applications (no fixed annual cohort). HQ per Dealroom: Netherlands (in the 860 list via US location filter).,active_rolling,N,,,"Amsterdam, Netherlands",rolling,,,,https://www.fashionforgood.com/innovation-platform-2/apply-now/,unknown,rolling,,2026-10-08,funding_investors_type,253
Bluepointpartners,1828816,https://app.dealroom.co/investors/bluepointpartners,n/a,,,,,,LIKELY INACTIVE: site unreachable/empty from box; last DR round jan/2024. HQ per Dealroom: South Korea (in the 860 list via US location filter).,likely_inactive,N,,heuristic,"Daejeon, South Korea",n/a,,,,http://www.bluepoint.vc/,unknown,inactive,,2026-10-08,funding_investors_type,255
The Invention Lab,2306868,https://app.dealroom.co/investors/the_invention_lab_1,The Invention Lab,,,,,https://theilab.kr/,"Quick pass: site live, no dated cohort window found on the homepage/apply page. Last DR round sep/2026; portfolio 117. HQ per Dealroom: South Korea (in the 860 list via US location filter).",active_undated,N,,,"Seoul, South Korea",unknown,,,,https://theilab.kr/,unknown,no_public_dates,,2026-10-08,funding_investors_type,257
Cycle Momentum,3011995,https://app.dealroom.co/investors/cycle_momentum,Climate Technology Acceleration Program (Cycle Momentum),Fall 2026,,2026-07-13,2026-10,https://cyclemomentum.com/startups/,"Fall 2026 cohort deadline Jul 13, 2026 (closed); program Oct 2026–Mar 2027. Quebec companies only. 2027 dates not published. HQ per Dealroom: Canada (in the 860 list via US location filter).",active_dated,N,,,"Montreal, Canada",2x/yr,2027-03,,,https://cyclemomentum.com/wp-content/uploads/2026/05/FALL-2026-ClimateTech-ENG-1.pdf | https://www.linkedin.com/posts/cyclemomentum_last-call-to-apply-for-our-climate-technology-activity-7480587756302196736-6aLz,published,in_program,,2026-10-08,funding_investors_type,260
Collider,31834,https://app.dealroom.co/investors/collider,Collider,,,,,https://www.collider.io/,"Quick pass: site live, no dated cohort window found on the homepage/apply page. Last DR round oct/2022; portfolio 73. HQ per Dealroom: United Kingdom (in the 860 list via US location filter).",active_undated,N,,,"London, United Kingdom",unknown,,,,https://www.collider.io/,unknown,no_public_dates,,2026-10-08,funding_investors_type,263
Accelerator Centre,85606,https://app.dealroom.co/investors/accelerator_centre,Accelerator Centre,,,,,https://acceleratorcentre.com/,Site behind a bot challenge from the box; not checked further (quick pass). Last DR round jun/2023; portfolio 112. HQ per Dealroom: Canada (in the 860 list via US location filter).,unknown,N,,,"Waterloo, Canada",unknown,,,,https://acceleratorcentre.com/,unknown,no_public_dates,,2026-10-08,funding_investors_type,267
The Family,867856,https://app.dealroom.co/investors/thefamily,n/a,,,,,,LIKELY INACTIVE: The Family site static (©2021); last DR round Mar 2020. HQ per Dealroom: United Kingdom (in the 860 list via US location filter).,likely_inactive,N,,heuristic,"London, United Kingdom",n/a,,,,https://www.thefamily.co/,unknown,inactive,,2026-10-08,funding_investors_type,268
WannaBiz,884224,https://app.dealroom.co/investors/wannabiz_1,n/a,,,,,,LIKELY INACTIVE: site unreachable/empty from box; last DR round feb/2023. HQ per Dealroom: Ukraine (in the 860 list via US location filter).,likely_inactive,N,,heuristic,"Kyiv, Ukraine",n/a,,,,http://wannabiz.com.ua/,unknown,inactive,,2026-10-08,funding_investors_type,269
Zeroth.ai,892619,https://app.dealroom.co/investors/zeroth_ai,Zeroth.ai,,,,,http://zeroth.ai/,"Quick pass: site live, no dated cohort window found on the homepage/apply page. Last DR round sep/2020; portfolio 66. HQ per Dealroom: Hong Kong (in the 860 list via US location filter).",active_undated,N,,,Hong Kong,unknown,,,,http://zeroth.ai/,unknown,no_public_dates,,2026-10-08,funding_investors_type,270
H-Farm,910657,https://app.dealroom.co/investors/h_farm,n/a,,,,,https://www.h-farm.com/it,NOT A COHORT PROGRAM: H-FARM is an education/innovation campus. Reclassification candidate. Last DR round jun/2026; portfolio 104. HQ per Dealroom: Italy (in the 860 list via US location filter).,not_accelerator_other,N,,verified,"Roncade, Italy",n/a,,,,https://www.h-farm.com/it,unknown,not_cohort_program,,2026-10-08,funding_investors_type,271
NLC Health Ventures,961612,https://app.dealroom.co/investors/nlc_health_ventures,n/a,,,,,https://www.nlc.health/,NOT A COHORT PROGRAM (heuristic): name indicates a VC/investment firm; not reviewed in depth. Reclassification candidate. Last DR round sep/2025; portfolio 108. HQ per Dealroom: Netherlands (in the 860 list via US location filter).,not_accelerator_vc,N,,heuristic,"Amsterdam, Netherlands",n/a,,,,https://www.nlc.health/,unknown,not_cohort_program,,2026-10-08,funding_investors_type,274
Melbourne Accelerator Program,982890,https://app.dealroom.co/investors/melbourne_accelerator_program,n/a,,,,,,LIKELY INACTIVE: site unreachable/empty from box; last DR round may/2024. HQ per Dealroom: Australia (in the 860 list via US location filter).,likely_inactive,N,,heuristic,"Melbourne, Australia",n/a,,,,http://themap.co/,unknown,inactive,,2026-10-08,funding_investors_type,275
CzechInvest,985165,https://app.dealroom.co/investors/czechinvest,n/a,,,,,https://czechinvest.gov.cz/,NOT A COHORT PROGRAM: CzechInvest is a government investment agency. Reclassification candidate. Last DR round jun/2026; portfolio 555. HQ per Dealroom: Czechia (in the 860 list via US location filter).,not_accelerator_other,N,,verified,"Prague, Czechia",n/a,,,,https://czechinvest.gov.cz/,unknown,not_cohort_program,,2026-10-08,funding_investors_type,276
Hub:raum,102019,https://app.dealroom.co/investors/hub_raum,n/a,,,,,https://www.hubraum.com/,NOT A COHORT PROGRAM: hub:raum is Deutsche Telekom's corporate incubator; site shows 2026 initiative closed. Reclassification candidate. Last DR round mar/2024; portfolio 52. HQ per Dealroom: Germany (in the 860 list via US location filter).,not_accelerator_other,N,,verified,"Berlin, Germany",n/a,,,,https://www.hubraum.com/,unknown,not_cohort_program,,2026-10-08,funding_investors_type,277
XN-Ventures,1242462,https://app.dealroom.co/investors/xn_ventures,n/a,,,,,,LIKELY INACTIVE: site unreachable/empty from box; last DR round oct/2021. HQ per Dealroom: Finland (in the 860 list via US location filter).,likely_inactive,N,,heuristic,Finland,n/a,,,,http://xn-ventures.com/,unknown,inactive,,2026-10-08,funding_investors_type,284
Overkill Ventures,1247511,https://app.dealroom.co/investors/overkill_ventures,n/a,,,,,https://www.overkill.vc/,NOT A COHORT PROGRAM (heuristic): name indicates a VC/investment firm; not reviewed in depth. Reclassification candidate. Last DR round apr/2024; portfolio 39. HQ per Dealroom: Latvia (in the 860 list via US location filter).,not_accelerator_vc,N,,heuristic,"Riga, Latvia",n/a,,,,https://www.overkill.vc/,unknown,not_cohort_program,,2026-10-08,funding_investors_type,286
Growthup,132699,https://app.dealroom.co/investors/growthup,n/a,,,,,,DEFUNCT: domain parked/for sale/expired (Growthup.com is for sale - PerfectDomain.com); last DR round jan/2016. HQ per Dealroom: Ukraine (in the 860 list via US location filter).,likely_inactive,N,,heuristic,"Kyiv, Ukraine",n/a,,,,https://perfectdomain.com/domain/growthup.com,unknown,inactive,,2026-10-08,funding_investors_type,289
Pipeline H2O,1422141,https://app.dealroom.co/investors/pipeline_h2o,n/a,,,,,,DEFUNCT: site unreachable/empty from box; last DR round may/2017. Already marked closed in Dealroom (closing year not set); not a DR fix candidate.,defunct,Y,closed (year not set),verified,"Hamilton, US",n/a,,,,http://pipelineh2o.org/,unknown,inactive,,2026-10-08,funding_investors_type,292
FunCubator,1447581,https://app.dealroom.co/investors/funcubator,n/a,,,,,,DEFUNCT: site unreachable/empty from box; last DR round nov/2018. HQ per Dealroom: Cyprus (in the 860 list via US location filter).,likely_inactive,N,,heuristic,"Limassol Municipality, Cyprus",n/a,,,,https://funcubator.co/,unknown,inactive,,2026-10-08,funding_investors_type,293
ICE71,1709384,https://app.dealroom.co/investors/ice71,n/a,,,,,,LIKELY INACTIVE: site unreachable/empty from box; last DR round jun/2020. HQ per Dealroom: Singapore (in the 860 list via US location filter).,likely_inactive,N,,heuristic,Singapore,n/a,,,,https://ice71.sg/,unknown,inactive,,2026-10-08,funding_investors_type,295
GROW,1784960,https://app.dealroom.co/investors/grow1,GROW,,,,,https://gogrow.co/,"Quick pass: site live, no dated cohort window found on the homepage/apply page. Last DR round may/2023; portfolio 89. HQ per Dealroom: Singapore (in the 860 list via US location filter).",active_undated,N,,,"Singapore, Singapore",unknown,,,,https://gogrow.co/,unknown,no_public_dates,,2026-10-08,funding_investors_type,297
TechMinsk,203796,https://app.dealroom.co/investors/techminsk,n/a,,,,,,DEFUNCT: domain now serves unrelated content (title: 'HAPE777 : Situs Bermain Game Online Terbaik Dan Te'); last DR round feb/2021. HQ per Dealroom: Belarus (in the 860 list via US location filter).,likely_inactive,N,,heuristic,"Minsk, Belarus",n/a,,,,http://techminsk.com/,unknown,inactive,,2026-10-08,funding_investors_type,298
TLabs,213220,https://app.dealroom.co/investors/tlabs,n/a,,,,,,DEFUNCT: site unreachable/empty from box; last DR round jan/2018. HQ per Dealroom: India (in the 860 list via US location filter).,likely_inactive,N,,heuristic,"Noida, India",n/a,,,,http://tlabs.in/,unknown,inactive,,2026-10-08,funding_investors_type,299
BlueChilli,26465,https://app.dealroom.co/investors/bluechilli,n/a,,,,,,LIKELY INACTIVE: site unreachable/empty from box; last DR round apr/2020. HQ per Dealroom: Australia (in the 860 list via US location filter). Already marked closed in Dealroom (closing year not set); not a DR fix candidate.,defunct,N,closed (year not set),verified,"Sydney, Australia",n/a,,,,http://bluechilli.com/,unknown,inactive,,2026-10-08,funding_investors_type,301
MTGx,2675,https://app.dealroom.co/investors/mtgx,n/a,,,,,,DEFUNCT: site unreachable/empty from box; last DR round aug/2019. HQ per Dealroom: Sweden (in the 860 list via US location filter). Already marked closed in Dealroom (closing year 2022); not a DR fix candidate.,defunct,N,2022,verified,"Stockholms kommun, Sweden",n/a,,,,,unknown,inactive,,2026-10-08,funding_investors_type,302
Elewit,2728420,https://app.dealroom.co/investors/elewit,Elewit,,,,,https://www.elewit.ventures/es,"Quick pass: site live, no dated cohort window found on the homepage/apply page. Last DR round jul/2026; portfolio 14. HQ per Dealroom: Spain (in the 860 list via US location filter).",active_undated,N,,,"Madrid, Spain",unknown,,,,https://www.elewit.ventures/es,unknown,no_public_dates,,2026-10-08,funding_investors_type,303
Tenity,2916042,https://app.dealroom.co/investors/tenity,Tenity,,,,,https://www.tenity.com/programs/,"Tenity: several programs; Digital Health Accelerator 2027 schedule ""announced shortly"", with applications open. No dated deadline. Last DR round jun/2026; portfolio 385. HQ per Dealroom: Switzerland (in the 860 list via US location filter).",active_undated,N,,,"Zurich, Switzerland",unknown,,,,https://www.tenity.com/programs/ | https://www.tenity.com/program/digital-health-accelerator/,unknown,no_public_dates,,2026-10-08,funding_investors_type,304
StartupYard,29658,https://app.dealroom.co/investors/startupyard,StartupYard,,,,,https://startupyard.com/,"Quick pass: site live, no dated cohort window found on the homepage/apply page. Last DR round feb/2025; portfolio 74. HQ per Dealroom: Czechia (in the 860 list via US location filter).",active_undated,N,,,"Prague, Czechia",unknown,,,,https://startupyard.com/,unknown,no_public_dates,,2026-10-08,funding_investors_type,305
Oxygen Accelerator,32617,https://app.dealroom.co/investors/oxygen_accelerator,Oxygen Accelerator,,,,,https://www.oxygenaccelerator.com/,Site behind a bot challenge from the box; not checked further (quick pass). Last DR round sep/2019; portfolio 33. HQ per Dealroom: United Kingdom (in the 860 list via US location filter).,unknown,N,,,"Birmingham, United Kingdom",unknown,,,,https://www.oxygenaccelerator.com/,unknown,no_public_dates,,2026-10-08,funding_investors_type,307
Korea Investment Accelerator,4511212,https://app.dealroom.co/investors/korea_investment_accelerator,Korea Investment Accelerator,,,,,https://ac.koreainvestment.com/,"Quick pass: site live, no dated cohort window found on the homepage/apply page. Last DR round jul/2026; portfolio 103. HQ per Dealroom: South Korea (in the 860 list via US location filter).",active_undated,N,,,"Seoul, South Korea",unknown,,,,https://ac.koreainvestment.com/,unknown,no_public_dates,,2026-10-08,funding_investors_type,309
Demos Capital,4669111,https://app.dealroom.co/investors/demos_capital,n/a,,,,,https://demoscapital.vc/,NOT A COHORT PROGRAM (heuristic): name indicates a VC/investment firm; not reviewed in depth. Reclassification candidate. Last DR round may/2026; portfolio 4. HQ per Dealroom: blank (in the 860 list via US location filter).,not_accelerator_vc,,,heuristic,,n/a,,,,https://demoscapital.vc/,unknown,not_cohort_program,,2026-10-08,funding_investors_type,311
Google Labs,4731022,https://app.dealroom.co/investors/google_labs,Google Labs,,,,,https://labs.google/aifuturesfund,NOT A COHORT PROGRAM: Google Labs AI Futures Fund invests on a rolling basis (no cohort). Reclassification candidate. HQ per Dealroom: blank (in the 860 list via US location filter).,not_accelerator_vc,,,verified,,unknown,,,,https://labs.google/aifuturesfund,unknown,rolling,,2026-10-08,funding_investors_type,312
Pentalabbs,868589,https://app.dealroom.co/investors/pentalabbs,n/a,,,,,,LIKELY INACTIVE: site unreachable/empty from box; last DR round feb/2022. HQ per Dealroom: France (in the 860 list via US location filter).,likely_inactive,N,,heuristic,"La Chapelle-Saint-Mesmin, France",n/a,,,,http://www.pentalabbs-accelerator.com/,unknown,inactive,,2026-10-08,funding_investors_type,315
Mastercard Start Path,885998,https://app.dealroom.co/investors/mastercard_start_path_1,Mastercard Start Path,,,,,https://www.mastercard.com/global/en/innovation/partner-with-us/start-path.html,"Mastercard Start Path: online application, no fixed deadline; multiple cohorts a year (Feb/Apr/May/Jun 2026 cohorts). HQ per Dealroom: Ireland (in the 860 list via US location filter).",active_rolling,N,,,"Dublin, Ireland",rolling,,,,https://www.mastercard.com/global/en/innovation/partner-with-us/start-path/news.html,unknown,rolling,,2026-10-08,funding_investors_type,316
Blueprint,890771,https://app.dealroom.co/investors/blueprint_1,Blueprint,,,,,http://blueprint.swireproperties.com/,"Quick pass: site live, no dated cohort window found on the homepage/apply page. Last DR round jul/2015; portfolio 38. HQ per Dealroom: Hong Kong (in the 860 list via US location filter).",active_undated,N,,,Hong Kong,unknown,,,,http://blueprint.swireproperties.com/,unknown,no_public_dates,,2026-10-08,funding_investors_type,317
MDR Lab,958876,https://app.dealroom.co/investors/mdr_lab,MDR Lab,,,,,https://lab.mdr.london/,"Quick pass: site live, no dated cohort window found on the homepage/apply page. Last DR round dec/2020; portfolio 18. HQ per Dealroom: United Kingdom (in the 860 list via US location filter).",active_undated,N,,,"London, United Kingdom",unknown,,,,https://lab.mdr.london/,unknown,no_public_dates,,2026-10-08,funding_investors_type,318
Daedalus Partners LLP,980035,https://app.dealroom.co/investors/daedalus_partners_llp,n/a,,,,,https://www.daedalus-partners.com/,NOT A COHORT PROGRAM (heuristic): name indicates a VC/investment firm; not reviewed in depth. Reclassification candidate. Last DR round may/2022; portfolio 11. HQ per Dealroom: United Kingdom (in the 860 list via US location filter).,not_accelerator_vc,N,,heuristic,"London, United Kingdom",n/a,,,,https://www.daedalus-partners.com/,unknown,not_cohort_program,,2026-10-08,funding_investors_type,319
Betatron Venture Group,1209177,https://app.dealroom.co/investors/betatron_startup_accelerator,n/a,,,,,https://betatron.co/,NOT A COHORT PROGRAM (heuristic): name indicates a VC/investment firm; not reviewed in depth. Reclassification candidate. Last DR round jul/2026; portfolio 30. HQ per Dealroom: Hong Kong (in the 860 list via US location filter).,not_accelerator_vc,N,,heuristic,"Central and Western District, Hong Kong",n/a,,,,https://betatron.co/,unknown,not_cohort_program,,2026-10-08,funding_investors_type,321
Engine,1210257,https://app.dealroom.co/investors/engine_1,n/a,,,,,,LIKELY INACTIVE: domain parked/for sale/expired (Squarespace - Domain Not Claimed); last DR round jan/2025. HQ per Dealroom: Belgium (in the 860 list via US location filter). Already marked closed in Dealroom (closing year not set); not a DR fix candidate.,defunct,N,closed (year not set),verified,"Mont-Saint-Guibert, Belgium",n/a,,,,http://engine-cw.be/,unknown,inactive,,2026-10-08,funding_investors_type,322
Digital Assets Deployment,12208,https://app.dealroom.co/investors/digital_assets_deployment,n/a,,,,,,DEFUNCT: site unreachable/empty from box; last DR round dec/2013. HQ per Dealroom: Spain (in the 860 list via US location filter).,likely_inactive,N,,heuristic,Spain,n/a,,,,http://www.dad.es/,unknown,inactive,,2026-10-08,funding_investors_type,325
India Accelerator,1222074,https://app.dealroom.co/investors/india_accelerator,India Accelerator,,,,,https://www.indiaaccelerator.co/apply/,"India Accelerator general application has no deadline. A partner NIRMIT manufacturing cohort (i-Hub Gujarat) closes Oct 12, 2026 (secondary source). HQ per Dealroom: India (in the 860 list via US location filter).",active_rolling,N,,,"Gurugram, India",rolling,,,,https://www.indiaaccelerator.co/apply/ | https://www.startupgrantsindia.com/nirmit-manufacturing-cohort-ihub-india-accelerator,unknown,rolling,,2026-10-08,funding_investors_type,326
The Mills Fabrica,1222718,https://app.dealroom.co/investors/the_mills_fabrica,The Mills Fabrica,,,,,https://www.themillsfabrica.com/,"Quick pass: site live, no dated cohort window found on the homepage/apply page. Last DR round mar/2024; portfolio 20. HQ per Dealroom: Hong Kong (in the 860 list via US location filter).",active_undated,N,,,Hong Kong,unknown,,,,https://www.themillsfabrica.com/,unknown,no_public_dates,,2026-10-08,funding_investors_type,328
CyRise,1225225,https://app.dealroom.co/investors/cyrise,n/a,,,,,,LIKELY INACTIVE: site unreachable/empty from box; last DR round feb/2023. HQ per Dealroom: Australia (in the 860 list via US location filter). Already marked closed in Dealroom (closing year 2023); not a DR fix candidate.,defunct,N,2023,verified,"Melbourne, Australia",n/a,,,,http://cyrise.co/,unknown,inactive,,2026-10-08,funding_investors_type,329
District Ventures Accelerator,1225756,https://app.dealroom.co/investors/district_ventures_capital,District Ventures Accelerator,,,,,https://www.ventureparklabs.ca/,"Quick pass: site live, no dated cohort window found on the homepage/apply page. Last DR round apr/2021; portfolio 74. HQ per Dealroom: Canada (in the 860 list via US location filter).",active_undated,N,,,"Calgary, Canada",unknown,,,,https://www.ventureparklabs.ca/,unknown,no_public_dates,,2026-10-08,funding_investors_type,330
Accelerator Group,1233501,https://app.dealroom.co/investors/accelerator_group,n/a,,,,,,LIKELY INACTIVE: site shows no current program (©n/a); last DR round nov/2011. HQ per Dealroom: United Kingdom (in the 860 list via US location filter).,likely_inactive,N,,heuristic,"London, United Kingdom",n/a,,,,https://acceleration-group.com/,unknown,inactive,,2026-10-08,funding_investors_type,333
Qatar Science & Technology Park,1456875,https://app.dealroom.co/investors/qatar_science_technology_park,n/a,,,,,https://qstp.qa/,NOT A COHORT PROGRAM (heuristic): university/agency/corporate entity; not reviewed in depth. Reclassification candidate. Last DR round feb/2024; portfolio 109. HQ per Dealroom: Qatar (in the 860 list via US location filter).,not_accelerator_other,N,,heuristic,"Al Rayyan, Qatar",n/a,,,,https://qstp.qa/,unknown,not_cohort_program,,2026-10-08,funding_investors_type,341
Breed Reply,148999,https://app.dealroom.co/investors/breed_reply,Breed Reply,,,,,https://www.reply.com/en,"Quick pass: site live, no dated cohort window found on the homepage/apply page. Last DR round jun/2022; portfolio 25. HQ per Dealroom: United Kingdom (in the 860 list via US location filter).",active_undated,N,,,"London, United Kingdom",unknown,,,,https://www.reply.com/en,unknown,no_public_dates,,2026-10-08,funding_investors_type,342
ProMontreal Entrepreneurs (PME),1583175,https://app.dealroom.co/investors/promontreal_entrepreneurs,ProMontreal Entrepreneurs (PME),,,,,http://promontrealentrepreneurs.org/,Site behind a bot challenge from the box; not checked further (quick pass). Last DR round jan/2020; portfolio 27. HQ per Dealroom: Canada (in the 860 list via US location filter).,unknown,N,,,"Montreal, Canada",unknown,,,,http://promontrealentrepreneurs.org/,unknown,no_public_dates,,2026-10-08,funding_investors_type,345
ParticleX,1601412,https://app.dealroom.co/investors/particlex,n/a,,,,,,LIKELY INACTIVE: site unreachable/empty from box; last DR round feb/2024. HQ per Dealroom: Hong Kong (in the 860 list via US location filter).,likely_inactive,N,,heuristic,Hong Kong,n/a,,,,http://www.particlex.com/,unknown,inactive,,2026-10-08,funding_investors_type,346
Magical Startups,1612455,https://app.dealroom.co/investors/magical_startups,Magical Startups,,,,,https://magicalstartups.com/,Site behind a bot challenge from the box; not checked further (quick pass). Last DR round jul/2025; portfolio 13. HQ per Dealroom: Chile (in the 860 list via US location filter).,unknown,N,,,"Providencia, Chile",unknown,,,,https://magicalstartups.com/,unknown,no_public_dates,,2026-10-08,funding_investors_type,347
Speed Accelerator,1662030,https://app.dealroom.co/investors/speed_accelerator,n/a,,,,,,DEFUNCT: site unreachable/empty from box; last DR round aug/2019. HQ per Dealroom: Lebanon (in the 860 list via US location filter).,likely_inactive,N,,heuristic,"Beirut, Lebanon",n/a,,,,http://www.speedaccelerator.com/,unknown,inactive,,2026-10-08,funding_investors_type,349
Lloyd's lab,1772651,https://app.dealroom.co/investors/lloyd_s_lab,Lloyd's lab,,,,,https://www.lloydslab.com/,Site unreachable/empty from box; recent DR activity (last DR round apr/2025). Not reviewed further. HQ per Dealroom: United Kingdom (in the 860 list via US location filter).,unknown,N,,,"London, United Kingdom",unknown,,,,https://www.lloydslab.com/,unknown,no_public_dates,,2026-10-08,funding_investors_type,351
DAYLI Partners,1828860,https://app.dealroom.co/investors/dayli_partners,n/a,,,,,https://www.dayli.partners/,NOT A COHORT PROGRAM (heuristic): name indicates a VC/investment firm; not reviewed in depth. Reclassification candidate. Last DR round feb/2026; portfolio 30. HQ per Dealroom: South Korea (in the 860 list via US location filter).,not_accelerator_vc,N,,heuristic,"Seoul, South Korea",n/a,,,,https://www.dayli.partners/,unknown,not_cohort_program,,2026-10-08,funding_investors_type,353
SeedRocket,27495,https://app.dealroom.co/investors/seedrocket,SeedRocket,,,,,https://www.seedrocket.com/,"Quick pass: site live, no dated cohort window found on the homepage/apply page. Last DR round apr/2025; portfolio 92. HQ per Dealroom: Spain (in the 860 list via US location filter).",active_undated,N,,,"Barcelona, Spain",unknown,,,,https://www.seedrocket.com/,unknown,no_public_dates,,2026-10-08,funding_investors_type,358
Nesta Impact Investments,28383,https://app.dealroom.co/investors/nesta_investments,n/a,,,,,https://www.nesta.org.uk/,NOT A COHORT PROGRAM: Nesta is a UK innovation agency / impact investor. Reclassification candidate. Last DR round jul/2026; portfolio 66. HQ per Dealroom: United Kingdom (in the 860 list via US location filter).,not_accelerator_other,N,,verified,United Kingdom,n/a,,,,https://www.nesta.org.uk/,unknown,not_cohort_program,,2026-10-08,funding_investors_type,359
iStarter,31833,https://app.dealroom.co/investors/istarter,n/a,,,,,,LIKELY INACTIVE: site shows no current program (©n/a); last DR round nov/2019. HQ per Dealroom: United Kingdom (in the 860 list via US location filter).,likely_inactive,N,,heuristic,"London, United Kingdom",n/a,,,,https://www.istarter.it/,unknown,inactive,,2026-10-08,funding_investors_type,364
Traction Tribe,31836,https://app.dealroom.co/investors/traction_tribe,n/a,,,,,,DEFUNCT: site unreachable/empty from box; last DR round jan/2016. HQ per Dealroom: Hungary (in the 860 list via US location filter).,likely_inactive,N,,heuristic,"Székesfehérvár, Hungary",n/a,,,,https://traction-tribe.com/,unknown,inactive,,2026-10-08,funding_investors_type,365
MVST:MG,3211333,https://app.dealroom.co/investors/mvst_mg,MVST:MG,,,,,http://mvstmg.com/,"Quick pass: site live, no dated cohort window found on the homepage/apply page. Last DR round jan/2022; portfolio 18. HQ per Dealroom: Cyprus (in the 860 list via US location filter).",active_undated,N,,,"Nicosia Municipality, Cyprus",unknown,,,,http://mvstmg.com/,unknown,no_public_dates,,2026-10-08,funding_investors_type,366
Norrsken Foundation,3732282,https://app.dealroom.co/investors/norrsken_foundation_1,n/a,,,,,https://www.norrsken.org/,NOT A COHORT PROGRAM: Norrsken Foundation (parent of Norrsken accelerator/Evolve). Reclassification candidate. Last DR round feb/2026; portfolio 26. HQ per Dealroom: Sweden (in the 860 list via US location filter).,duplicate,N,,verified,"Stockholms kommun, Sweden",n/a,,,,https://www.norrsken.org/,unknown,not_cohort_program,,2026-10-08,funding_investors_type,367
Dangerous Venture Studio,3846504,https://app.dealroom.co/investors/dangerous_venture_studio,n/a,,,,,https://www.dangerous.co/,NOT A COHORT PROGRAM (heuristic): name indicates a VC/investment firm; not reviewed in depth. Reclassification candidate. Last DR round jan/2026; portfolio 9. HQ per Dealroom: Italy (in the 860 list via US location filter).,not_accelerator_vc,N,,heuristic,"Bologna, Italy",n/a,,,,https://www.dangerous.co/,unknown,not_cohort_program,,2026-10-08,funding_investors_type,369
Next Web Capital,3964595,https://app.dealroom.co/investors/next_web_capital,n/a,,,,,https://nextweb.capital/,NOT A COHORT PROGRAM (heuristic): name indicates a VC/investment firm; not reviewed in depth. Reclassification candidate. Last DR round apr/2025; portfolio 8. HQ per Dealroom: Japan (in the 860 list via US location filter).,not_accelerator_vc,N,,heuristic,"Tokyo, Japan",n/a,,,,https://nextweb.capital/,unknown,not_cohort_program,,2026-10-08,funding_investors_type,371
Qatar Fintech Hub,4334470,https://app.dealroom.co/investors/qatar_fintech_hub,n/a,,,,,,LIKELY INACTIVE: site unreachable/empty from box; last DR round jan/2024. HQ per Dealroom: Qatar (in the 860 list via US location filter).,likely_inactive,N,,heuristic,"Doha, Qatar",n/a,,,,https://fintech.qa/,unknown,inactive,,2026-10-08,funding_investors_type,374
New Community Transformation Fund,4671077,https://app.dealroom.co/investors/new_community_transformation_fund,n/a,,,,,https://newcommunityfund.com/,NOT A COHORT PROGRAM (heuristic): name indicates a VC/investment firm; not reviewed in depth. Reclassification candidate. Last DR round jul/2023; portfolio 3. HQ per Dealroom: blank (in the 860 list via US location filter).,not_accelerator_vc,,,heuristic,,n/a,,,,https://newcommunityfund.com/,unknown,not_cohort_program,,2026-10-08,funding_investors_type,375
Digital Magics,72643,https://app.dealroom.co/investors/digital_magics,Digital Magics,,,,,https://zestgroup.vc/en,"Quick pass: site live, no dated cohort window found on the homepage/apply page. Last DR round feb/2024; portfolio 198. HQ per Dealroom: Italy (in the 860 list via US location filter).",active_undated,N,,,"Milan, Italy",unknown,,,,https://zestgroup.vc/en,unknown,no_public_dates,,2026-10-08,funding_investors_type,378
IMPACT Accelerator,861947,https://app.dealroom.co/investors/impact_1,IMPACT Accelerator,,,,,https://www.impact-accelerator.com/,"Quick pass: site live, no dated cohort window found on the homepage/apply page. Last DR round apr/2024; portfolio 140. HQ per Dealroom: Spain (in the 860 list via US location filter).",active_undated,N,,,"Santa María de la Alameda, Spain",unknown,,,,https://www.impact-accelerator.com/,unknown,no_public_dates,,2026-10-08,funding_investors_type,379
EuropeanPioneers,861973,https://app.dealroom.co/investors/europeanpioneers,n/a,,,,,,DEFUNCT: site unreachable/empty from box; last DR round aug/2016. HQ per Dealroom: Germany (in the 860 list via US location filter). Already marked closed in Dealroom (closing year not set); not a DR fix candidate.,defunct,N,closed (year not set),verified,"Berlin, Germany",n/a,,,,https://europeanpioneers.eu/en/,unknown,inactive,,2026-10-08,funding_investors_type,380
Idealabs,872099,https://app.dealroom.co/investors/idealabs,n/a,,,,,,LIKELY INACTIVE: site unreachable/empty from box; last DR round oct/2021. HQ per Dealroom: Belgium (in the 860 list via US location filter). Already marked closed in Dealroom (closing year not set); not a DR fix candidate.,defunct,N,closed (year not set),verified,"Antwerp, Belgium",n/a,,,,https://www.coffeelabs.be/,unknown,inactive,,2026-10-08,funding_investors_type,381
The Junction,873972,https://app.dealroom.co/investors/the_junction,The Junction,,,,,https://thejunction.co.il/,Site behind a bot challenge from the box; not checked further (quick pass). Last DR round jan/2019; portfolio 7. HQ per Dealroom: Israel (in the 860 list via US location filter).,unknown,N,,,"Tel Aviv-Yafo, Israel",unknown,,,,https://thejunction.co.il/,unknown,no_public_dates,,2026-10-08,funding_investors_type,382
Boox,886025,https://app.dealroom.co/investors/boox,n/a,,,,,,DEFUNCT: site unreachable/empty from box; last DR round apr/2017. HQ per Dealroom: Italy (in the 860 list via US location filter).,likely_inactive,N,,heuristic,"Milan, Italy",n/a,,,,http://www.boox.it/en,unknown,inactive,,2026-10-08,funding_investors_type,383
Kamet Ventures,920024,https://app.dealroom.co/investors/kamet_ventures,n/a,,,,,https://www.kametventures.com/,NOT A COHORT PROGRAM (heuristic): name indicates a VC/investment firm; not reviewed in depth. Reclassification candidate. Last DR round jul/2026; portfolio 20. HQ per Dealroom: France (in the 860 list via US location filter).,not_accelerator_vc,N,,heuristic,"Paris, France",n/a,,,,https://www.kametventures.com/,unknown,not_cohort_program,,2026-10-08,funding_investors_type,385
Saltagen Ventures,982951,https://app.dealroom.co/investors/saltagen_ventures,n/a,,,,,https://www.saltagen.com/,NOT A COHORT PROGRAM (heuristic): name indicates a VC/investment firm; not reviewed in depth. Reclassification candidate. Last DR round jun/2026; portfolio 26. HQ per Dealroom: Hong Kong (in the 860 list via US location filter).,not_accelerator_vc,N,,heuristic,"Central and Western District, Hong Kong",n/a,,,,https://www.saltagen.com/,unknown,not_cohort_program,,2026-10-08,funding_investors_type,388
Abbey Road Red,1208535,https://app.dealroom.co/investors/abbey_road_red,n/a,,,,,https://www.abbeyroad.com/,NOT A COHORT PROGRAM (heuristic): university/agency/corporate entity; not reviewed in depth. Reclassification candidate. Last DR round oct/2018; portfolio 7. HQ per Dealroom: United Kingdom (in the 860 list via US location filter).,not_accelerator_other,N,,heuristic,"London, United Kingdom",n/a,,,,https://www.abbeyroad.com/,unknown,not_cohort_program,,2026-10-08,funding_investors_type,392
IoT Hub,1212888,https://app.dealroom.co/investors/iot_hub,n/a,,,,,,LIKELY INACTIVE: site shows no current program (©n/a); last DR round jul/2016. HQ per Dealroom: Ukraine (in the 860 list via US location filter).,likely_inactive,N,,heuristic,"Kyiv, Ukraine",n/a,,,,https://iothub.vc/,unknown,inactive,,2026-10-08,funding_investors_type,395
Petit Poucet,1215598,https://app.dealroom.co/investors/petit_poucet,n/a,,,,,,LIKELY INACTIVE: site shows no current program (©n/a); last DR round jul/2019. HQ per Dealroom: France (in the 860 list via US location filter).,likely_inactive,N,,heuristic,"Paris, France",n/a,,,,https://www.petitpoucet.fr/,unknown,inactive,,2026-10-08,funding_investors_type,399
RCL Accelerator,1218637,https://app.dealroom.co/investors/rcl_accelerator,n/a,,,,,,LIKELY INACTIVE: site shows no current program (©2019); last DR round sep/2019. HQ per Dealroom: Australia (in the 860 list via US location filter).,likely_inactive,N,,heuristic,Australia,n/a,,,,https://harbourcitylabs.acs.org.au/,unknown,inactive,,2026-10-08,funding_investors_type,402
Adjacent,1218809,https://app.dealroom.co/investors/adjacent,n/a,,,,,,LIKELY INACTIVE: domain parked/for sale/expired (ConnectYourDomain Error | Wix.com); last DR round may/2026. Already marked closed in Dealroom (closing year not set); not a DR fix candidate.,defunct,Y,closed (year not set),verified,"Austin, US",n/a,,,,https://adjacent.us/,unknown,inactive,,2026-10-08,funding_investors_type,403
EHatchery,1219634,https://app.dealroom.co/investors/ehatchery,n/a,,,,,,DEFUNCT: site unreachable/empty from box; last DR round nov/2006. Already marked closed in Dealroom (closing year not set); not a DR fix candidate.,defunct,Y,closed (year not set),verified,"Atlanta, US",n/a,,,,http://ehatchery.com/,unknown,inactive,,2026-10-08,funding_investors_type,404
SparkLabKC,1220211,https://app.dealroom.co/investors/sparklabkc,n/a,,,,,,LIKELY INACTIVE: domain parked/for sale/expired (HugeDomains.com); last DR round aug/2026. Already marked closed in Dealroom (closing year not set); not a DR fix candidate.,defunct,Y,closed (year not set),verified,"Kansas City, US",n/a,,,,https://www.hugedomains.com/domain_profile.cfm?d=sparklabkc.com,unknown,inactive,,2026-10-08,funding_investors_type,406
MOVIDA JAPAN,1220284,https://app.dealroom.co/investors/movida_japan,n/a,,,,,,LIKELY INACTIVE: site shows no current program (©n/a); last DR round jan/2018. HQ per Dealroom: Japan (in the 860 list via US location filter). Already marked closed in Dealroom (closing year 2014); not a DR fix candidate.,defunct,N,2014,verified,"Tokyo, Japan",n/a,,,,http://movidainc.com/,unknown,inactive,,2026-10-08,funding_investors_type,407
Inventures,1224320,https://app.dealroom.co/investors/inventures_2,Inventures,,,,,https://www.inventures.com.tr/,"Quick pass: site live, no dated cohort window found on the homepage/apply page. Last DR round nov/2023; portfolio 15. HQ per Dealroom: Türkiye (in the 860 list via US location filter).",active_undated,N,,,"Istanbul, Türkiye",unknown,,,,https://www.inventures.com.tr/,unknown,no_public_dates,,2026-10-08,funding_investors_type,410
Genesys,1225228,https://app.dealroom.co/investors/genesys,n/a,,,,,,DEFUNCT: domain parked/for sale/expired (Genesys Tech Hub – Empowering Africa’s Next Tech T); last DR round mar/2019. HQ per Dealroom: Nigeria (in the 860 list via US location filter).,likely_inactive,N,,heuristic,Nigeria,n/a,,,,https://genesystechhub.com/,unknown,inactive,,2026-10-08,funding_investors_type,411
AgTech Accelerator,1226070,https://app.dealroom.co/investors/agtech_accelerator,n/a,,,,,,LIKELY INACTIVE: site unreachable/empty from box; last DR round jan/2022. Already marked closed in Dealroom (closing year not set); not a DR fix candidate.,defunct,Y,closed (year not set),verified,"Morrisville, US",n/a,,,,http://agtechaccelerator.com/,unknown,inactive,,2026-10-08,funding_investors_type,412
Glocal,1228212,https://app.dealroom.co/investors/glocal_agtech,Glocal,,,,,https://glocalmanagers.com/,Site behind a bot challenge from the box; not checked further (quick pass). Last DR round nov/2023; portfolio 33. HQ per Dealroom: Argentina (in the 860 list via US location filter).,unknown,N,,,"Rosario, Argentina",unknown,,,,https://glocalmanagers.com/,unknown,no_public_dates,,2026-10-08,funding_investors_type,415
DigitalHealth.London Accelerator,1229193,https://app.dealroom.co/investors/digitalhealth_london_accelerator,DigitalHealth.London Accelerator,,,,,https://digitalhealth.london/programmes/accelerator,"Quick pass: site live, no dated cohort window found on the homepage/apply page. Last DR round sep/2024; portfolio 42. HQ per Dealroom: United Kingdom (in the 860 list via US location filter).",active_undated,N,,,"London, United Kingdom",unknown,,,,https://digitalhealth.london/programmes/accelerator,unknown,no_public_dates,,2026-10-08,funding_investors_type,417
NCA,1230496,https://app.dealroom.co/investors/nca_vc,NCA,,,,,https://nca.vc/,Site unreachable/empty from box; recent DR activity (last DR round sep/2025). Not reviewed further. HQ per Dealroom: Germany (in the 860 list via US location filter).,unknown,N,,,"Hamburg, Germany",unknown,,,,https://nca.vc/,unknown,no_public_dates,,2026-10-08,funding_investors_type,418
Hitomedia,1231902,https://app.dealroom.co/investors/hitomedia,Hitomedia,,,,,http://hitomedia.jp/,"Quick pass: site live, no dated cohort window found on the homepage/apply page. Last DR round nov/2018; portfolio 3. HQ per Dealroom: Japan (in the 860 list via US location filter).",active_undated,N,,,"Tokyo, Japan",unknown,,,,http://hitomedia.jp/,unknown,no_public_dates,,2026-10-08,funding_investors_type,419
VentureNursery,1233783,https://app.dealroom.co/investors/venturenursery,n/a,,,,,,DEFUNCT: site unreachable/empty from box; last DR round jan/2019. HQ per Dealroom: India (in the 860 list via US location filter).,likely_inactive,N,,heuristic,"Mumbai, India",n/a,,,,http://venturenursery.com/,unknown,inactive,,2026-10-08,funding_investors_type,421
HankCorps Corporation,1234073,https://app.dealroom.co/investors/hankcorps_corporation,n/a,,,,,,DEFUNCT: domain parked/for sale/expired (ConnectYourDomain Error | Wix.com); last DR round sep/2019. HQ per Dealroom: blank (in the 860 list via US location filter).,likely_inactive,,,heuristic,,n/a,,,,https://hankcorps.com/,unknown,inactive,,2026-10-08,funding_investors_type,422
InQvation,1235897,https://app.dealroom.co/investors/inqvation,n/a,,,,,,LIKELY INACTIVE: site unreachable/empty from box; last DR round feb/2021. HQ per Dealroom: Denmark (in the 860 list via US location filter).,likely_inactive,N,,heuristic,"Taastrup, Denmark",n/a,,,,http://inqvation.dk/,unknown,inactive,,2026-10-08,funding_investors_type,425
RElab,1236722,https://app.dealroom.co/investors/relab,n/a,,,,,,LIKELY INACTIVE: site unreachable/empty from box; last DR round oct/2020. HQ per Dealroom: United Kingdom (in the 860 list via US location filter).,likely_inactive,N,,heuristic,"London, United Kingdom",n/a,,,,http://relab.tech/,unknown,inactive,,2026-10-08,funding_investors_type,426
GameFounders,124234,https://app.dealroom.co/investors/gamefounders,n/a,,,,,,LIKELY INACTIVE: site shows no current program (©n/a); last DR round oct/2017. HQ per Dealroom: Estonia (in the 860 list via US location filter).,likely_inactive,N,,heuristic,"Tallinn, Estonia",n/a,,,,https://www.gamefounders.com/,unknown,inactive,,2026-10-08,funding_investors_type,429
KOISRA Seed Partners,1243322,https://app.dealroom.co/investors/koisra_seed_partners,n/a,,,,,http://koisraseedpartners.com/,NOT A COHORT PROGRAM (heuristic): name indicates a VC/investment firm; not reviewed in depth. Reclassification candidate. Last DR round apr/2022; portfolio 19. HQ per Dealroom: South Korea (in the 860 list via US location filter).,not_accelerator_vc,N,,heuristic,"Seoul, South Korea",n/a,,,,http://koisraseedpartners.com/,unknown,not_cohort_program,,2026-10-08,funding_investors_type,430
Iowa AgriTech Accelerator,1245121,https://app.dealroom.co/investors/iowa_agritech_accelerator,n/a,,,,,,DEFUNCT: site unreachable/empty from box; last DR round may/2018. Already marked closed in Dealroom (closing year not set); not a DR fix candidate.,defunct,Y,closed (year not set),verified,"Des Moines, US",n/a,,,,http://agiowa.com/,unknown,inactive,,2026-10-08,funding_investors_type,432
The ICEHOUSE,1245480,https://app.dealroom.co/investors/the_icehouse,The ICEHOUSE,,,,,https://www.theicehouse.co.nz/,"Quick pass: site live, no dated cohort window found on the homepage/apply page. Last DR round nov/2021; portfolio 6. HQ per Dealroom: New Zealand (in the 860 list via US location filter).",active_undated,N,,,"Auckland, New Zealand",unknown,,,,https://www.theicehouse.co.nz/,unknown,no_public_dates,,2026-10-08,funding_investors_type,433
Citi Innovation Lab,1248452,https://app.dealroom.co/investors/citi_innovation_lab,n/a,,,,,https://www.citigroup.com/global/about-us/global-presence,NOT A COHORT PROGRAM (heuristic): university/agency/corporate entity; not reviewed in depth. Reclassification candidate. Last DR round mar/2023; portfolio 3. HQ per Dealroom: Israel (in the 860 list via US location filter). Already marked closed in Dealroom (closing year not set); not a DR fix candidate.,defunct,N,closed (year not set),verified,"Tel Aviv-Yafo, Israel",n/a,,,,https://www.citigroup.com/global/about-us/global-presence,unknown,not_cohort_program,,2026-10-08,funding_investors_type,434
Embria,1456797,https://app.dealroom.co/investors/embria,n/a,,,,,,LIKELY INACTIVE: site unreachable/empty from box; last DR round sep/2022. HQ per Dealroom: Cyprus (in the 860 list via US location filter).,likely_inactive,N,,heuristic,"Limassol Municipality, Cyprus",n/a,,,,http://www.embria.com/,unknown,inactive,,2026-10-08,funding_investors_type,442
GSF Accelerator,1519919,https://app.dealroom.co/investors/gsf_accelerator,n/a,,,,,,DEFUNCT: domain now serves unrelated content (title: 'Bro138: Situs Slot Pragmatic Online Terbaru Terper'); last DR round nov/2025. HQ per Dealroom: India (in the 860 list via US location filter).,likely_inactive,N,,heuristic,India,n/a,,,,https://bro138.asia/,unknown,inactive,,2026-10-08,funding_investors_type,443
CITES,1607274,https://app.dealroom.co/investors/cites,CITES,,,,,http://cites-gss.com/,Site unreachable/empty from box; recent DR activity (last DR round oct/2026). Not reviewed further. HQ per Dealroom: Argentina (in the 860 list via US location filter).,unknown,N,,,"Sunchales, Argentina",unknown,,,,http://cites-gss.com/,unknown,no_public_dates,,2026-10-08,funding_investors_type,445
Incutex Company Builders,1607898,https://app.dealroom.co/investors/incutex_company_builders,Incutex Company Builders,,,,,https://www.incutex.com.ar/,"Quick pass: site live, no dated cohort window found on the homepage/apply page. Last DR round jun/2021; portfolio 23. HQ per Dealroom: Argentina (in the 860 list via US location filter).",active_undated,N,,,"Cordoba, Argentina",unknown,,,,https://www.incutex.com.ar/,unknown,no_public_dates,,2026-10-08,funding_investors_type,446
Hub71,1618104,https://app.dealroom.co/investors/hub71,Hub71,Cohort 21,,2027-02,2027-09,https://www.hub71.com/program/hub71-plus-ai,"Hub71+ AI: Cohort 20 closed Aug 2, 2026; Cohort 21 deadline Feb 2027 (month only), program starting Sep 2027. Late applications roll to the next cohort. HQ per Dealroom: United Arab Emirates (in the 860 list via US location filter).",active_dated,N,,,"Abu Dhabi, United Arab Emirates",rolling,,,,https://www.hub71.com/program/hub71-plus-ai,published,rolling,,2026-10-08,funding_investors_type,447
33entrepreneurs,16344,https://app.dealroom.co/investors/33entrepreneurs,n/a,,,,,,LIKELY INACTIVE: site behind bot challenge; no DR round since sep/2015 Last DR round sep/2015; portfolio 12. HQ per Dealroom: France (in the 860 list via US location filter).,likely_inactive,N,,heuristic,"Bordeaux, France",n/a,,,,http://www.33entrepreneurs.co/,unknown,inactive,,2026-10-08,funding_investors_type,448
Decelera,1655231,https://app.dealroom.co/investors/decelera,Decelera,,,,,https://www.decelera.ventures/,"Quick pass: site live, no dated cohort window found on the homepage/apply page. Last DR round sep/2026; portfolio 26. HQ per Dealroom: Spain (in the 860 list via US location filter).",active_undated,N,,,Spain,unknown,,,,https://www.decelera.ventures/,unknown,no_public_dates,,2026-10-08,funding_investors_type,449
FoundersPad,165635,https://app.dealroom.co/investors/founderspad,n/a,,,,,,DEFUNCT: domain now serves unrelated content (title: 'How to Write a Business Plan That Gets Results'); last DR round jul/2017. Already marked closed in Dealroom (closing year not set); not a DR fix candidate.,defunct,Y,closed (year not set),verified,"Bend, US",n/a,,,,https://founderspad.com/,unknown,inactive,,2026-10-08,funding_investors_type,450
Black Nova Group,1681355,https://app.dealroom.co/investors/black_nova_group,Black Nova Group,,,,,https://experience.digital/,"Quick pass: site live, no dated cohort window found on the homepage/apply page. Last DR round sep/2026; portfolio 13. HQ per Dealroom: Australia (in the 860 list via US location filter).",active_undated,N,,,"Sydney, Australia",unknown,,,,https://experience.digital/,unknown,no_public_dates,,2026-10-08,funding_investors_type,451
Startup Lisboa,17423,https://app.dealroom.co/investors/startup_lisboa_tech,Unicorn Factory Lisboa incubation,,,,,https://unicornfactorylisboa.com/startups/apply/,"Startup Lisboa incubation is now Unicorn Factory Lisboa (startuplisboa.com has expired). Year-round applications, reviewed every 90 days. HQ per Dealroom: Portugal (in the 860 list via US location filter).",active_rolling,N,,,"Lisbon, Portugal",rolling,,,,https://unicornfactorylisboa.com/startups/apply/ | https://unicornfactorylisboa.com/faq/,unknown,rolling,,2026-10-08,funding_investors_type,453
CNT Tech,1828829,https://app.dealroom.co/investors/cnttech_co_ltd_,CNT Tech,,,,,http://www.cntt.co.kr/,"Quick pass: site live, no dated cohort window found on the homepage/apply page. Last DR round oct/2026; portfolio 255. HQ per Dealroom: South Korea (in the 860 list via US location filter).",active_undated,N,,,"Seoul, South Korea",unknown,,,,http://www.cntt.co.kr/,unknown,no_public_dates,,2026-10-08,funding_investors_type,456
HG Initiative,1828833,https://app.dealroom.co/investors/hg_initiative_inc_,HG Initiative,,,,,http://www.hginitiative.com/,"Quick pass: site live, no dated cohort window found on the homepage/apply page. Last DR round sep/2026; portfolio 28. HQ per Dealroom: South Korea (in the 860 list via US location filter).",active_undated,N,,,"Seoul, South Korea",unknown,,,,http://www.hginitiative.com/,unknown,no_public_dates,,2026-10-08,funding_investors_type,457
Open Network Lab,18492,https://app.dealroom.co/investors/open_network_lab,Onlab Seed Accelerator,,,2026-09-28,,https://www.onlab.jp/,"Application deadline Sep 28, 2026 (closed). HQ per Dealroom: Japan (in the 860 list via US location filter).",active_undated,N,,,"Tokyo, Japan",2x/yr,,,,https://www.onlab.jp/,published,closed,,2026-10-08,funding_investors_type,459
HealthInc,1880964,https://app.dealroom.co/investors/healthinc,HealthInc,,,,,https://healthinc.io/,Site behind a bot challenge from the box; not checked further (quick pass). Last DR round mar/2024; portfolio 25. HQ per Dealroom: Netherlands (in the 860 list via US location filter).,unknown,N,,,"Amsterdam, Netherlands",unknown,,,,https://healthinc.io/,unknown,no_public_dates,,2026-10-08,funding_investors_type,460
Walled City Co.,1982025,https://app.dealroom.co/investors/walled_city_co,Walled City Co.,,,,,https://walledcity.co/,"Quick pass: site live, no dated cohort window found on the homepage/apply page. Last DR round may/2022; portfolio 9. HQ per Dealroom: Pakistan (in the 860 list via US location filter).",active_undated,N,,,"Lahore, Pakistan",unknown,,,,https://walledcity.co/,unknown,no_public_dates,,2026-10-08,funding_investors_type,461
Byld,2044599,https://app.dealroom.co/investors/byld,Byld,,,,,https://byld.xyz/,"Quick pass: site live, no dated cohort window found on the homepage/apply page. Last DR round aug/2025; portfolio 6. HQ per Dealroom: Spain (in the 860 list via US location filter).",active_undated,N,,,"Madrid, Spain",unknown,,,,https://byld.xyz/,unknown,no_public_dates,,2026-10-08,funding_investors_type,464
EcoMachines Ventures,20681,https://app.dealroom.co/investors/ecomachines_ventures,n/a,,,,,https://www.ecomachinesventures.com/,NOT A COHORT PROGRAM (heuristic): name indicates a VC/investment firm; not reviewed in depth. Reclassification candidate. Last DR round may/2018; portfolio 12. HQ per Dealroom: United Kingdom (in the 860 list via US location filter).,not_accelerator_vc,N,,heuristic,"London, United Kingdom",n/a,,,,https://www.ecomachinesventures.com/,unknown,not_cohort_program,,2026-10-08,funding_investors_type,465
ASU Venture Catalyst,2116051,https://app.dealroom.co/investors/asu_venture_catalyst,n/a,,,,,,DEFUNCT: ASU Venture Catalyst domain now redirects to Furnace Accelerator (unrelated); last DR round Nov 2012. Already marked closed in Dealroom (closing year not set); not a DR fix candidate.,defunct,Y,closed (year not set),verified,"Scottsdale, US",n/a,,,,https://furnaceaccelerator.com/,unknown,inactive,,2026-10-08,funding_investors_type,467
MEST Africa,231739,https://app.dealroom.co/investors/meltwater_foundation_mest_,MEST Training Program,2027 cohort,2026-05-19,2026-07-20,2027-01,https://meltwater.org/,"Applications May 19–Jul 20, 2026 (closed). Contracts Oct 2026, pre-learning Nov–Dec 2026, program starts Jan 2027, graduation Aug 2027. HQ per Dealroom: Ghana (in the 860 list via US location filter).",active_dated,N,,,"Accra, Ghana",1x/yr,2027-08,,,https://meltwater.org/,published,closed,,2026-10-08,funding_investors_type,472
Endeavor South Africa,2372669,https://app.dealroom.co/investors/endeavor_1,Endeavor South Africa,,,,,https://southafrica.endeavor.org/,"Quick pass: site live, no dated cohort window found on the homepage/apply page. Last DR round nov/2025; portfolio 6. HQ per Dealroom: South Africa (in the 860 list via US location filter).",active_undated,N,,,"Johannesburg, South Africa",unknown,,,,https://southafrica.endeavor.org/,unknown,no_public_dates,,2026-10-08,funding_investors_type,473
Falak Investment Hub,2915336,https://app.dealroom.co/investors/falak_investment_hub,n/a,,,,,https://falak.sa/en,NOT A COHORT PROGRAM (heuristic): name indicates a VC/investment firm; not reviewed in depth. Reclassification candidate. Last DR round sep/2026; portfolio 38. HQ per Dealroom: Saudi Arabia (in the 860 list via US location filter).,not_accelerator_vc,N,,heuristic,"Riyadh, Saudi Arabia",n/a,,,,https://falak.sa/en,unknown,not_cohort_program,,2026-10-08,funding_investors_type,476
Seoul Techno Holdings,2953056,https://app.dealroom.co/investors/sth_seoul_techno_holdings,Seoul Techno Holdings,,,,,https://www.snuholdings.com/en/,Site unreachable/empty from box; recent DR activity (last DR round oct/2026). Not reviewed further. HQ per Dealroom: South Korea (in the 860 list via US location filter).,unknown,N,,,"Seoul, South Korea",unknown,,,,https://www.snuholdings.com/en/,unknown,no_public_dates,,2026-10-08,funding_investors_type,477
Tribe,2956123,https://app.dealroom.co/investors/tribe_1_8,Tribe,,,,,https://tribex.co/,Site behind a bot challenge from the box; not checked further (quick pass). Last DR round jul/2024; portfolio 51. HQ per Dealroom: Singapore (in the 860 list via US location filter).,unknown,N,,,"Singapore, Singapore",unknown,,,,https://tribex.co/,unknown,no_public_dates,,2026-10-08,funding_investors_type,478
Advanced Technology Centre,3002871,https://app.dealroom.co/investors/advanced_technology_centre,n/a,,,,,,DEFUNCT: domain now serves unrelated content (title: 'PinCo Casino En iyi slot ve oyunları çevrimiçi oyn'); last DR round sep/2024. HQ per Dealroom: Canada (in the 860 list via US location filter).,likely_inactive,N,,heuristic,"Edmonton, Canada",n/a,,,,https://advancedtechnologycentre.com/,unknown,inactive,,2026-10-08,funding_investors_type,480
Accelerace,31835,https://app.dealroom.co/investors/accelerace,Accelerace,,,,,https://accelerace.io/,"Quick pass: site live, no dated cohort window found on the homepage/apply page. Last DR round mar/2025; portfolio 85. HQ per Dealroom: Denmark (in the 860 list via US location filter).",active_undated,N,,,"Copenhagen, Denmark",unknown,,,,https://accelerace.io/,unknown,no_public_dates,,2026-10-08,funding_investors_type,486
Ignite Accelerator,31922,https://app.dealroom.co/investors/ignite_accelerator,n/a,,,,,,DEFUNCT: domain now serves unrelated content (title: 'DEWASLOT88 > SITUS SLOT GACOR DEWASLOT88 TERPERCAY'); last DR round apr/2018. HQ per Dealroom: United Kingdom (in the 860 list via US location filter).,likely_inactive,N,,heuristic,"Newcastle upon Tyne, United Kingdom",n/a,,,,https://ignite100.com/,unknown,inactive,,2026-10-08,funding_investors_type,487
Microsoft Ventures London Accelerators,32614,https://app.dealroom.co/investors/microsoft_ventures,n/a,,,,,,DEFUNCT: Microsoft Ventures London Accelerator program discontinued; domain now redirects to M12 (Microsoft VC); last DR round May 2018. HQ per Dealroom: United Kingdom (in the 860 list via US location filter).,defunct,N,,verified,"London, United Kingdom",n/a,,,,https://m12.vc/,unknown,inactive,,2026-10-08,funding_investors_type,488
Imaguru,3469861,https://app.dealroom.co/investors/imaguru_1,Imaguru,,,,,https://imaguru.pl/,"Quick pass: site live, no dated cohort window found on the homepage/apply page. Last DR round apr/2023; portfolio 2. HQ per Dealroom: Poland (in the 860 list via US location filter).",active_undated,N,,,"Warsaw, Poland",unknown,,,,https://imaguru.pl/,unknown,no_public_dates,,2026-10-08,funding_investors_type,489
H+ Partners,3483604,https://app.dealroom.co/investors/h_partners_1,n/a,,,,,,LIKELY INACTIVE: site unreachable/empty from box; last DR round nov/2022. HQ per Dealroom: United Kingdom (in the 860 list via US location filter).,likely_inactive,N,,heuristic,"London, United Kingdom",n/a,,,,https://hpluspartners.com/,unknown,inactive,,2026-10-08,funding_investors_type,490
Aentor,3678652,https://app.dealroom.co/investors/aentor,n/a,,,,,,LIKELY INACTIVE: site unreachable/empty from box; last DR round nov/2022. HQ per Dealroom: India (in the 860 list via US location filter).,likely_inactive,N,,heuristic,India,n/a,,,,http://aentor.com/,unknown,inactive,,2026-10-08,funding_investors_type,493
Danforth Technology Company,3878022,https://app.dealroom.co/investors/danforth_technology_company,Danforth Technology Company,,,,,https://danforthtechnology.com/,"Quick pass: site live, no dated cohort window found on the homepage/apply page. Last DR round sep/2026; portfolio 2. HQ per Dealroom: blank (in the 860 list via US location filter).",active_undated,,,,,unknown,,,,https://danforthtechnology.com/,unknown,no_public_dates,,2026-10-08,funding_investors_type,505
Katapult Accelerator,3982985,https://app.dealroom.co/investors/katapult_,Katapult Accelerator,,,,,https://katapult-akcelerator.rs/,"Quick pass: site live, no dated cohort window found on the homepage/apply page. Last DR round oct/2024; portfolio 55. HQ per Dealroom: Serbia (in the 860 list via US location filter).",active_undated,N,,,"Belgrade, Serbia",unknown,,,,https://katapult-akcelerator.rs/,unknown,no_public_dates,,2026-10-08,funding_investors_type,506
BioInnovation Institute,4432148,https://app.dealroom.co/investors/bioinnovation_institute_1,BII Venture Lab,Feb 2027 cohort,,2026-09-10,2027-02,https://bii.dk/,"Deadline Sep 10, 2026, 14:00 CET (closed); cohort starts Feb 2027. HQ per Dealroom: Denmark (in the 860 list via US location filter).",active_dated,N,,,"Copenhagen, Denmark",1x/yr,,,,https://bii.dk/media/o1npxoy0/guidelines-for-applicants_venture-lab_april2026.pdf,published,closed,,2026-10-08,funding_investors_type,507
KI Capital,4679077,https://app.dealroom.co/investors/ki_capital,n/a,,,,,https://ki-capital.de/,NOT A COHORT PROGRAM (heuristic): name indicates a VC/investment firm; not reviewed in depth. Reclassification candidate. Last DR round jan/2021; portfolio 4. HQ per Dealroom: Germany (in the 860 list via US location filter).,not_accelerator_vc,N,,heuristic,"Duisburg, Germany",n/a,,,,https://ki-capital.de/,unknown,not_cohort_program,,2026-10-08,funding_investors_type,509
888vc,4918517,https://app.dealroom.co/investors/888vc,888vc,,,,,https://www.888vc.co/,"Quick pass: site live, no dated cohort window found on the homepage/apply page. Last DR round feb/2026; portfolio 4. HQ per Dealroom: India (in the 860 list via US location filter).",active_undated,N,,,"Bengaluru, India",unknown,,,,https://www.888vc.co/,unknown,no_public_dates,,2026-10-08,funding_investors_type,510
Katapult Africa,5032695,https://app.dealroom.co/investors/katapult_africa,Katapult Africa,,,,,https://katapult.vc/africa/,"Quick pass: site live, no dated cohort window found on the homepage/apply page. Last DR round jun/2025; portfolio 66. HQ per Dealroom: Norway (in the 860 list via US location filter).",active_undated,N,,,"Oslo, Norway",unknown,,,,https://katapult.vc/africa/,unknown,no_public_dates,,2026-10-08,funding_investors_type,512
Start it @KBC,72670,https://app.dealroom.co/investors/start_it_kbc_1,n/a,,,,,,LIKELY INACTIVE: site unreachable/empty from box; last DR round may/2024. HQ per Dealroom: Belgium (in the 860 list via US location filter).,likely_inactive,N,,heuristic,"Leuven, Belgium",n/a,,,,https://www.startit.be/,unknown,inactive,,2026-10-08,funding_investors_type,515
Conector Startup Accelerator,73415,https://app.dealroom.co/investors/conector,n/a,,,,,,DEFUNCT: site unreachable/empty from box; last DR round apr/2019. HQ per Dealroom: Spain (in the 860 list via US location filter).,likely_inactive,N,,heuristic,"Barcelona, Spain",n/a,,,,http://www.conector.com/,unknown,inactive,,2026-10-08,funding_investors_type,516
CORFO,73528,https://app.dealroom.co/investors/corfo,CORFO,,,,,https://www.corfo.gob.cl/sites/cpp/,"Quick pass: site live, no dated cohort window found on the homepage/apply page. Last DR round aug/2025; portfolio 63. HQ per Dealroom: Chile (in the 860 list via US location filter).",active_undated,N,,,"Santiago, Chile",unknown,,,,https://www.corfo.gob.cl/sites/cpp/,unknown,no_public_dates,,2026-10-08,funding_investors_type,517
NMA.vc,871100,https://app.dealroom.co/investors/nma_vc,n/a,,,,,https://nma.vc/,NOT A COHORT PROGRAM (heuristic): name indicates a VC/investment firm; not reviewed in depth. Reclassification candidate. Last DR round sep/2022; portfolio 86. HQ per Dealroom: Germany (in the 860 list via US location filter).,not_accelerator_vc,N,,heuristic,"Hamburg, Germany",n/a,,,,https://nma.vc/,unknown,not_cohort_program,,2026-10-08,funding_investors_type,518
Hong Kong Science & Technology Parks Corporation,895757,https://app.dealroom.co/investors/hong_kong_science_technology_parks_corporation_hkstp,Hong Kong Science & Technology Parks Corporation,,,,,https://www.hkstp.org/en/programmes/incubation/incubation-programme,HKSTP Incubation Programme accepts applications year-round (no fixed deadline). HQ per Dealroom: Hong Kong (in the 860 list via US location filter).,active_rolling,N,,,Hong Kong,rolling,,,,https://www.hkstp.org/en/programmes/incubation/incubation-programme,unknown,rolling,,2026-10-08,funding_investors_type,519
Prototron,932953,https://app.dealroom.co/investors/prototron,Prototron,,,,,https://prototron.ee/,Site unreachable/empty from box; recent DR activity (last DR round feb/2026). Not reviewed further. HQ per Dealroom: Estonia (in the 860 list via US location filter).,unknown,N,,,"Tallinn, Estonia",unknown,,,,https://prototron.ee/,unknown,no_public_dates,,2026-10-08,funding_investors_type,520
Propeller,944052,https://app.dealroom.co/investors/propeller_inc_,Propeller,,,,,https://www.propellerinc.me/,"Quick pass: site live, no dated cohort window found on the homepage/apply page. Last DR round sep/2025; portfolio 31. HQ per Dealroom: Jordan (in the 860 list via US location filter).",active_undated,N,,,"Amman, Jordan",unknown,,,,https://www.propellerinc.me/,unknown,no_public_dates,,2026-10-08,funding_investors_type,521
Microsoft BizSpark,944080,https://app.dealroom.co/investors/microsoft_bizspark,n/a,,,,,,LIKELY INACTIVE: site unreachable/empty from box; last DR round mar/2022. HQ per Dealroom: Israel (in the 860 list via US location filter). Already marked closed in Dealroom (closing year not set); not a DR fix candidate.,defunct,N,closed (year not set),verified,"Tel Aviv-Yafo, Israel",n/a,,,,http://bizspark.microsoft.com/,unknown,inactive,,2026-10-08,funding_investors_type,522
The Kitchen - FoodTech Hub,958702,https://app.dealroom.co/investors/the_kitchen_hub,The Kitchen - FoodTech Hub,,,,,https://www.strauss-group.com/,Site behind a bot challenge from the box; not checked further (quick pass). Last DR round jun/2024; portfolio 24. HQ per Dealroom: Israel (in the 860 list via US location filter).,unknown,N,,,"Emunim, Israel",unknown,,,,https://www.strauss-group.com/,unknown,no_public_dates,,2026-10-08,funding_investors_type,523
Slingshot Accelerator,96786,https://app.dealroom.co/investors/slingshot_accelerator,Slingshot Accelerator,,,,,https://www.slingshotters.com/,"Quick pass: site live, no dated cohort window found on the homepage/apply page. Last DR round mar/2016; portfolio 19. HQ per Dealroom: Australia (in the 860 list via US location filter).",active_undated,N,,,"Newcastle-Maitland, Australia",unknown,,,,https://www.slingshotters.com/,unknown,no_public_dates,,2026-10-08,funding_investors_type,525
Nurture Ventures,980108,https://app.dealroom.co/investors/nurture_ventures,n/a,,,,,http://www.nurtureventures.com/,NOT A COHORT PROGRAM (heuristic): name indicates a VC/investment firm; not reviewed in depth. Reclassification candidate. Last DR round apr/2024; portfolio 5. HQ per Dealroom: United Kingdom (in the 860 list via US location filter).,not_accelerator_vc,N,,heuristic,"Cardiff, United Kingdom",n/a,,,,http://www.nurtureventures.com/,unknown,not_cohort_program,,2026-10-08,funding_investors_type,526
W2 Labs,980117,https://app.dealroom.co/investors/w2_labs,n/a,,,,,,DEFUNCT: site unreachable/empty from box; last DR round jan/2019. HQ per Dealroom: United Kingdom (in the 860 list via US location filter).,likely_inactive,N,,heuristic,"London, United Kingdom",n/a,,,,http://w2labs.com/,unknown,inactive,,2026-10-08,funding_investors_type,527
Inncubator Investments UG (hb),100530,https://app.dealroom.co/investors/inncubator_investments_ug_hb_,n/a,,,,,,DEFUNCT: site unreachable/empty from box; last DR round feb/2018. HQ per Dealroom: Germany (in the 860 list via US location filter).,likely_inactive,N,,heuristic,"Cologne, Germany",n/a,,,,http://inncubator.de/,unknown,inactive,,2026-10-08,funding_investors_type,529
Siemens Technology Accelerator,110849,https://app.dealroom.co/investors/siemens_technology_accelerator,Siemens Technology Accelerator,,,,,https://www.siemens.com/en-us/content/technology-accelerator/,"Quick pass: site live, no dated cohort window found on the homepage/apply page. Last DR round jun/2025; portfolio 7. HQ per Dealroom: Germany (in the 860 list via US location filter).",active_undated,N,,,"Munich, Germany",unknown,,,,https://www.siemens.com/en-us/content/technology-accelerator/,unknown,no_public_dates,,2026-10-08,funding_investors_type,532
ExitValley,1208534,https://app.dealroom.co/investors/exitvalley,ExitValley,,,,,https://www.exitvalley.com/,"Quick pass: site live, no dated cohort window found on the homepage/apply page. Last DR round nov/2025; portfolio 7. HQ per Dealroom: Israel (in the 860 list via US location filter).",active_undated,N,,,"Tel Aviv-Yafo, Israel",unknown,,,,https://www.exitvalley.com/,unknown,no_public_dates,,2026-10-08,funding_investors_type,535
FGV Ventures,1208555,https://app.dealroom.co/investors/fgv_ventures_1,FGV Ventures (EAESP) acceleration program,Batch 22,2026-11,,,https://eaesp.fgv.br/centros/centro-empreendedorismo-e-novos-negocios/fgv-ventures,Batch 21 is underway. Batch 22 applications start in November 2026 (month only). 4-month program; no equity taken. HQ per Dealroom: Brazil (in the 860 list via US location filter).,active_dated,N,,,"São Paulo, Brazil",~2x/yr,,,,https://eaesp.fgv.br/centros/centro-empreendedorismo-e-novos-negocios/fgv-ventures,published,upcoming_unpublished,,2026-10-08,funding_investors_type,536
IdeaBOOST,1208676,https://app.dealroom.co/investors/ideaboost,IdeaBOOST,,,,,http://www.ideaboost.ca/,Site behind a bot challenge from the box; not checked further (quick pass). Last DR round mar/2018; portfolio 20. HQ per Dealroom: Canada (in the 860 list via US location filter).,unknown,N,,,"Toronto, Canada",unknown,,,,http://www.ideaboost.ca/,unknown,no_public_dates,,2026-10-08,funding_investors_type,537
UUI Ventures,1209137,https://app.dealroom.co/investors/uui_ventures,n/a,,,,,,DEFUNCT: site unreachable/empty from box; last DR round dec/2016. HQ per Dealroom: Ukraine (in the 860 list via US location filter).,likely_inactive,N,,heuristic,"Kyiv, Ukraine",n/a,,,,http://uui.ventures/,unknown,inactive,,2026-10-08,funding_investors_type,538
Bizrupt,1209484,https://app.dealroom.co/investors/bizrupt,n/a,,,,,,LIKELY INACTIVE: site unreachable/empty from box; last DR round may/2020. HQ per Dealroom: Mexico (in the 860 list via US location filter).,likely_inactive,N,,heuristic,"Mexico City, Mexico",n/a,,,,http://bizrupt.biz/,unknown,inactive,,2026-10-08,funding_investors_type,541
Open Innovation,1209668,https://app.dealroom.co/investors/open_innovation,n/a,,,,,http://openinnovation.ru/,NOT A COHORT PROGRAM (heuristic): university/agency/corporate entity; not reviewed in depth. Reclassification candidate. Last DR round sep/2017; portfolio 1. HQ per Dealroom: Russia (in the 860 list via US location filter).,not_accelerator_other,N,,heuristic,"Moscow, Russia",n/a,,,,http://openinnovation.ru/,unknown,not_cohort_program,,2026-10-08,funding_investors_type,542
ConnectCapital,1210694,https://app.dealroom.co/investors/connectcapital,n/a,,,,,,LIKELY INACTIVE: site behind bot challenge; no DR round since apr/2000 Last DR round apr/2000; portfolio 1. HQ per Dealroom: India (in the 860 list via US location filter).,likely_inactive,N,,heuristic,"Mumbai, India",n/a,,,,http://connectcapital.com/,unknown,inactive,,2026-10-08,funding_investors_type,543
Derbi Foundation,1211772,https://app.dealroom.co/investors/derbi_foundation,n/a,,,,,,LIKELY INACTIVE: site unreachable/empty from box; last DR round aug/2022. HQ per Dealroom: India (in the 860 list via US location filter).,likely_inactive,N,,heuristic,"Bengaluru, India",n/a,,,,https://derbifoundation.com/,unknown,inactive,,2026-10-08,funding_investors_type,546
China Canada Angel Alliance,1212511,https://app.dealroom.co/investors/china_canada_angel_alliance,China Canada Angel Alliance,,,,,https://www.cc-angels.com/,"Quick pass: site live, no dated cohort window found on the homepage/apply page. Last DR round jun/2024; portfolio 45. HQ per Dealroom: Canada (in the 860 list via US location filter).",active_undated,N,,,Canada,unknown,,,,https://www.cc-angels.com/,unknown,no_public_dates,,2026-10-08,funding_investors_type,548
Smart Future Lab,1212812,https://app.dealroom.co/investors/smart_future_lab,n/a,,,,,,DEFUNCT: site unreachable/empty from box; last DR round dec/2017. HQ per Dealroom: Hungary (in the 860 list via US location filter).,likely_inactive,N,,heuristic,"Budapest, Hungary",n/a,,,,https://smartfuturelab.mvm.hu/,unknown,inactive,,2026-10-08,funding_investors_type,550
Silicon Peak,1213698,https://app.dealroom.co/investors/silicon_peak,Silicon Peak,,,,,http://siliconpeak.com/,"Quick pass: site live, no dated cohort window found on the homepage/apply page. Last DR round feb/2026; portfolio 3. HQ per Dealroom: blank (in the 860 list via US location filter).",active_undated,,,,,unknown,,,,http://siliconpeak.com/,unknown,no_public_dates,,2026-10-08,funding_investors_type,551
Proptech Capital,1214471,https://app.dealroom.co/investors/proptech_capital,n/a,,,,,,LIKELY INACTIVE: site unreachable/empty from box; last DR round nov/2021. HQ per Dealroom: United Kingdom (in the 860 list via US location filter).,likely_inactive,N,,heuristic,"London, United Kingdom",n/a,,,,http://proptech.capital/,unknown,inactive,,2026-10-08,funding_investors_type,553
Big Bang Accelerator,1215057,https://app.dealroom.co/investors/big_bang_accelerator,Big Bang Accelerator,,,,,http://bigbang-accelerator.com/,Site unreachable/empty from box; recent DR activity (last DR round oct/2025). Not reviewed further. HQ per Dealroom: France (in the 860 list via US location filter).,unknown,N,,,"Paris, France",unknown,,,,http://bigbang-accelerator.com/,unknown,no_public_dates,,2026-10-08,funding_investors_type,554
Auto Nebula Capital Advisers Private Limited,1215567,https://app.dealroom.co/investors/auto_nebula_capital_advisers_private_limited,n/a,,,,,https://www.autonebula.com/,NOT A COHORT PROGRAM (heuristic): name indicates a VC/investment firm; not reviewed in depth. Reclassification candidate. Last DR round jan/2019; portfolio 21. HQ per Dealroom: India (in the 860 list via US location filter). Already marked closed in Dealroom (closing year 2021); not a DR fix candidate.,defunct,N,2021,verified,"Pune, India",n/a,,,,https://www.autonebula.com/,unknown,not_cohort_program,,2026-10-08,funding_investors_type,556
Embarca,1215570,https://app.dealroom.co/investors/embarca,Embarca,,,,,https://www.embarca.tech/,"Quick pass: site live, no dated cohort window found on the homepage/apply page. Last DR round may/2026; portfolio 14. HQ per Dealroom: Argentina (in the 860 list via US location filter).",active_undated,N,,,"BPJ, Argentina",unknown,,,,https://www.embarca.tech/,unknown,no_public_dates,,2026-10-08,funding_investors_type,557
Tab The Momentum,1215807,https://app.dealroom.co/investors/tab_the_momentum,n/a,,,,,,"DEFUNCT: domain now serves unrelated content (title: '강남구코재수술 베리굿성형외과 | 강남구코성형, 강남구눈성형, 강남구안면거상, 강남구안면윤곽'); last DR round mar/2015. HQ per Dealroom: South Korea (in the 860 list via US location filter).",likely_inactive,N,,heuristic,"Seoul, South Korea",n/a,,,,https://tabtm.com/,unknown,inactive,,2026-10-08,funding_investors_type,558
Canadian Technology Accelerators,1217286,https://app.dealroom.co/investors/canadian_technology_accelerators,n/a,,,,,,LIKELY INACTIVE: site unreachable/empty from box; last DR round may/2021. HQ per Dealroom: Canada (in the 860 list via US location filter).,likely_inactive,N,,heuristic,"Calgary, Canada",n/a,,,,https://www.tradecommissioner.gc.ca/cta-atc/index.aspx,unknown,inactive,,2026-10-08,funding_investors_type,561
Real Estate Accelerator Program (REAP),1217928,https://app.dealroom.co/investors/real_estate_accelerator_program_reap_,Real Estate Accelerator Program (REAP),,,,,https://brigadereap.com/,"Quick pass: site live, no dated cohort window found on the homepage/apply page. Last DR round apr/2026; portfolio 13. HQ per Dealroom: India (in the 860 list via US location filter).",active_undated,N,,,"Bengaluru, India",unknown,,,,https://brigadereap.com/,unknown,no_public_dates,,2026-10-08,funding_investors_type,563
ThinQbate,1219777,https://app.dealroom.co/investors/thinqbate,n/a,,,,,,DEFUNCT: site unreachable/empty from box; last DR round oct/2019. HQ per Dealroom: India (in the 860 list via US location filter).,likely_inactive,N,,heuristic,"Mumbai, India",n/a,,,,http://thinqbate.com/,unknown,inactive,,2026-10-08,funding_investors_type,567
RevvX Hardware / IOT Accelerator,1219967,https://app.dealroom.co/investors/revvx_hardware_iot_accelerator,n/a,,,,,,DEFUNCT: site unreachable/empty from box; last DR round jan/2019. HQ per Dealroom: India (in the 860 list via US location filter).,likely_inactive,N,,heuristic,"Bengaluru, India",n/a,,,,http://revvx.com/,unknown,inactive,,2026-10-08,funding_investors_type,568
The Mill,1221660,https://app.dealroom.co/investors/the_mill_1,n/a,,,,,,DEFUNCT: domain now serves unrelated content (title: 'OK9 Sultan 🎖️ Trang Chủ Đăng Nhập Nhà Cái OK9.COM '); last DR round jul/2017. Already marked closed in Dealroom (closing year not set); not a DR fix candidate.,defunct,Y,closed (year not set),verified,"Las Vegas, US",n/a,,,,https://sultan128.top/,unknown,inactive,,2026-10-08,funding_investors_type,571
The Net street,1222182,https://app.dealroom.co/investors/the_net_street_1,The Net street,,,,,https://thenetstreet.com/,Site behind a bot challenge from the box; not checked further (quick pass). Last DR round oct/2022; portfolio 8. HQ per Dealroom: Spain (in the 860 list via US location filter).,unknown,N,,,"Barcelona, Spain",unknown,,,,https://thenetstreet.com/,unknown,no_public_dates,,2026-10-08,funding_investors_type,572
JadeValue,1223186,https://app.dealroom.co/investors/jadevalue,n/a,,,,,,DEFUNCT: site unreachable/empty from box; last DR round aug/2018. HQ per Dealroom: China (in the 860 list via US location filter).,likely_inactive,N,,heuristic,"Pudong, China",n/a,,,,http://jadevaluefintech.com/,unknown,inactive,,2026-10-08,funding_investors_type,576
5starts,1223859,https://app.dealroom.co/investors/5starts,n/a,,,,,,DEFUNCT: domain now serves unrelated content (title: 'Game Tài Xỉu 🥇 Top 20+ Nhà Cái Tài Xỉu Uy Tín Nhất'); last DR round jun/2018. HQ per Dealroom: Austria (in the 860 list via US location filter). Already marked closed in Dealroom (closing year not set); not a DR fix candidate.,defunct,N,closed (year not set),verified,"Vienna, Austria",n/a,,,,https://taixiuonline9.pro/,unknown,inactive,,2026-10-08,funding_investors_type,577
startup300,1224702,https://app.dealroom.co/investors/startup300,startup300,,,,,https://startup300.at/,"Quick pass: site live, no dated cohort window found on the homepage/apply page. Last DR round oct/2023; portfolio 13. HQ per Dealroom: Austria (in the 860 list via US location filter).",active_undated,N,,,"Linz, Austria",unknown,,,,https://startup300.at/,unknown,no_public_dates,,2026-10-08,funding_investors_type,579
Fashion Technology Accelerator Milan,1225068,https://app.dealroom.co/investors/fashion_technology_accelerator_milan,n/a,,,,,,LIKELY INACTIVE: site unreachable/empty from box; last DR round aug/2023. HQ per Dealroom: Italy (in the 860 list via US location filter).,likely_inactive,N,,heuristic,"Milan, Italy",n/a,,,,https://www.ftaccelerator.it/,unknown,inactive,,2026-10-08,funding_investors_type,580
Novo SEED,1225274,https://app.dealroom.co/investors/novo_seed,n/a,,,,,,LIKELY INACTIVE: site unreachable/empty from box; last DR round oct/2021. HQ per Dealroom: Brazil (in the 860 list via US location filter).,likely_inactive,N,,heuristic,"Brumadinho, Brazil",n/a,,,,https://seed.mg.gov.br/,unknown,inactive,,2026-10-08,funding_investors_type,581
GHV Accelerator,1225318,https://app.dealroom.co/investors/ghv_accelerator,GHV Accelerator,,,,,https://www.ghvaccelerator.com/,"Quick pass: site live, no dated cohort window found on the homepage/apply page. Last DR round sep/2022; portfolio 16. HQ per Dealroom: India (in the 860 list via US location filter).",active_undated,N,,,"Gurugram, India",unknown,,,,https://www.ghvaccelerator.com/,unknown,no_public_dates,,2026-10-08,funding_investors_type,582
Ginserv,1225749,https://app.dealroom.co/investors/ginserv,n/a,,,,,,DEFUNCT: site unreachable/empty from box; last DR round nov/2014. HQ per Dealroom: India (in the 860 list via US location filter).,likely_inactive,N,,heuristic,"Bengaluru, India",n/a,,,,https://ginserv.com/,unknown,inactive,,2026-10-08,funding_investors_type,583
Fashion Zone,1225773,https://app.dealroom.co/investors/fashion_zone,Fashion Zone,,,,,http://fashionzone.ca/,Site behind a bot challenge from the box; not checked further (quick pass). Last DR round may/2022; portfolio 68. HQ per Dealroom: Canada (in the 860 list via US location filter).,unknown,N,,,"Toronto, Canada",unknown,,,,http://fashionzone.ca/,unknown,no_public_dates,,2026-10-08,funding_investors_type,584
Angel Element Administrator,1226859,https://app.dealroom.co/investors/angel_element_administrator,Angel Element Administrator,,,,,https://www.bizapedia.com/pro-search-subscription.aspx?id=b&prlbdi=0,"Quick pass: site live, no dated cohort window found on the homepage/apply page. Last DR round jun/2021; portfolio 1.",active_undated,Y,,,"Paradise, US",unknown,,,,https://www.bizapedia.com/pro-search-subscription.aspx?id=b&prlbdi=0,unknown,no_public_dates,,2026-10-08,funding_investors_type,586
FutureFoodCo,1227210,https://app.dealroom.co/investors/futurefoodco,FutureFoodCo,,,,,https://www.futurefoodco.de/de,"Quick pass: site live, no dated cohort window found on the homepage/apply page. Last DR round mar/2019; portfolio 34. HQ per Dealroom: Germany (in the 860 list via US location filter).",active_undated,N,,,"Berlin, Germany",unknown,,,,https://www.futurefoodco.de/de,unknown,no_public_dates,,2026-10-08,funding_investors_type,588
Protege,1227251,https://app.dealroom.co/investors/protege,n/a,,,,,,DEFUNCT: domain parked/for sale/expired (PROTEGE.CO.UK - For Sale); last DR round jul/2000. HQ per Dealroom: United Kingdom (in the 860 list via US location filter).,likely_inactive,N,,heuristic,"Borehamwood, United Kingdom",n/a,,,,https://protege.co.uk/,unknown,inactive,,2026-10-08,funding_investors_type,589
Cerebro Labs,1228689,https://app.dealroom.co/investors/cerebro_labs,n/a,,,,,,DEFUNCT: site unreachable/empty from box; last DR round feb/2018. HQ per Dealroom: Philippines (in the 860 list via US location filter).,likely_inactive,N,,heuristic,"Makati, Philippines",n/a,,,,http://cerebrolabs.io/,unknown,inactive,,2026-10-08,funding_investors_type,593
L-SPARK,1230342,https://app.dealroom.co/investors/l_spark,L-SPARK,,,,,https://www.l-spark.com/,"Quick pass: site live, no dated cohort window found on the homepage/apply page. Last DR round oct/2023; portfolio 80. HQ per Dealroom: Canada (in the 860 list via US location filter).",active_undated,N,,,"Ottawa, Canada",unknown,,,,https://www.l-spark.com/,unknown,no_public_dates,,2026-10-08,funding_investors_type,594
Withinlink,1230366,https://app.dealroom.co/investors/withinlink,n/a,,,,,,LIKELY INACTIVE: site shows no current program (©n/a); last DR round mar/2017. HQ per Dealroom: China (in the 860 list via US location filter).,likely_inactive,N,,heuristic,"Huangpu, China",n/a,,,,https://www.withinlink.com/,unknown,inactive,,2026-10-08,funding_investors_type,595
AI Startup Incubator,1232230,https://app.dealroom.co/investors/ai_startup_incubator,n/a,,,,,,DEFUNCT: domain parked/for sale/expired (suincubator.ai); last DR round aug/2024. HQ per Dealroom: Czechia (in the 860 list via US location filter).,likely_inactive,N,,heuristic,"Prague, Czechia",n/a,,,,http://suincubator.ai/,unknown,inactive,,2026-10-08,funding_investors_type,598
Milky Way Ventures,1232569,https://app.dealroom.co/investors/milky_way_ventures,n/a,,,,,,LIKELY INACTIVE: site unreachable/empty from box; last DR round dec/2024. HQ per Dealroom: Italy (in the 860 list via US location filter). Already marked closed in Dealroom (closing year not set); not a DR fix candidate.,defunct,N,closed (year not set),verified,"Milan, Italy",n/a,,,,http://mwv.vc/,unknown,inactive,,2026-10-08,funding_investors_type,599
BSI,1232916,https://app.dealroom.co/investors/bsi_3,n/a,,,,,,LIKELY INACTIVE: site shows no current program (©n/a); last DR round aug/2007. HQ per Dealroom: Australia (in the 860 list via US location filter).,likely_inactive,N,,heuristic,"Oaklands, Australia",n/a,,,,http://bsi.com.au/,unknown,inactive,,2026-10-08,funding_investors_type,600
NEOPLY,1233429,https://app.dealroom.co/investors/neoply,n/a,,,,,,LIKELY INACTIVE: site shows no current program (©n/a); last DR round oct/2019. HQ per Dealroom: South Korea (in the 860 list via US location filter).,likely_inactive,N,,heuristic,"Seongnam-si, South Korea",n/a,,,,http://neoply.com/,unknown,inactive,,2026-10-08,funding_investors_type,602
MountainWest Technology Accelerator,1235626,https://app.dealroom.co/investors/mountainwest_technology_accelerator,n/a,,,,,,DEFUNCT: domain now serves unrelated content (title: 'Tỷ Lệ Kèo Nhà Cái 5 Chuẩn - Soi Kèo Bóng Đá - Keon'); last DR round mar/2018. Already marked closed in Dealroom (closing year not set); not a DR fix candidate.,defunct,Y,closed (year not set),verified,"Reno, US",n/a,,,,https://carak.io/,unknown,inactive,,2026-10-08,funding_investors_type,603
Lotte Accelerator,1238343,https://app.dealroom.co/investors/lotte_accelerator,n/a,,,,,,LIKELY INACTIVE: site unreachable/empty from box; last DR round aug/2022. HQ per Dealroom: South Korea (in the 860 list via US location filter).,likely_inactive,N,,heuristic,"Seoul, South Korea",n/a,,,,http://lotteacc.com/,unknown,inactive,,2026-10-08,funding_investors_type,605
Technion DRIVE Accelerator,1240296,https://app.dealroom.co/investors/technion_drive_accelerator,n/a,,,,,,DEFUNCT: domain now serves unrelated content (title: 'AGENOLX ~ Daftarkan Situs Slot Online Tergacor Dep'); last DR round jul/2020. HQ per Dealroom: Israel (in the 860 list via US location filter).,likely_inactive,N,,heuristic,"Haifa, Israel",n/a,,,,https://moderngent.com/,unknown,inactive,,2026-10-08,funding_investors_type,609
UTEC Ventures,1240434,https://app.dealroom.co/investors/utec_ventures,n/a,,,,,,LIKELY INACTIVE: site unreachable/empty from box; last DR round nov/2023. HQ per Dealroom: Peru (in the 860 list via US location filter).,likely_inactive,N,,heuristic,"Lima, Peru",n/a,,,,https://utecventures.com/,unknown,inactive,,2026-10-08,funding_investors_type,611
Supernova,1243343,https://app.dealroom.co/investors/supernova_1,Supernova,,,,,https://supernovabr.com/,Site behind a bot challenge from the box; not checked further (quick pass). Last DR round aug/2021; portfolio 3. HQ per Dealroom: Brazil (in the 860 list via US location filter).,unknown,N,,,"Curitiba, Brazil",unknown,,,,https://supernovabr.com/,unknown,no_public_dates,,2026-10-08,funding_investors_type,614
CIIE. CO,1244744,https://app.dealroom.co/investors/ciie_iim_ahmedabad,n/a,,,,,,LIKELY INACTIVE: site unreachable/empty from box; last DR round jun/2024. HQ per Dealroom: India (in the 860 list via US location filter).,likely_inactive,N,,heuristic,"Ahmedabad, India",n/a,,,,http://ciie.co/,unknown,inactive,,2026-10-08,funding_investors_type,617
QUT Creative Enterprise Australia,1244824,https://app.dealroom.co/investors/qut_creative_enterprise_australia,n/a,,,,,,DEFUNCT: site unreachable/empty from box; last DR round apr/2018. HQ per Dealroom: Australia (in the 860 list via US location filter).,likely_inactive,N,,heuristic,"Brisbane, Australia",n/a,,,,http://qutcea.com/,unknown,inactive,,2026-10-08,funding_investors_type,618
Hitotoki Incubator,1244853,https://app.dealroom.co/investors/hitotoki_incubator,Hitotoki Incubator,,,,,http://hitotoki.in/,"Quick pass: site live, no dated cohort window found on the homepage/apply page. Last DR round feb/2020; portfolio 6. HQ per Dealroom: Japan (in the 860 list via US location filter).",active_undated,N,,,"Tokyo, Japan",unknown,,,,http://hitotoki.in/,unknown,no_public_dates,,2026-10-08,funding_investors_type,619
True Incube,1245256,https://app.dealroom.co/investors/true_incube,n/a,,,,,,DEFUNCT: site unreachable/empty from box; last DR round jan/2019. HQ per Dealroom: Thailand (in the 860 list via US location filter).,likely_inactive,N,,heuristic,"Bangkok, Thailand",n/a,,,,https://www.trueincube.com/,unknown,inactive,,2026-10-08,funding_investors_type,622
K-Startup Grand Challenge,1245891,https://app.dealroom.co/investors/k_startup_grand_challenge,K-Startup Grand Challenge,2026,,2026-06-17,,https://ksgc.global/apply,"2026 main-track deadline Jun 17, 2026, 15:00 KST (closed). The old domain k-startupgc.org now serves a casino site; official site is ksgc.global. HQ per Dealroom: South Korea (in the 860 list via US location filter).",active_undated,N,,,South Korea,1x/yr,,,,https://ksgc.global/guidelines/KSGC_2026_Recruitment_Guidelines.pdf | https://ksgc.global/apply,published,closed,,2026-10-08,funding_investors_type,625
Bitkemy Ventures,1247103,https://app.dealroom.co/investors/bitkemy_ventures,n/a,,,,,,DEFUNCT: site unreachable/empty from box; last DR round jun/2016. HQ per Dealroom: India (in the 860 list via US location filter).,likely_inactive,N,,heuristic,"Hyderabad, India",n/a,,,,https://prasadityaidea.com/,unknown,inactive,,2026-10-08,funding_investors_type,626
Highroad Innovation Center,1248456,https://app.dealroom.co/investors/highroad_innovation_center,n/a,,,,,,LIKELY INACTIVE: site unreachable/empty from box; last DR round mar/2022. HQ per Dealroom: Israel (in the 860 list via US location filter).,likely_inactive,N,,heuristic,"Azor, Israel",n/a,,,,https://highroad.to/,unknown,inactive,,2026-10-08,funding_investors_type,629
DRIVE TLV,1248482,https://app.dealroom.co/investors/drive_tlv,DRIVE TLV,,,,,https://www.drivetlv.com/,"Quick pass: site live, no dated cohort window found on the homepage/apply page. Last DR round apr/2025; portfolio 2. HQ per Dealroom: Israel (in the 860 list via US location filter).",active_undated,N,,,"Tel Aviv-Yafo, Israel",unknown,,,,https://www.drivetlv.com/,unknown,no_public_dates,,2026-10-08,funding_investors_type,630
Lightning Lab,125300,https://app.dealroom.co/investors/lightning_lab,n/a,,,,,,LIKELY INACTIVE: site behind bot challenge; no DR round since mar/2015 Last DR round mar/2015; portfolio 6. HQ per Dealroom: New Zealand (in the 860 list via US location filter).,likely_inactive,N,,heuristic,"Wellington, New Zealand",n/a,,,,https://creativehq.co.nz/build-for-founders/,unknown,inactive,,2026-10-08,funding_investors_type,631
Venture Square,125701,https://app.dealroom.co/investors/venturesquare,Venture Square,,,,,https://www.venturesquare.net/,"Quick pass: site live, no dated cohort window found on the homepage/apply page. Last DR round mar/2026; portfolio 30. HQ per Dealroom: South Korea (in the 860 list via US location filter).",active_undated,N,,,"Yangju-si, South Korea",unknown,,,,https://www.venturesquare.net/,unknown,no_public_dates,,2026-10-08,funding_investors_type,633
Straight Shot,134158,https://app.dealroom.co/investors/straight_shot,n/a,,,,,,LIKELY INACTIVE: site behind bot challenge; no DR round since jun/2014 Last DR round jun/2014; portfolio 2. Already marked closed in Dealroom (closing year not set); not a DR fix candidate.,defunct,Y,closed (year not set),verified,"Omaha, US",n/a,,,,https://replicamade.is/,unknown,inactive,,2026-10-08,funding_investors_type,638
ForgeHealth,1393819,https://app.dealroom.co/investors/forgehealth,n/a,,,,,,DEFUNCT: site unreachable/empty from box; last DR round jan/2016. Already marked closed in Dealroom (closing year not set); not a DR fix candidate.,defunct,Y,closed (year not set),verified,"Atlanta, US",n/a,,,,http://forgehealth.org/,unknown,inactive,,2026-10-08,funding_investors_type,642
CarStudio,1453487,https://app.dealroom.co/investors/carstudio,n/a,,,,,,LIKELY INACTIVE: site shows no current program (©n/a); last DR round jun/2019. HQ per Dealroom: France (in the 860 list via US location filter).,likely_inactive,N,,heuristic,"Sainghin-en-Mélantois, France",n/a,,,,https://www.car.studio/,unknown,inactive,,2026-10-08,funding_investors_type,644
Startup Campus,1485393,https://app.dealroom.co/investors/startup_campus,Startup Campus,,,,,https://www.startupcampus.hu/,"Quick pass: site live, no dated cohort window found on the homepage/apply page. Last DR round jun/2022; portfolio 20. HQ per Dealroom: Hungary (in the 860 list via US location filter).",active_undated,N,,,"Budapest, Hungary",unknown,,,,https://www.startupcampus.hu/,unknown,no_public_dates,,2026-10-08,funding_investors_type,645
Startup LAB,1528373,https://app.dealroom.co/investors/startup_lab,n/a,,,,,,LIKELY INACTIVE: site unreachable/empty from box; last DR round nov/2021. HQ per Dealroom: Portugal (in the 860 list via US location filter).,likely_inactive,N,,heuristic,"Lisbon, Portugal",n/a,,,,https://startuplab.pt/,unknown,inactive,,2026-10-08,funding_investors_type,646
Happy Farm,15358,https://app.dealroom.co/investors/happy_farm,n/a,,,,,,LIKELY INACTIVE: site behind bot challenge; no DR round since oct/2014 Last DR round oct/2014; portfolio 37. HQ per Dealroom: Ukraine (in the 860 list via US location filter).,likely_inactive,N,,heuristic,"Kyiv, Ukraine",n/a,,,,http://happyfarm.com.ua/,unknown,inactive,,2026-10-08,funding_investors_type,647
Naranya Labs,155893,https://app.dealroom.co/investors/naranya_labs,n/a,,,,,,DEFUNCT: site unreachable/empty from box; last DR round dec/2014. HQ per Dealroom: Mexico (in the 860 list via US location filter).,likely_inactive,N,,heuristic,"Monterrey, Mexico",n/a,,,,http://naranyalabs.com/,unknown,inactive,,2026-10-08,funding_investors_type,649
Yunus Social Business,1570883,https://app.dealroom.co/investors/yunus_social_business,Yunus Social Business,,,,,https://www.yunussb.com/,"Quick pass: site live, no dated cohort window found on the homepage/apply page. Last DR round may/2023; portfolio 9. HQ per Dealroom: Germany (in the 860 list via US location filter).",active_undated,N,,,"Berlin, Germany",unknown,,,,https://www.yunussb.com/,unknown,no_public_dates,,2026-10-08,funding_investors_type,650
Praxis Spinal Cord Institute,1579193,https://app.dealroom.co/investors/rick_hansen_institute,n/a,,,,,https://praxisinstitute.org/,NOT A COHORT PROGRAM (heuristic): university/agency/corporate entity; not reviewed in depth. Reclassification candidate. Last DR round feb/2023; portfolio 2. HQ per Dealroom: Canada (in the 860 list via US location filter).,not_accelerator_other,N,,heuristic,"Vancouver, Canada",n/a,,,,https://praxisinstitute.org/,unknown,not_cohort_program,,2026-10-08,funding_investors_type,651
Ceed,1597043,https://app.dealroom.co/investors/ceed_centre_for_entrepreneurship_education_and_development,Ceed,,,,,https://ceed.ca/,Site behind a bot challenge from the box; not checked further (quick pass). Last DR round dec/2020; portfolio 176. HQ per Dealroom: Canada (in the 860 list via US location filter).,unknown,N,,,"Halifax, Canada",unknown,,,,https://ceed.ca/,unknown,no_public_dates,,2026-10-08,funding_investors_type,652
Lufthansa Innovation Hub,1602500,https://app.dealroom.co/investors/luftahansa_innovation_hub,n/a,,,,,https://lh-innovationhub.de/,NOT A COHORT PROGRAM (heuristic): university/agency/corporate entity; not reviewed in depth. Reclassification candidate. Last DR round aug/2023; portfolio 25. HQ per Dealroom: Germany (in the 860 list via US location filter).,not_accelerator_other,N,,heuristic,"Berlin, Germany",n/a,,,,https://lh-innovationhub.de/,unknown,not_cohort_program,,2026-10-08,funding_investors_type,653
Berytech,1604217,https://app.dealroom.co/investors/berytech,Berytech,,,,,https://berytech.org/,Site behind a bot challenge from the box; not checked further (quick pass). Last DR round jun/2023; portfolio 4. HQ per Dealroom: Lebanon (in the 860 list via US location filter).,unknown,N,,,"Assia, Lebanon",unknown,,,,https://berytech.org/,unknown,no_public_dates,,2026-10-08,funding_investors_type,654
70Ventures,1607184,https://app.dealroom.co/investors/70ventures,70Ventures,,,,,https://www.70v.com/,"Quick pass: site live, no dated cohort window found on the homepage/apply page. Last DR round nov/2022; portfolio 34. HQ per Dealroom: Lithuania (in the 860 list via US location filter).",active_undated,N,,,"Vilnius, Lithuania",unknown,,,,https://www.70v.com/,unknown,no_public_dates,,2026-10-08,funding_investors_type,655
Incubadora Sinergia,1618666,https://app.dealroom.co/investors/incubadora_sinergia,n/a,,,,,,DEFUNCT: site unreachable/empty from box; last DR round jan/2016. HQ per Dealroom: Uruguay (in the 860 list via US location filter).,likely_inactive,N,,heuristic,"Montevideo, Uruguay",n/a,,,,https://sinergia.uy/incubadora,unknown,inactive,,2026-10-08,funding_investors_type,657
Imagine,1653693,https://app.dealroom.co/investors/imagine_lab,Imagine,,,,,https://grupo-imagine.com/,Site behind a bot challenge from the box; not checked further (quick pass). Last DR round mar/2020; portfolio 5. HQ per Dealroom: Chile (in the 860 list via US location filter).,unknown,N,,,"Santiago, Chile",unknown,,,,https://grupo-imagine.com/,unknown,no_public_dates,,2026-10-08,funding_investors_type,659
Unknown Group,1657470,https://app.dealroom.co/investors/unknown_group,Unknown Group,,,,,https://www.unknowngroup.com/,Site unreachable/empty from box; recent DR activity (last DR round mar/2025). Not reviewed further. HQ per Dealroom: Netherlands (in the 860 list via US location filter).,unknown,N,,,"The Hague, Netherlands",unknown,,,,https://www.unknowngroup.com/,unknown,no_public_dates,,2026-10-08,funding_investors_type,660
Rise New York,1660702,https://app.dealroom.co/investors/rise_new_york,Rise New York,,,,,https://home.barclays/who-we-are/innovation/,"Quick pass: site live, no dated cohort window found on the homepage/apply page. Last DR round jan/2021; portfolio 1. HQ per Dealroom: blank (in the 860 list via US location filter).",active_undated,,,,,unknown,,,,https://home.barclays/who-we-are/innovation/,unknown,no_public_dates,,2026-10-08,funding_investors_type,661
Korea Tech Incubator Program For Startup,1689229,https://app.dealroom.co/investors/korea_tech_incubator_program_for_startup,Korea Tech Incubator Program For Startup,,,,,https://jointips.or.kr/,"Quick pass: site live, no dated cohort window found on the homepage/apply page. Last DR round jul/2026; portfolio 197. HQ per Dealroom: South Korea (in the 860 list via US location filter).",active_undated,N,,,"Seoul, South Korea",unknown,,,,https://jointips.or.kr/,unknown,no_public_dates,,2026-10-08,funding_investors_type,662
AUC Venture Lab,1690189,https://app.dealroom.co/investors/auc_venture_lab_1,AUC Venture Lab,,,,,https://business.aucegypt.edu/research/centers/vlab,"Quick pass: site live, no dated cohort window found on the homepage/apply page. Last DR round nov/2025; portfolio 251. HQ per Dealroom: Egypt (in the 860 list via US location filter).",active_undated,N,,,"Cairo, Egypt",unknown,,,,https://business.aucegypt.edu/research/centers/vlab,unknown,no_public_dates,,2026-10-08,funding_investors_type,663
Center of Aging and Brain Health Innovation,1690278,https://app.dealroom.co/investors/center_of_aging_and_brain_health_innovation,n/a,,,,,https://www.cabhi.com/,NOT A COHORT PROGRAM (heuristic): university/agency/corporate entity; not reviewed in depth. Reclassification candidate. Last DR round feb/2025; portfolio 27. HQ per Dealroom: Canada (in the 860 list via US location filter).,not_accelerator_other,N,,heuristic,"Toronto, Canada",n/a,,,,https://www.cabhi.com/,unknown,not_cohort_program,,2026-10-08,funding_investors_type,664
1991 Ventures,1746497,https://app.dealroom.co/investors/1991_ventures,1991 Ventures,,,,,https://www.1991.vc/,"Quick pass: site live, no dated cohort window found on the homepage/apply page. Last DR round jan/2025; portfolio 30. HQ per Dealroom: United Kingdom (in the 860 list via US location filter).",active_undated,N,,,"London, United Kingdom",unknown,,,,https://www.1991.vc/,unknown,no_public_dates,,2026-10-08,funding_investors_type,666
HUB612,1767668,https://app.dealroom.co/investors/hub612,HUB612,,,,,https://www.hub612.com/,"Quick pass: site live, no dated cohort window found on the homepage/apply page. Last DR round jul/2025; portfolio 88. HQ per Dealroom: France (in the 860 list via US location filter).",active_undated,N,,,"Lyon, France",unknown,,,,https://www.hub612.com/,unknown,no_public_dates,,2026-10-08,funding_investors_type,668
VWFS Startup Battlefield,1792056,https://app.dealroom.co/investors/vwfs_startup_battlefield,VWFS Startup Battlefield,,,,,https://www.vwfs-battlefield.com/,Site behind a bot challenge from the box; not checked further (quick pass). Last DR round jan/2018; portfolio 1. HQ per Dealroom: blank (in the 860 list via US location filter).,unknown,,,,,unknown,,,,https://www.vwfs-battlefield.com/,unknown,no_public_dates,,2026-10-08,funding_investors_type,670
New Paradigm Investment,1795084,https://app.dealroom.co/investors/paradigm_investment,New Paradigm Investment,,,,,http://www.npinvestment.co.kr/,Site unreachable/empty from box; recent DR activity (last DR round jul/2026). Not reviewed further. HQ per Dealroom: South Korea (in the 860 list via US location filter).,unknown,N,,,"Seoul, South Korea",unknown,,,,http://www.npinvestment.co.kr/,unknown,no_public_dates,,2026-10-08,funding_investors_type,671
Chemovator,1814597,https://app.dealroom.co/investors/chemovator,Chemovator,,,,,https://chemovator.com/,Site unreachable/empty from box; recent DR activity (last DR round apr/2025). Not reviewed further. HQ per Dealroom: Germany (in the 860 list via US location filter).,unknown,N,,,"Mannheim, Germany",unknown,,,,https://chemovator.com/,unknown,no_public_dates,,2026-10-08,funding_investors_type,672
ScaleUp Malaysia,1818524,https://app.dealroom.co/investors/scaleup_malaysia,n/a,,,,,,DEFUNCT: domain parked/for sale/expired (ScaleUp Malaysia | Accelerator | Kuala Lumpur); last DR round oct/2023. HQ per Dealroom: Malaysia (in the 860 list via US location filter).,likely_inactive,N,,heuristic,"Kuala Lumpur, Malaysia",n/a,,,,https://www.scaleup.my/,unknown,inactive,,2026-10-08,funding_investors_type,673
Startup Incubator Berlin,1821494,https://app.dealroom.co/investors/startup_incubator_berlin,Startup Incubator Berlin,,,,,https://www.startup-incubator.berlin/,"Quick pass: site live, no dated cohort window found on the homepage/apply page. Last DR round nov/2024; portfolio 280. HQ per Dealroom: Germany (in the 860 list via US location filter).",active_undated,N,,,"Berlin, Germany",unknown,,,,https://www.startup-incubator.berlin/,unknown,no_public_dates,,2026-10-08,funding_investors_type,674
Y&ARHER,1828797,https://app.dealroom.co/investors/y_arher,Y&ARHER,,,,,https://www.ynarcher.com:443/,"Quick pass: site live, no dated cohort window found on the homepage/apply page. Last DR round sep/2026; portfolio 32. HQ per Dealroom: South Korea (in the 860 list via US location filter).",active_undated,N,,,"Seoul, South Korea",unknown,,,,https://www.ynarcher.com:443/,unknown,no_public_dates,,2026-10-08,funding_investors_type,675
SAG KOREA,1828809,https://app.dealroom.co/investors/sag_korea,SAG KOREA,,,,,https://www.sagkorea.com/index_kr.html,"Quick pass: site live, no dated cohort window found on the homepage/apply page. Last DR round feb/2022; portfolio 5. HQ per Dealroom: South Korea (in the 860 list via US location filter).",active_undated,N,,,"Daegu, South Korea",unknown,,,,https://www.sagkorea.com/index_kr.html,unknown,no_public_dates,,2026-10-08,funding_investors_type,676
CBA Ventures,1828837,https://app.dealroom.co/investors/cba_ventures,n/a,,,,,,LIKELY INACTIVE: site unreachable/empty from box; last DR round mar/2020. HQ per Dealroom: South Korea (in the 860 list via US location filter).,likely_inactive,N,,heuristic,"Seoul, South Korea",n/a,,,,http://www.cbaventures.net/,unknown,inactive,,2026-10-08,funding_investors_type,677
Krypton,1828840,https://app.dealroom.co/investors/krypton_1,Krypton,,,,,http://www.krypton36.co/,Site unreachable/empty from box; recent DR activity (last DR round jul/2026). Not reviewed further. HQ per Dealroom: South Korea (in the 860 list via US location filter).,unknown,N,,,"Seoul, South Korea",unknown,,,,http://www.krypton36.co/,unknown,no_public_dates,,2026-10-08,funding_investors_type,678
IPS Ventures,1828863,https://app.dealroom.co/investors/ipsventures_inc_,n/a,,,,,https://www.ipsventures.com/,NOT A COHORT PROGRAM (heuristic): name indicates a VC/investment firm; not reviewed in depth. Reclassification candidate. Last DR round jun/2026; portfolio 27. HQ per Dealroom: South Korea (in the 860 list via US location filter).,not_accelerator_vc,N,,heuristic,"Seoul, South Korea",n/a,,,,https://www.ipsventures.com/,unknown,not_cohort_program,,2026-10-08,funding_investors_type,679
Platinum Technology Investment,1828872,https://app.dealroom.co/investors/platinum_technology_investment,Platinum Technology Investment,,,,,http://www.pltic.co.kr/,Site unreachable/empty from box; recent DR activity (last DR round jun/2026). Not reviewed further. HQ per Dealroom: South Korea (in the 860 list via US location filter).,unknown,N,,,"Seoul, South Korea",unknown,,,,http://www.pltic.co.kr/,unknown,no_public_dates,,2026-10-08,funding_investors_type,680
Plan.H Ventures,1828881,https://app.dealroom.co/investors/plan_h_ventures,n/a,,,,,https://www.planhventures.co.kr/,NOT A COHORT PROGRAM (heuristic): name indicates a VC/investment firm; not reviewed in depth. Reclassification candidate. Last DR round sep/2026; portfolio 14. HQ per Dealroom: South Korea (in the 860 list via US location filter).,not_accelerator_vc,N,,heuristic,"Seoul, South Korea",n/a,,,,https://www.planhventures.co.kr/,unknown,not_cohort_program,,2026-10-08,funding_investors_type,681
Kickstart Innovation,1846990,https://app.dealroom.co/investors/kickstart_innovation,n/a,,,,,https://www.kickstart-innovation.com/,NOT A COHORT PROGRAM (heuristic): university/agency/corporate entity; not reviewed in depth. Reclassification candidate. Last DR round nov/2023; portfolio 2. HQ per Dealroom: Switzerland (in the 860 list via US location filter).,not_accelerator_other,N,,heuristic,Switzerland,n/a,,,,https://www.kickstart-innovation.com/,unknown,not_cohort_program,,2026-10-08,funding_investors_type,682
Hyper Apps Pty Ltd,1875157,https://app.dealroom.co/investors/hyper_apps_pty_ltd,Hyper Apps Pty Ltd,,,,,https://www.hyperhq.com/,Site behind a bot challenge from the box; not checked further (quick pass). Last DR round sep/2022; portfolio 1. HQ per Dealroom: Australia (in the 860 list via US location filter).,unknown,N,,,"Sydney, Australia",unknown,,,,https://www.hyperhq.com/,unknown,no_public_dates,,2026-10-08,funding_investors_type,683
Target Accelerators,1875677,https://app.dealroom.co/investors/target_accelerators,n/a,,,,,,DEFUNCT: site unreachable/empty from box; last DR round aug/2019. HQ per Dealroom: India (in the 860 list via US location filter).,likely_inactive,N,,heuristic,India,n/a,,,,https://targetaccelerators.com/apply-now/,unknown,inactive,,2026-10-08,funding_investors_type,684
Qualcomm Robotics Accelerator,188476,https://app.dealroom.co/investors/qualcomm_robotics_accelerator,n/a,,,,,,DEFUNCT: site unreachable/empty from box; last DR round jun/2015. Already marked closed in Dealroom (closing year not set); not a DR fix candidate.,defunct,Y,closed (year not set),verified,"San Diego, US",n/a,,,,http://qualcommaccelerator.com/,unknown,inactive,,2026-10-08,funding_investors_type,685
SCNE Ventures,1922907,https://app.dealroom.co/investors/scne_ventures,n/a,,,,,https://www.scne.io/,NOT A COHORT PROGRAM (heuristic): name indicates a VC/investment firm; not reviewed in depth. Reclassification candidate. Last DR round jun/2024; portfolio 18. HQ per Dealroom: Germany (in the 860 list via US location filter).,not_accelerator_vc,N,,heuristic,"Berlin, Germany",n/a,,,,https://www.scne.io/,unknown,not_cohort_program,,2026-10-08,funding_investors_type,686
AB Xelerate,1953860,https://app.dealroom.co/investors/abaccelerator,AB Xelerate,,,,,https://abxelerate.com/,"Quick pass: site live, no dated cohort window found on the homepage/apply page. Last DR round may/2026; portfolio 10. HQ per Dealroom: Jordan (in the 860 list via US location filter).",active_undated,N,,,"Amman, Jordan",unknown,,,,https://abxelerate.com/,unknown,no_public_dates,,2026-10-08,funding_investors_type,687
Extrawatts,1961034,https://app.dealroom.co/investors/extrawatts,Extrawatts,,,,,https://www.extrawatts.co/,"Quick pass: site live, no dated cohort window found on the homepage/apply page. Last DR round apr/2023; portfolio 27. HQ per Dealroom: Netherlands (in the 860 list via US location filter).",active_undated,N,,,"Amsterdam, Netherlands",unknown,,,,https://www.extrawatts.co/,unknown,no_public_dates,,2026-10-08,funding_investors_type,689
Endeavor Brasil,2115847,https://app.dealroom.co/investors/endeavor_promessas,Endeavor Brasil,,,,,https://brasil.endeavor.org/,"Quick pass: site live, no dated cohort window found on the homepage/apply page. Last DR round apr/2024; portfolio 11. HQ per Dealroom: Brazil (in the 860 list via US location filter).",active_undated,N,,,Brazil,unknown,,,,https://brasil.endeavor.org/,unknown,no_public_dates,,2026-10-08,funding_investors_type,690
ilab Accelerator,230063,https://app.dealroom.co/investors/ilab_accelerator,ilab Accelerator (UQ),2026,,,2026-08-10,https://ventures.uq.edu.au/programs/ilab-accelerator,"Applications closed for 2026. Program weeks run from Aug 17 to Nov 2; pitch event Nov 10, 2026. HQ per Dealroom: Australia (in the 860 list via US location filter).",active_dated,N,,,"Brisbane, Australia",1x/yr,,2026-11-10,,https://ventures.uq.edu.au/programs/ilab-accelerator,published,closed,,2026-10-08,funding_investors_type,695
Year One Labs,234542,https://app.dealroom.co/investors/year_one_labs,n/a,,,,,,LIKELY INACTIVE: site behind bot challenge; no DR round since jan/2011 Last DR round jan/2011; portfolio 1. HQ per Dealroom: Spain (in the 860 list via US location filter).,likely_inactive,N,,heuristic,"Sant Pere de Ribes, Spain",n/a,,,,https://yearonelabs.com/,unknown,inactive,,2026-10-08,funding_investors_type,696
TandemLaunch,238213,https://app.dealroom.co/investors/tandemlaunch_technologies,TandemLaunch,,,,,https://www.tandemlaunch.com/,"Quick pass: site live, no dated cohort window found on the homepage/apply page. Last DR round may/2026; portfolio 47. HQ per Dealroom: Canada (in the 860 list via US location filter).",active_undated,N,,,"Montreal, Canada",unknown,,,,https://www.tandemlaunch.com/,unknown,no_public_dates,,2026-10-08,funding_investors_type,698
Smart-esa,2385173,https://app.dealroom.co/investors/smart_esa,Smart-esa,,,,,https://smart-esa.com/,Site behind a bot challenge from the box; not checked further (quick pass). Last DR round nov/2020; portfolio 2. HQ per Dealroom: Lebanon (in the 860 list via US location filter).,unknown,N,,,"Beirut, Lebanon",unknown,,,,https://smart-esa.com/,unknown,no_public_dates,,2026-10-08,funding_investors_type,699
LaunchBox,240517,https://app.dealroom.co/investors/launchbox,n/a,,,,,,LIKELY INACTIVE: site unreachable/empty from box; last DR round aug/2022. HQ per Dealroom: Ireland (in the 860 list via US location filter).,likely_inactive,N,,heuristic,"Dublin, Ireland",n/a,,,,http://launchbox.ie/blog,unknown,inactive,,2026-10-08,funding_investors_type,700
Klim Ventures,2432989,https://app.dealroom.co/investors/klimventures,n/a,,,,,https://www.klimvc.com/,NOT A COHORT PROGRAM (heuristic): name indicates a VC/investment firm; not reviewed in depth. Reclassification candidate. Last DR round jun/2026; portfolio 21. HQ per Dealroom: South Korea (in the 860 list via US location filter).,not_accelerator_vc,N,,heuristic,"Seoul, South Korea",n/a,,,,https://www.klimvc.com/,unknown,not_cohort_program,,2026-10-08,funding_investors_type,702
Empowered Startups,2541215,https://app.dealroom.co/investors/empowered_startups,Empowered Startups,,,,,https://empoweredstartups.com/,Site behind a bot challenge from the box; not checked further (quick pass). Last DR round jan/2023; portfolio 37. HQ per Dealroom: Canada (in the 860 list via US location filter).,unknown,N,,,"Vancouver, Canada",unknown,,,,https://empoweredstartups.com/,unknown,no_public_dates,,2026-10-08,funding_investors_type,707
Bcombinator,2786529,https://app.dealroom.co/investors/bcombinator,Bcombinator,,,,,https://bcombinator.com/,"Quick pass: site live, no dated cohort window found on the homepage/apply page. Last DR round may/2026; portfolio 62. HQ per Dealroom: Spain (in the 860 list via US location filter).",active_undated,N,,,"Barcelona, Spain",unknown,,,,https://bcombinator.com/,unknown,no_public_dates,,2026-10-08,funding_investors_type,710
TuksNovation,2786954,https://app.dealroom.co/investors/tuksnovation,n/a,,,,,,LIKELY INACTIVE: site unreachable/empty from box; last DR round jan/2024. HQ per Dealroom: South Africa (in the 860 list via US location filter).,likely_inactive,N,,heuristic,"Pretoria, South Africa",n/a,,,,http://tuksnovation.co.za/,unknown,inactive,,2026-10-08,funding_investors_type,711
W Ventures,27980,https://app.dealroom.co/investors/w_ventures,n/a,,,,,,DEFUNCT: domain parked/for sale/expired (Just a moment...); last DR round jun/2022. HQ per Dealroom: Netherlands (in the 860 list via US location filter). Already marked closed in Dealroom (closing year not set); not a DR fix candidate.,defunct,N,closed (year not set),verified,"Amsterdam, Netherlands",n/a,,,,https://sedo.com/search/details/?domain=wventures.eu&campaignId=329145&origin=sales_lander_15,unknown,inactive,,2026-10-08,funding_investors_type,712
SuperOrdinary,2894802,https://app.dealroom.co/investors/superordinary,SuperOrdinary,,,,,https://www.superordinary.co/,Site behind a bot challenge from the box; not checked further (quick pass). Last DR round jul/2022; portfolio 3. HQ per Dealroom: China (in the 860 list via US location filter).,unknown,N,,,"Huangpu, China",unknown,,,,https://www.superordinary.co/,unknown,no_public_dates,,2026-10-08,funding_investors_type,713
Supercharger Ventures,2899466,https://app.dealroom.co/investors/supercharger_ventures,Supercharger Ventures,,,,,https://www.superchargerventures.com/,"Quick pass: site live, no dated cohort window found on the homepage/apply page. Last DR round jun/2025; portfolio 83. HQ per Dealroom: United Kingdom (in the 860 list via US location filter).",active_undated,N,,,"London, United Kingdom",unknown,,,,https://www.superchargerventures.com/,unknown,no_public_dates,,2026-10-08,funding_investors_type,714
güil Mobility Ventures,2922247,https://app.dealroom.co/investors/kaufmann_ventures,n/a,,,,,https://guilventures.com/,NOT A COHORT PROGRAM (heuristic): name indicates a VC/investment firm; not reviewed in depth. Reclassification candidate. Last DR round apr/2026; portfolio 6. HQ per Dealroom: Chile (in the 860 list via US location filter).,not_accelerator_vc,N,,heuristic,"Las Condes, Chile",n/a,,,,https://guilventures.com/,unknown,not_cohort_program,,2026-10-08,funding_investors_type,715
Incubadora,2927238,https://app.dealroom.co/investors/incubadora,Incubadora,,,,,https://www.mun-celoricodebasto.pt/,Site unreachable/empty from box; recent DR activity (last DR round aug/2026). Not reviewed further. HQ per Dealroom: Portugal (in the 860 list via US location filter).,unknown,N,,,Portugal,unknown,,,,https://www.mun-celoricodebasto.pt/,unknown,no_public_dates,,2026-10-08,funding_investors_type,716
Innovation UBC,2962525,https://app.dealroom.co/investors/innovation_ubc,Venture Founder (Innovation UBC),Spring 2027,,2026-10-11,2027-01,https://innovation.ubc.ca/,"Spring 2027 cohort applications open until Oct 11, 2026. 16-week program. HQ per Dealroom: Canada (in the 860 list via US location filter).",active_dated,N,,,"Vancouver, Canada",2x/yr,,,,https://innovation.ubc.ca/,published,open,,2026-10-08,funding_investors_type,717
Edinburgh Innovations,2962532,https://app.dealroom.co/investors/edinburgh_innovations,n/a,,,,,https://edinburgh-innovations.ed.ac.uk/,NOT A COHORT PROGRAM (heuristic): university/agency/corporate entity; not reviewed in depth. Reclassification candidate. Last DR round mar/2026; portfolio 19. HQ per Dealroom: United Kingdom (in the 860 list via US location filter).,not_accelerator_other,N,,heuristic,"Edinburgh, United Kingdom",n/a,,,,https://edinburgh-innovations.ed.ac.uk/,unknown,not_cohort_program,,2026-10-08,funding_investors_type,718
Innovate Calgary,2963575,https://app.dealroom.co/investors/innovate_calgary,Innovate Calgary,,,,,https://innovatecalgary.com/,"Quick pass: site live, no dated cohort window found on the homepage/apply page. Last DR round feb/2024; portfolio 100. HQ per Dealroom: Canada (in the 860 list via US location filter).",active_undated,N,,,"Calgary, Canada",unknown,,,,https://innovatecalgary.com/,unknown,no_public_dates,,2026-10-08,funding_investors_type,719
Starter Business Acceleration,2989833,https://app.dealroom.co/investors/starter_business_acceleration,Starter Business Acceleration,,,,,https://theenergystarter.com/,"Quick pass: site live, no dated cohort window found on the homepage/apply page. Last DR round nov/2020; portfolio 29. HQ per Dealroom: Portugal (in the 860 list via US location filter).",active_undated,N,,,"Lisbon, Portugal",unknown,,,,https://theenergystarter.com/,unknown,no_public_dates,,2026-10-08,funding_investors_type,720
Mylkcubator,3011234,https://app.dealroom.co/investors/mylkcubator,n/a,,,,,,LIKELY INACTIVE: site unreachable/empty from box; last DR round sep/2023. HQ per Dealroom: Spain (in the 860 list via US location filter).,likely_inactive,N,,heuristic,"Madrid, Spain",n/a,,,,https://mylkcubator.com/,unknown,inactive,,2026-10-08,funding_investors_type,722
Nucleus Ventures,3022886,https://app.dealroom.co/investors/nucleus_ventures,n/a,,,,,https://nvgroup.ltd/,NOT A COHORT PROGRAM (heuristic): name indicates a VC/investment firm; not reviewed in depth. Reclassification candidate. Last DR round mar/2026; portfolio 3. HQ per Dealroom: Lebanon (in the 860 list via US location filter).,not_accelerator_vc,N,,heuristic,"Beirut, Lebanon",n/a,,,,https://nvgroup.ltd/,unknown,not_cohort_program,,2026-10-08,funding_investors_type,724
Segulah Medical,3026430,https://app.dealroom.co/investors/segulah_medical,Segulah Medical,,,,,https://segulahmedical.com/,"Quick pass: site live, no dated cohort window found on the homepage/apply page. Last DR round feb/2026; portfolio 9. HQ per Dealroom: Sweden (in the 860 list via US location filter).",active_undated,N,,,"Stockholms kommun, Sweden",unknown,,,,https://segulahmedical.com/,unknown,no_public_dates,,2026-10-08,funding_investors_type,725
The Circulars Acceleration Networks,3041409,https://app.dealroom.co/investors/the_circulars_acceleration_networks,n/a,,,,,,LIKELY INACTIVE: site unreachable/empty from box; last DR round mar/2023. HQ per Dealroom: United Kingdom (in the 860 list via US location filter).,likely_inactive,N,,heuristic,"London, United Kingdom",n/a,,,,https://thecirculars.org/,unknown,inactive,,2026-10-08,funding_investors_type,726
River City Labs,3068727,https://app.dealroom.co/investors/river_city_labs_1,n/a,,,,,,LIKELY INACTIVE: site shows no current program (©2019); last DR round sep/2018. HQ per Dealroom: Australia (in the 860 list via US location filter).,likely_inactive,N,,heuristic,"Brisbane, Australia",n/a,,,,https://harbourcitylabs.acs.org.au/,unknown,inactive,,2026-10-08,funding_investors_type,729
Runway Incubator,3081488,https://app.dealroom.co/investors/runway_incubator,n/a,,,,,,DEFUNCT: site unreachable/empty from box; last DR round mar/2016. HQ per Dealroom: Switzerland (in the 860 list via US location filter).,likely_inactive,N,,heuristic,"Winterthur, Switzerland",n/a,,,,https://runway-incubator.ch/,unknown,inactive,,2026-10-08,funding_investors_type,731
Coralus,3093854,https://app.dealroom.co/investors/coralus,Coralus,,,,,https://coralus.world/,"Quick pass: site live, no dated cohort window found on the homepage/apply page. Last DR round oct/2024; portfolio 8. HQ per Dealroom: Canada (in the 860 list via US location filter).",active_undated,N,,,"Toronto, Canada",unknown,,,,https://coralus.world/,unknown,no_public_dates,,2026-10-08,funding_investors_type,732
Askeladden & Co,3151157,https://app.dealroom.co/investors/askeladden_co,Askeladden & Co,,,,,https://www.askeladden.co/,"Quick pass: site live, no dated cohort window found on the homepage/apply page. Last DR round nov/2022; portfolio 20. HQ per Dealroom: Norway (in the 860 list via US location filter).",active_undated,N,,,"Oslo, Norway",unknown,,,,https://www.askeladden.co/,unknown,no_public_dates,,2026-10-08,funding_investors_type,733
Startup Braga,31748,https://app.dealroom.co/investors/startup_braga,Startup Braga,,,,,https://startupbraga.com/,"Quick pass: site live, no dated cohort window found on the homepage/apply page. Last DR round sep/2025; portfolio 49. HQ per Dealroom: Portugal (in the 860 list via US location filter).",active_undated,N,,,"Braga, Portugal",unknown,,,,https://startupbraga.com/,unknown,no_public_dates,,2026-10-08,funding_investors_type,734
TechFounders,31995,https://app.dealroom.co/investors/techfounders,TechFounders Accelerator,Batch #21,2026-12,2027-01,2027-03,https://techfounders.com/,"Batch #20 is running Sep 3–Dec 10, 2026. Batch #21 applications Dec 2026–Jan 2027 (months only); program Mar–Jun 2027. HQ per Dealroom: Germany (in the 860 list via US location filter).",active_dated,N,,,"Munich, Germany",2x/yr,2027-06,,,https://techfounders.com/,published,upcoming_unpublished,,2026-10-08,funding_investors_type,735
SeedCloud,32625,https://app.dealroom.co/investors/seedcloud,n/a,,,,,,LIKELY INACTIVE: site shows no current program (©n/a); last DR round jan/2018. HQ per Dealroom: United Kingdom (in the 860 list via US location filter).,likely_inactive,N,,heuristic,"London, United Kingdom",n/a,,,,https://www.seedcloud.com/,unknown,inactive,,2026-10-08,funding_investors_type,736
BBC Worldwide Labs,32626,https://app.dealroom.co/investors/bbc_worldwide_labs,n/a,,,,,https://www.bbcstudios.com/,NOT A COHORT PROGRAM (heuristic): university/agency/corporate entity; not reviewed in depth. Reclassification candidate. Last DR round apr/2012; portfolio 1. HQ per Dealroom: United Kingdom (in the 860 list via US location filter).,not_accelerator_other,N,,heuristic,"London, United Kingdom",n/a,,,,https://www.bbcstudios.com/,unknown,not_cohort_program,,2026-10-08,funding_investors_type,737
PepsiCo Greenhouse Accelerator,3351682,https://app.dealroom.co/investors/the_greenhouse_accelerator_website,PepsiCo Greenhouse Accelerator,,,,,https://greenhouseaccelerator.com/,"Quick pass: site live, no dated cohort window found on the homepage/apply page. Last DR round oct/2025; portfolio 33. HQ per Dealroom: Singapore (in the 860 list via US location filter).",active_undated,N,,,Singapore,unknown,,,,https://greenhouseaccelerator.com/,unknown,no_public_dates,,2026-10-08,funding_investors_type,742
10x Accelerator - UNSW,3363327,https://app.dealroom.co/investors/10x_accelerator_unsw,10x Accelerator (UNSW),2026,2026-03-30,2026-05-18,2026-08-05,https://unswfounders.com/10x-accelerator,"2026 applications Mar 30–May 18 (closed). Program Aug 5–Oct 7, 2026. HQ per Dealroom: Australia (in the 860 list via US location filter).",active_undated,N,,,"Sydney, Australia",1x/yr,2026-10-07,,,https://unswfounders.com/10x-accelerator,published,closed,,2026-10-08,funding_investors_type,744
Hatch,3367782,https://app.dealroom.co/investors/hatch_1_12,Hatch,,,,,https://www.hatch.lk/,"Quick pass: site live, no dated cohort window found on the homepage/apply page. Last DR round jan/2026; portfolio 6. HQ per Dealroom: Sri Lanka (in the 860 list via US location filter).",active_undated,N,,,"Colombo, Sri Lanka",unknown,,,,https://www.hatch.lk/,unknown,no_public_dates,,2026-10-08,funding_investors_type,745
Next Innovation,3368599,https://app.dealroom.co/investors/next_innovation_1_2,n/a,,,,,,DEFUNCT: site unreachable/empty from box; last DR round oct/2013. HQ per Dealroom: Japan (in the 860 list via US location filter). Already marked closed in Dealroom (closing year not set); not a DR fix candidate.,defunct,N,closed (year not set),verified,"Kawasaki, Japan",n/a,,,,http://next-innovation.me/,unknown,inactive,,2026-10-08,funding_investors_type,746
WorldStartup,34053,https://app.dealroom.co/investors/world_startup_factory,Women with Impact Pathway (We Are Changemakers / WorldStartup),,,2026-10-01,,https://www.wearechangemakers.org/,"Application deadline Oct 1, 2026 (closed). HQ per Dealroom: Netherlands (in the 860 list via US location filter).",active_undated,N,,,"The Hague, Netherlands",unknown,,,,https://www.wearechangemakers.org/,published,closed,,2026-10-08,funding_investors_type,748
Leap Forward,3409275,https://app.dealroom.co/investors/leap_forward,n/a,,,,,,LIKELY INACTIVE: site unreachable/empty from box; last DR round jun/2023. HQ per Dealroom: Denmark (in the 860 list via US location filter).,likely_inactive,N,,heuristic,"Copenhagen, Denmark",n/a,,,,,unknown,inactive,,2026-10-08,funding_investors_type,749
gradCapital,3495806,https://app.dealroom.co/investors/gradcapital,gradCapital,,,,,https://www.gradcapital.in/,"Quick pass: site live, no dated cohort window found on the homepage/apply page. Last DR round feb/2026; portfolio 20. HQ per Dealroom: India (in the 860 list via US location filter).",active_undated,N,,,"Bengaluru, India",unknown,,,,https://www.gradcapital.in/,unknown,no_public_dates,,2026-10-08,funding_investors_type,750
Sigma Software Labs,3537430,https://app.dealroom.co/investors/sigma_software_labs,Sigma Software Labs,,,,,https://labs.sigma.software/,"Quick pass: site live, no dated cohort window found on the homepage/apply page. Last DR round dec/2024; portfolio 11. HQ per Dealroom: Ukraine (in the 860 list via US location filter).",active_undated,N,,,"Kyiv, Ukraine",unknown,,,,https://labs.sigma.software/,unknown,no_public_dates,,2026-10-08,funding_investors_type,751
Soulmates Ventures,3608653,https://app.dealroom.co/investors/soulmates_ventures,n/a,,,,,https://www.soulmatesventures.com/,NOT A COHORT PROGRAM (heuristic): name indicates a VC/investment firm; not reviewed in depth. Reclassification candidate. Last DR round sep/2026; portfolio 20. HQ per Dealroom: Czechia (in the 860 list via US location filter).,not_accelerator_vc,N,,heuristic,"Prague, Czechia",n/a,,,,https://www.soulmatesventures.com/,unknown,not_cohort_program,,2026-10-08,funding_investors_type,752
FreeFlow Venture Builders,3625697,https://app.dealroom.co/investors/freeflow_venture_builders,n/a,,,,,https://freeflow.zone/,NOT A COHORT PROGRAM (heuristic): name indicates a VC/investment firm; not reviewed in depth. Reclassification candidate. Last DR round feb/2023; portfolio 3. HQ per Dealroom: India (in the 860 list via US location filter).,not_accelerator_vc,N,,heuristic,"Kolkata, India",n/a,,,,https://freeflow.zone/,unknown,not_cohort_program,,2026-10-08,funding_investors_type,753
StartupHighway,3656,https://app.dealroom.co/investors/startuphighway,StartupHighway,,,,,https://startuphighway.com/,"Quick pass: site live, no dated cohort window found on the homepage/apply page. Last DR round dec/2021; portfolio 18. HQ per Dealroom: Lithuania (in the 860 list via US location filter).",active_undated,N,,,"Vilnius, Lithuania",unknown,,,,https://startuphighway.com/,unknown,no_public_dates,,2026-10-08,funding_investors_type,754
AugeUCR,3845843,https://app.dealroom.co/investors/augeucr,AugeUCR,,,,,https://diprovid.ucr.ac.cr/auge/,"Quick pass: site live, no dated cohort window found on the homepage/apply page. Last DR round jan/2023; portfolio 1. HQ per Dealroom: blank (in the 860 list via US location filter).",active_undated,,,,,unknown,,,,https://diprovid.ucr.ac.cr/auge/,unknown,no_public_dates,,2026-10-08,funding_investors_type,755
MedBlue,3845961,https://app.dealroom.co/investors/medblue_1_1,MedBlue Incubator,2026,2026-05-01,2026-06-01,,https://medblueincubator.com/,"Application period May 1–Jun 1, 2026 (closed). HQ per Dealroom: blank (in the 860 list via US location filter).",active_undated,,,,,1x/yr,,,,https://medblueincubator.com/,published,closed,,2026-10-08,funding_investors_type,756
Mondelēz International Shopper Futures,3846131,https://app.dealroom.co/investors/mondel_z_international_shopper_futures,n/a,,,,,https://privacy.mondelezinternational.com:443/eu/en-gb/privacy-notice/,NOT A COHORT PROGRAM (heuristic): university/agency/corporate entity; not reviewed in depth. Reclassification candidate. Last DR round jul/2026; portfolio 1. HQ per Dealroom: Canada (in the 860 list via US location filter).,not_accelerator_other,N,,heuristic,"Toronto, Canada",n/a,,,,https://privacy.mondelezinternational.com:443/eu/en-gb/privacy-notice/,unknown,not_cohort_program,,2026-10-08,funding_investors_type,757
Al Jabr,3846168,https://app.dealroom.co/investors/al_jabr,Al Jabr,,,,,https://www.aljabrmena.com/,"Quick pass: site live, no dated cohort window found on the homepage/apply page. Last DR round nov/2024; portfolio 2. HQ per Dealroom: Oman (in the 860 list via US location filter).",active_undated,N,,,"Muscat, Oman",unknown,,,,https://www.aljabrmena.com/,unknown,no_public_dates,,2026-10-08,funding_investors_type,758
Breed Ventures,3846246,https://app.dealroom.co/investors/breed_ventures,n/a,,,,,https://breedventures.se/,NOT A COHORT PROGRAM (heuristic): name indicates a VC/investment firm; not reviewed in depth. Reclassification candidate. Last DR round aug/2026; portfolio 1. HQ per Dealroom: Sweden (in the 860 list via US location filter).,not_accelerator_vc,N,,heuristic,"Stockholms kommun, Sweden",n/a,,,,https://breedventures.se/,unknown,not_cohort_program,,2026-10-08,funding_investors_type,761
Applied Ecological Institute,3846284,https://app.dealroom.co/investors/applied_ecological_institute,n/a,,,,,https://www.aeinstitute.org/,NOT A COHORT PROGRAM (heuristic): university/agency/corporate entity; not reviewed in depth. Reclassification candidate. Last DR round dec/2021; portfolio 1. HQ per Dealroom: blank (in the 860 list via US location filter).,not_accelerator_other,,,heuristic,,n/a,,,,https://www.aeinstitute.org/,unknown,not_cohort_program,,2026-10-08,funding_investors_type,763
Neon Ventures,3846334,https://app.dealroom.co/investors/neon_ventures_1,Neon Ventures,,,,,http://neon.ventures/,Site unreachable/empty from box; recent DR activity (last DR round jul/2025). Not reviewed further. HQ per Dealroom: Nigeria (in the 860 list via US location filter).,unknown,N,,,"Lagos, Nigeria",unknown,,,,http://neon.ventures/,unknown,no_public_dates,,2026-10-08,funding_investors_type,766
ProInnóvate,3846342,https://app.dealroom.co/investors/proinn_vate,n/a,,,,,,LIKELY INACTIVE: site shows no current program (©n/a); last DR round oct/2018. HQ per Dealroom: Peru (in the 860 list via US location filter).,likely_inactive,N,,heuristic,"San Isidro, Peru",n/a,,,,https://www.gob.pe/proinnovate,unknown,inactive,,2026-10-08,funding_investors_type,767
Linden Ventures,3846599,https://app.dealroom.co/investors/linden_ventures,n/a,,,,,,LIKELY INACTIVE: site unreachable/empty from box; last DR round nov/2023. HQ per Dealroom: Germany (in the 860 list via US location filter). Already marked closed in Dealroom (closing year not set); not a DR fix candidate.,defunct,N,closed (year not set),verified,"Berlin, Germany",n/a,,,,http://lindenvc.com/,unknown,inactive,,2026-10-08,funding_investors_type,770
Holcim Accelerator,3846800,https://app.dealroom.co/investors/holcim_accelerator,Holcim Accelerator,,,,,https://holcimmaqerventures.com/,Site behind a bot challenge from the box; not checked further (quick pass). Last DR round sep/2026; portfolio 4. HQ per Dealroom: Switzerland (in the 860 list via US location filter).,unknown,N,,,"Zug, Switzerland",unknown,,,,https://holcimmaqerventures.com/,unknown,no_public_dates,,2026-10-08,funding_investors_type,775
The Next Big Thing,3846831,https://app.dealroom.co/investors/the_next_big_thing_1_2,n/a,,,,,,DEFUNCT: domain parked/for sale/expired (thenextbig-game.com - This website is for sale! - ); last DR round aug/2016. HQ per Dealroom: Israel (in the 860 list via US location filter).,likely_inactive,N,,heuristic,Israel,n/a,,,,https://ww16.thenextbig-game.com/?sub1=20261008-2026-5591-b4f4-8ecb1f582711,unknown,inactive,,2026-10-08,funding_investors_type,778
UNSW Founders,3972575,https://app.dealroom.co/investors/unsw_founders,n/a,,,,,https://unswfounders.com/,NOT A COHORT PROGRAM: UNSW Founders is the university's entrepreneurship umbrella (runs 10x Accelerator). Reclassification candidate. Last DR round aug/2026; portfolio 104. HQ per Dealroom: Australia (in the 860 list via US location filter).,duplicate,N,,verified,"Sydney, Australia",n/a,,,,https://unswfounders.com/,unknown,not_cohort_program,,2026-10-08,funding_investors_type,780
Hansa Network,4008032,https://app.dealroom.co/investors/hansa,n/a,,,,,,LIKELY INACTIVE: site unreachable/empty from box; last DR round mar/2024. HQ per Dealroom: Australia (in the 860 list via US location filter).,likely_inactive,N,,heuristic,"Melbourne, Australia",n/a,,,,https://www.hansa.capital/,unknown,inactive,,2026-10-08,funding_investors_type,782
ICBA ThinkTech Accelerator,4076248,https://app.dealroom.co/investors/icba_thinktech_accelerator,n/a,,,,,,LIKELY INACTIVE: site unreachable/empty from box; last DR round apr/2022. HQ per Dealroom: blank (in the 860 list via US location filter).,likely_inactive,,,heuristic,,n/a,,,,,unknown,inactive,,2026-10-08,funding_investors_type,783
BLAST,4122962,https://app.dealroom.co/investors/blast_2,BLAST,,,,,https://starburst.aero/blast/,"Quick pass: site live, no dated cohort window found on the homepage/apply page. Last DR round jun/2026; portfolio 13. HQ per Dealroom: France (in the 860 list via US location filter).",active_undated,N,,,France,unknown,,,,https://starburst.aero/blast/,unknown,no_public_dates,,2026-10-08,funding_investors_type,784
TK & Partners,4237827,https://app.dealroom.co/investors/tkpartners,n/a,,,,,https://tk-partners.co/,NOT A COHORT PROGRAM (heuristic): name indicates a VC/investment firm; not reviewed in depth. Reclassification candidate. Last DR round apr/2026; portfolio 3. HQ per Dealroom: Thailand (in the 860 list via US location filter).,not_accelerator_vc,N,,heuristic,Thailand,n/a,,,,https://tk-partners.co/,unknown,not_cohort_program,,2026-10-08,funding_investors_type,785
DDG (Digital Devotion Group),4256814,https://app.dealroom.co/investors/propertunity_ai,DDG (Digital Devotion Group),,,,,https://ddg.ag/,"Quick pass: site live, no dated cohort window found on the homepage/apply page. Last DR round may/2022; portfolio 4. HQ per Dealroom: Germany (in the 860 list via US location filter).",active_undated,N,,,"Frankfurt, Germany",unknown,,,,https://ddg.ag/,unknown,no_public_dates,,2026-10-08,funding_investors_type,786
The Hashgraph Association,4278673,https://app.dealroom.co/investors/swiss_hashgraph_association,The Hashgraph Association,,,,,https://www.hashgraph.swiss/,"Quick pass: site live, no dated cohort window found on the homepage/apply page. Last DR round aug/2026; portfolio 18. HQ per Dealroom: Switzerland (in the 860 list via US location filter).",active_undated,N,,,"Freienbach, Switzerland",unknown,,,,https://www.hashgraph.swiss/,unknown,no_public_dates,,2026-10-08,funding_investors_type,788
Intel Ignite,4334534,https://app.dealroom.co/investors/intel_ignite,n/a,,,,,,LIKELY INACTIVE: site unreachable/empty from box; last DR round apr/2024. HQ per Dealroom: Israel (in the 860 list via US location filter).,likely_inactive,N,,heuristic,Israel,n/a,,,,https://intelignite.com/,unknown,inactive,,2026-10-08,funding_investors_type,789
Stockland Accelerator,4340469,https://app.dealroom.co/investors/stockland_accelerator,n/a,,,,,,DEFUNCT: domain now serves unrelated content (title: 'Live Casinos Australia – Best Live Dealer Casinos '); last DR round jul/2019. HQ per Dealroom: Australia (in the 860 list via US location filter).,likely_inactive,N,,heuristic,Australia,n/a,,,,https://www.stocklandaccelerator.com/,unknown,inactive,,2026-10-08,funding_investors_type,790
beyondaccelerator.eu,4463811,https://app.dealroom.co/investors/beyondaccelerator_eu,beyondaccelerator.eu,,,,,https://beyondaccelerator.eu/,"Quick pass: site live, no dated cohort window found on the homepage/apply page. Last DR round may/2023; portfolio 14. HQ per Dealroom: Spain (in the 860 list via US location filter).",active_undated,N,,,"Madrid, Spain",unknown,,,,https://beyondaccelerator.eu/,unknown,no_public_dates,,2026-10-08,funding_investors_type,792
gravitonaccelerator.com,4534200,https://app.dealroom.co/investors/gravitonaccelerator_com,n/a,,,,,,LIKELY INACTIVE: site unreachable/empty from box; last DR round nov/2023. HQ per Dealroom: India (in the 860 list via US location filter).,likely_inactive,N,,heuristic,"Bengaluru, India",n/a,,,,https://gravitonaccelerator.com/,unknown,inactive,,2026-10-08,funding_investors_type,793
Omantel Innovation Labs,4598594,https://app.dealroom.co/investors/omantel_innovation_labs,Omantel Accelerator,Cohort 9,,2027-01-09,,https://www.omantel.om/en/innovation-labs,"Site: ""Omantel Accelerator Cohort 9 Application will be closed on 09/01/2027"", read as Jan 9, 2027 (Omani dd/mm format; the same block is dated 27/09/2026). Falls just outside the 90-day window. HQ per Dealroom: Oman (in the 860 list via US location filter).",active_dated,N,,,Oman,1x/yr,,,,https://www.omantel.om/en/innovation-labs,published,open,,2026-10-08,funding_investors_type,794
T3 Accelerator,4631265,https://app.dealroom.co/investors/t3_accelerator,T3 Accelerator,,,,,https://t3accelerator.ca/Identity/Account/Login?ReturnUrl=%2F,"Quick pass: site live, no dated cohort window found on the homepage/apply page. Last DR round feb/2023; portfolio 1. HQ per Dealroom: Canada (in the 860 list via US location filter).",active_undated,N,,,"Collingwood, Canada",unknown,,,,https://t3accelerator.ca/Identity/Account/Login?ReturnUrl=%2F,unknown,no_public_dates,,2026-10-08,funding_investors_type,795
Nautilus Investment,4656066,https://app.dealroom.co/investors/nautilus_investment,n/a,,,,,https://nautilusinve.com/,NOT A COHORT PROGRAM (heuristic): name indicates a VC/investment firm; not reviewed in depth. Reclassification candidate. Last DR round jun/2026; portfolio 5. HQ per Dealroom: South Korea (in the 860 list via US location filter).,not_accelerator_vc,N,,heuristic,"Seongnam-si, South Korea",n/a,,,,https://nautilusinve.com/,unknown,not_cohort_program,,2026-10-08,funding_investors_type,796
Innovation Connections,4662543,https://app.dealroom.co/investors/innovation_connections,Innovation Connections,,,,,https://research.csiro.au/onalumni/,"Quick pass: site live, no dated cohort window found on the homepage/apply page. Last DR round may/2023; portfolio 1209. HQ per Dealroom: Australia (in the 860 list via US location filter).",active_undated,N,,,"Canberra, Australia",unknown,,,,https://research.csiro.au/onalumni/,unknown,no_public_dates,,2026-10-08,funding_investors_type,797
Credit Guarantee Fund,4668192,https://app.dealroom.co/investors/credit_guarantee_fund,n/a,,,,,,LIKELY INACTIVE: site unreachable/empty from box; last DR round apr/2024. HQ per Dealroom: blank (in the 860 list via US location filter).,likely_inactive,,,heuristic,,n/a,,,,,unknown,inactive,,2026-10-08,funding_investors_type,798
Must Ventures,4668825,https://app.dealroom.co/investors/must_ventures,n/a,,,,,,LIKELY INACTIVE: site unreachable/empty from box; last DR round nov/2023. HQ per Dealroom: South Korea (in the 860 list via US location filter).,likely_inactive,N,,heuristic,"Seoul, South Korea",n/a,,,,https://mustventures.com/,unknown,inactive,,2026-10-08,funding_investors_type,799
Carbon to Clean,4670138,https://app.dealroom.co/investors/carbon_to_clean,n/a,,,,,,LIKELY INACTIVE: site unreachable/empty from box; last DR round jan/2022. HQ per Dealroom: blank (in the 860 list via US location filter).,likely_inactive,,,heuristic,,n/a,,,,https://carbontoclean.com/,unknown,inactive,,2026-10-08,funding_investors_type,801
Dynavolt Renewable Energy Technology,4670140,https://app.dealroom.co/investors/dynavolt_renewable_energy_technology,Dynavolt Renewable Energy Technology,,,,,https://dynavolt.net/,"Quick pass: site live, no dated cohort window found on the homepage/apply page. Last DR round jan/2022; portfolio 1. HQ per Dealroom: blank (in the 860 list via US location filter).",active_undated,,,,,unknown,,,,https://dynavolt.net/,unknown,no_public_dates,,2026-10-08,funding_investors_type,802
Flying Doctors Healthcare Investment Company,4671068,https://app.dealroom.co/investors/flying_doctors_healthcare_investment_company,n/a,,,,,,LIKELY INACTIVE: site unreachable/empty from box; last DR round sep/2022. HQ per Dealroom: blank (in the 860 list via US location filter).,likely_inactive,,,heuristic,,n/a,,,,,unknown,inactive,,2026-10-08,funding_investors_type,804
Healthcap Africa,4671074,https://app.dealroom.co/investors/healthcap_africa,Healthcap Africa,,,,,https://healthcap.co/,"Quick pass: site live, no dated cohort window found on the homepage/apply page. Last DR round sep/2022; portfolio 14. HQ per Dealroom: Nigeria (in the 860 list via US location filter).",active_undated,N,,,"Ibeju Lekki, Nigeria",unknown,,,,https://healthcap.co/,unknown,no_public_dates,,2026-10-08,funding_investors_type,805
Xero54,4671192,https://app.dealroom.co/investors/xero54,Xero54,,,,,https://www.xero54.com/,"Quick pass: site live, no dated cohort window found on the homepage/apply page. Last DR round jun/2023; portfolio 1. HQ per Dealroom: blank (in the 860 list via US location filter).",active_undated,,,,,unknown,,,,https://www.xero54.com/,unknown,no_public_dates,,2026-10-08,funding_investors_type,806
Citi Venture Capital International,4680314,https://app.dealroom.co/investors/citi_venture_capital_international,n/a,,,,,,LIKELY INACTIVE: site unreachable/empty from box; last DR round mar/2023. HQ per Dealroom: United Kingdom (in the 860 list via US location filter).,likely_inactive,N,,heuristic,United Kingdom,n/a,,,,,unknown,inactive,,2026-10-08,funding_investors_type,807
Climate First,4751356,https://app.dealroom.co/investors/climate_first,Climate First,,,,,https://climatefirst.vc/,Site behind a bot challenge from the box; not checked further (quick pass). Last DR round dec/2025; portfolio 37. HQ per Dealroom: Israel (in the 860 list via US location filter).,unknown,N,,,"Tel Aviv-Yafo, Israel",unknown,,,,https://climatefirst.vc/,unknown,no_public_dates,,2026-10-08,funding_investors_type,809
Hailstone Labs,4895154,https://app.dealroom.co/investors/hailstone_labs,Hailstone Labs,,,,,https://hailstonelabs.com/,"Quick pass: site live, no dated cohort window found on the homepage/apply page. Last DR round jun/2025; portfolio 6. HQ per Dealroom: Hong Kong (in the 860 list via US location filter).",active_undated,N,,,Hong Kong,unknown,,,,https://hailstonelabs.com/,unknown,no_public_dates,,2026-10-08,funding_investors_type,811
Founders Launchpad,5141598,https://app.dealroom.co/investors/founders_launchpad,Founders Launchpad,,,,,https://www.founderslaunchpad.vc/,"Quick pass: site live, no dated cohort window found on the homepage/apply page. Last DR round apr/2025; portfolio 11. HQ per Dealroom: Philippines (in the 860 list via US location filter).",active_undated,N,,,"Makati, Philippines",unknown,,,,https://www.founderslaunchpad.vc/,unknown,no_public_dates,,2026-10-08,funding_investors_type,812
Family Accelerator,5268001,https://app.dealroom.co/investors/family_accelerator,n/a,,,,,,LIKELY INACTIVE: site unreachable/empty from box; last DR round jan/2024. HQ per Dealroom: blank (in the 860 list via US location filter).,likely_inactive,,,heuristic,,n/a,,,,,unknown,inactive,,2026-10-08,funding_investors_type,814
Accelerate Africa,5428747,https://app.dealroom.co/investors/accelerate_africa_1,Accelerate Africa,,,,,https://acceler8.africa/,"Quick pass: site live, no dated cohort window found on the homepage/apply page. Last DR round may/2024; portfolio 8. HQ per Dealroom: Nigeria (in the 860 list via US location filter).",active_undated,N,,,"Lagos, Nigeria",unknown,,,,https://acceler8.africa/,unknown,no_public_dates,,2026-10-08,funding_investors_type,819
on&up partners,5621588,https://app.dealroom.co/investors/on_up_partners,on&up partners,,,,,https://www.onnup.kr/,Site unreachable/empty from box; recent DR activity (last DR round aug/2026). Not reviewed further. HQ per Dealroom: South Korea (in the 860 list via US location filter).,unknown,N,,,"Seoul, South Korea",unknown,,,,https://www.onnup.kr/,unknown,no_public_dates,,2026-10-08,funding_investors_type,820
Exascale Fund,5623142,https://app.dealroom.co/investors/exascale_fund,n/a,,,,,https://exa.vc/,NOT A COHORT PROGRAM (heuristic): name indicates a VC/investment firm; not reviewed in depth. Reclassification candidate. Last DR round jan/2025; portfolio 2. HQ per Dealroom: blank (in the 860 list via US location filter).,not_accelerator_vc,,,heuristic,,n/a,,,,https://exa.vc/,unknown,not_cohort_program,,2026-10-08,funding_investors_type,821
IBK Venture Investment,5646502,https://app.dealroom.co/investors/ibk_venture_investment,n/a,,,,,https://ibkvc.kr/,NOT A COHORT PROGRAM (heuristic): name indicates a VC/investment firm; not reviewed in depth. Reclassification candidate. Last DR round oct/2026; portfolio 22. HQ per Dealroom: South Korea (in the 860 list via US location filter).,not_accelerator_vc,N,,heuristic,"Seoul, South Korea",n/a,,,,https://ibkvc.kr/,unknown,not_cohort_program,,2026-10-08,funding_investors_type,822
XFounders,5830188,https://app.dealroom.co/investors/xfounders,XFounders,,,,,https://x-founders.com/,"Quick pass: site live, no dated cohort window found on the homepage/apply page. Last DR round mar/2026; portfolio 2. HQ per Dealroom: United Kingdom (in the 860 list via US location filter).",active_undated,N,,,"London, United Kingdom",unknown,,,,https://x-founders.com/,unknown,no_public_dates,,2026-10-08,funding_investors_type,824
Silver Ridge Accelerator,5844075,https://app.dealroom.co/investors/silver_ridge_accelerator,Silver Ridge Accelerator,,,,,https://silverridgeaccelerator.com/,"Quick pass: site live, no dated cohort window found on the homepage/apply page. Last DR round feb/2025; portfolio 1. HQ per Dealroom: blank (in the 860 list via US location filter).",active_undated,,,,,unknown,,,,https://silverridgeaccelerator.com/,unknown,no_public_dates,,2026-10-08,funding_investors_type,825
Startup Investor Accelerator,5869283,https://app.dealroom.co/investors/startup_investor_accelerator,Startup Investor Accelerator,,,,,https://taac.startupinvestoraccelerator.com/,"Quick pass: site live, no dated cohort window found on the homepage/apply page. Last DR round jul/2024; portfolio 1. HQ per Dealroom: Spain (in the 860 list via US location filter).",active_undated,N,,,"Barcelona, Spain",unknown,,,,https://taac.startupinvestoraccelerator.com/,unknown,no_public_dates,,2026-10-08,funding_investors_type,826
Petribox Accelerator,72564,https://app.dealroom.co/investors/petribox_accelerator,n/a,,,,,,DEFUNCT: domain parked/for sale/expired (HugeDomains.com); last DR round jul/2015. HQ per Dealroom: United Kingdom (in the 860 list via US location filter).,likely_inactive,N,,heuristic,"London, United Kingdom",n/a,,,,https://www.hugedomains.com/domain_profile.cfm?d=petribox.com,unknown,inactive,,2026-10-08,funding_investors_type,829
Launcher,72642,https://app.dealroom.co/investors/launcher,n/a,,,,,,LIKELY INACTIVE: site shows no current program (©n/a); last DR round feb/2017. HQ per Dealroom: Slovakia (in the 860 list via US location filter).,likely_inactive,N,,heuristic,"Bratislava, Slovakia",n/a,,,,http://www.launcher.sk/,unknown,inactive,,2026-10-08,funding_investors_type,830
SigmaLabs Accelerator,73056,https://app.dealroom.co/investors/sigmalabs_accelerator,n/a,,,,,,DEFUNCT: domain now serves unrelated content (title: 'Data SYD | Live Draw SYD Terbaru | Keluaran SYD Ha'); last DR round dec/2021. HQ per Dealroom: Israel (in the 860 list via US location filter).,likely_inactive,N,,heuristic,"Tel Aviv-Yafo, Israel",n/a,,,,http://sigmalabs.co/,unknown,inactive,,2026-10-08,funding_investors_type,831
Sting,864742,https://app.dealroom.co/investors/sting_1,Sting,,,,,https://www.sting.co/,"Sting Core: the next cohort kicked off Oct 5, 2026; rolling review, with cohorts every six months. HQ per Dealroom: Sweden (in the 860 list via US location filter).",active_rolling,N,,,"Stockholms kommun, Sweden",rolling,,,,https://www.sting.co/,unknown,rolling,,2026-10-08,funding_investors_type,832
METRO Accelerator,869087,https://app.dealroom.co/investors/metro_accelerator,n/a,,,,,,DEFUNCT: site unreachable/empty from box; last DR round nov/2018. HQ per Dealroom: Germany (in the 860 list via US location filter). Already marked closed in Dealroom (closing year not set); not a DR fix candidate.,defunct,N,closed (year not set),verified,"Berlin, Germany",n/a,,,,https://www.metroaccelerator.com/,unknown,inactive,,2026-10-08,funding_investors_type,833
Apple Seed Pte Ltd,872174,https://app.dealroom.co/investors/apple_seed_pte_ltd,Apple Seed Pte Ltd,,,,,https://www.appleseed.sg/,"Quick pass: site live, no dated cohort window found on the homepage/apply page. Last DR round sep/2026; portfolio 3. HQ per Dealroom: Singapore (in the 860 list via US location filter).",active_undated,N,,,"Singapore, Singapore",unknown,,,,https://www.appleseed.sg/,unknown,no_public_dates,,2026-10-08,funding_investors_type,834
Founders (Denmark),882278,https://app.dealroom.co/investors/founders_denmark_,Founders (Denmark),,,,,https://www.founders.as/,"Quick pass: site live, no dated cohort window found on the homepage/apply page. Last DR round aug/2025; portfolio 20. HQ per Dealroom: Denmark (in the 860 list via US location filter).",active_undated,N,,,"Copenhagen, Denmark",unknown,,,,https://www.founders.as/,unknown,no_public_dates,,2026-10-08,funding_investors_type,835
Station F,884767,https://app.dealroom.co/investors/station_f,n/a,,,,,https://stationf.co/,NOT A COHORT PROGRAM: STATION F is a startup campus; its Founders Program is reported paused (FAQ). It hosts partner programs.. Reclassification candidate. Last DR round aug/2026; portfolio 76. HQ per Dealroom: France (in the 860 list via US location filter).,not_accelerator_other,N,,verified,"Paris, France",n/a,,,,https://stationf.co/,unknown,not_cohort_program,,2026-10-08,funding_investors_type,836
Partech Shaker,885686,https://app.dealroom.co/investors/partech_shaker_1,Partech Shaker,,,,,https://partechpartners.com/en,"Quick pass: site live, no dated cohort window found on the homepage/apply page. Last DR round nov/2003; portfolio 2. HQ per Dealroom: France (in the 860 list via US location filter).",active_undated,N,,,"Paris, France",unknown,,,,https://partechpartners.com/en,unknown,no_public_dates,,2026-10-08,funding_investors_type,837
xEdu,885771,https://app.dealroom.co/investors/xedu,xEdu,,,,,https://www.xedu.co/,"Quick pass: site live, no dated cohort window found on the homepage/apply page. Last DR round oct/2025; portfolio 93. HQ per Dealroom: Finland (in the 860 list via US location filter).",active_undated,N,,,"Helsinki, Finland",unknown,,,,https://www.xedu.co/,unknown,no_public_dates,,2026-10-08,funding_investors_type,838
Top Seeds Lab,886493,https://app.dealroom.co/investors/top_seeds_lab,Top Seeds Lab,,,,,https://topseedslab.com/,Site behind a bot challenge from the box; not checked further (quick pass). Last DR round sep/2021; portfolio 24. HQ per Dealroom: Spain (in the 860 list via US location filter).,unknown,N,,,"Madrid, Spain",unknown,,,,https://topseedslab.com/,unknown,no_public_dates,,2026-10-08,funding_investors_type,839
FundingBox,887920,https://app.dealroom.co/investors/fundingbox,FundingBox,,,,,https://fundingbox.com/,"Quick pass: site live, no dated cohort window found on the homepage/apply page. Last DR round apr/2025; portfolio 25. HQ per Dealroom: Spain (in the 860 list via US location filter).",active_undated,N,,,"Madrid, Spain",unknown,,,,https://fundingbox.com/,unknown,no_public_dates,,2026-10-08,funding_investors_type,840
imec.istart,890053,https://app.dealroom.co/investors/imec_istart,imec.istart Accelerator (Netherlands),Autumn 2026,2026-10-01,2026-10-31,,https://www.imecistart.com/en/apply,Netherlands Autumn 2026 open call Oct 1–31. HQ per Dealroom: Belgium (in the 860 list via US location filter).,active_dated,N,,,"Ghent, Belgium",3x/yr,,,,https://www.imecistart.com/en/apply,published,open,,2026-10-08,funding_investors_type,841
imec.istart,890053,https://app.dealroom.co/investors/imec_istart,imec.istart Accelerator (Spain),Autumn 2026,2026-10-01,2026-10-31,,https://www.imecistart.com/en/spain,"Spain Autumn 2026: open call Oct 1, submission deadline Oct 31 (midnight); first selection Nov 13; jury pitch Nov 30–Dec 1. HQ per Dealroom: Belgium (in the 860 list via US location filter).",active_dated,N,,,"Ghent, Belgium",1-2x/yr,,,,https://www.imecistart.com/en/spain,published,open,,2026-10-08,funding_investors_type,841
imec.istart,890053,https://app.dealroom.co/investors/imec_istart,imec.istart Accelerator (Belgium),Spring 2027,2027-01-01,2027-01-30,,https://www.imecistart.com/en/apply,"Belgium Spring 2027 open call Jan 1–30, 2027 (midnight). Summer 2027 call May 1–31. HQ per Dealroom: Belgium (in the 860 list via US location filter).",active_dated,N,,,"Ghent, Belgium",3x/yr,,,,https://www.imecistart.com/en/apply,published,upcoming_start,,2026-10-08,funding_investors_type,841
imec.istart,890053,https://app.dealroom.co/investors/imec_istart,imec.istart Accelerator (Germany),Spring 2027,2027-02-01,2027-02,,https://www.imecistart.com/en/apply,"Germany Spring 2027 open call from Feb 1, 2027 (end date truncated on the page; a secondary source says Feb 28). HQ per Dealroom: Belgium (in the 860 list via US location filter).",active_dated,N,,,"Ghent, Belgium",2x/yr,,,,https://www.imecistart.com/en/apply,published,upcoming_start,,2026-10-08,funding_investors_type,841
Open Future,893252,https://app.dealroom.co/investors/real2time_your_real_real_time_infrastructure,n/a,,,,,,DEFUNCT: site unreachable/empty from box; last DR round jan/2018. HQ per Dealroom: Spain (in the 860 list via US location filter).,likely_inactive,N,,heuristic,"Madrid, Spain",n/a,,,,https://openfuture.org/hubs,unknown,inactive,,2026-10-08,funding_investors_type,842
Carbon Incubator,901030,https://app.dealroom.co/investors/carbon_incubator,Carbon Incubator,,,,,https://carbon-incubator.com/,"Quick pass: site live, no dated cohort window found on the homepage/apply page. Last DR round mar/2022; portfolio 1. HQ per Dealroom: Romania (in the 860 list via US location filter).",active_undated,N,,,Romania,unknown,,,,https://carbon-incubator.com/,unknown,no_public_dates,,2026-10-08,funding_investors_type,843
Intelectium,901831,https://app.dealroom.co/investors/intelectium,Intelectium,,,,,https://www.intelectium.com/es,"Quick pass: site live, no dated cohort window found on the homepage/apply page. Last DR round oct/2021; portfolio 147. HQ per Dealroom: Spain (in the 860 list via US location filter).",active_undated,N,,,"Barcelona, Spain",unknown,,,,https://www.intelectium.com/es,unknown,no_public_dates,,2026-10-08,funding_investors_type,844
Sonar Ventures,91360,https://app.dealroom.co/investors/sonar_ventures,n/a,,,,,,DEFUNCT: site unreachable/empty from box; last DR round jun/2005. HQ per Dealroom: Spain (in the 860 list via US location filter).,likely_inactive,N,,heuristic,"Madrid, Spain",n/a,,,,https://denverchalkart.com/,unknown,inactive,,2026-10-08,funding_investors_type,845
Intelligent Systems Corporation,917938,https://app.dealroom.co/investors/intelligent_systems_corporation,n/a,,,,,http://www.intelsys.com/,NOT A COHORT PROGRAM (heuristic): university/agency/corporate entity; not reviewed in depth. Reclassification candidate. Last DR round nov/2013; portfolio 1. Already marked closed in Dealroom (closing year not set); not a DR fix candidate.,defunct,Y,closed (year not set),verified,"Norcross, US",n/a,,,,http://www.intelsys.com/,unknown,not_cohort_program,,2026-10-08,funding_investors_type,846
The FinLab,919319,https://app.dealroom.co/investors/the_finlab,The FinLab,,,,,https://thefinlab.com/,"Quick pass: site live, no dated cohort window found on the homepage/apply page. Last DR round apr/2023; portfolio 10. HQ per Dealroom: Singapore (in the 860 list via US location filter).",active_undated,N,,,Singapore,unknown,,,,https://thefinlab.com/,unknown,no_public_dates,,2026-10-08,funding_investors_type,847
Innogy Innovation Hub,924638,https://app.dealroom.co/investors/innovation_hub,n/a,,,,,,LIKELY INACTIVE: site unreachable/empty from box; last DR round jan/2020. HQ per Dealroom: Germany (in the 860 list via US location filter). Already marked closed in Dealroom (closing year not set); not a DR fix candidate.,defunct,N,closed (year not set),verified,"Berlin, Germany",n/a,,,,https://innovationhub.innogy.com/,unknown,inactive,,2026-10-08,funding_investors_type,848
Nordea Startup Accelerator,929839,https://app.dealroom.co/investors/nordea_startup_accelerator,n/a,,,,,,DEFUNCT: domain now serves unrelated content (title: 'Lån utan UC & vid låg kreditvärdighet – jämför 202'); last DR round jan/2017. HQ per Dealroom: Sweden (in the 860 list via US location filter).,likely_inactive,N,,heuristic,"Stockholms kommun, Sweden",n/a,,,,https://nocredit.se/,unknown,inactive,,2026-10-08,funding_investors_type,849
OTF Wadi Accelerator,943195,https://app.dealroom.co/investors/otf_wadi_accelerator,n/a,,,,,,LIKELY INACTIVE: site unreachable/empty from box; last DR round oct/2021. HQ per Dealroom: Oman (in the 860 list via US location filter).,likely_inactive,N,,heuristic,"Seeb, Oman",n/a,,,,http://wadiaccelerator.com/en/,unknown,inactive,,2026-10-08,funding_investors_type,850
Wilco,958126,https://app.dealroom.co/investors/wilco,Wilco,,,,,https://www.wilco-ambitions.com/,"Quick pass: site live, no dated cohort window found on the homepage/apply page. Last DR round jul/2023; portfolio 144. HQ per Dealroom: France (in the 860 list via US location filter).",active_undated,N,,,"Paris, France",unknown,,,,https://www.wilco-ambitions.com/,unknown,no_public_dates,,2026-10-08,funding_investors_type,851
Nova SBE Haddad Entrepreneurship Institute,964093,https://app.dealroom.co/investors/nova_sbe_venture_lab,n/a,,,,,,LIKELY INACTIVE: site unreachable/empty from box; last DR round jan/2023. HQ per Dealroom: Portugal (in the 860 list via US location filter).,likely_inactive,N,,heuristic,"Cascais, Portugal",n/a,,,,https://www2.novasbe.unl.pt/en/community/labs-hubs/entrepreneurship-hub/overview,unknown,inactive,,2026-10-08,funding_investors_type,852
GELLIFY,965582,https://app.dealroom.co/investors/gellify,GELLIFY,,,,,https://www.gellify.com/,Site unreachable/empty from box; recent DR activity (last DR round jun/2026). Not reviewed further. HQ per Dealroom: Italy (in the 860 list via US location filter).,unknown,N,,,"Bologna, Italy",unknown,,,,https://www.gellify.com/,unknown,no_public_dates,,2026-10-08,funding_investors_type,853
Carbon Trust,980033,https://app.dealroom.co/investors/carbon_trust,n/a,,,,,https://www.carbontrust.com/,NOT A COHORT PROGRAM (heuristic): university/agency/corporate entity; not reviewed in depth. Reclassification candidate. Last DR round apr/2025; portfolio 10. HQ per Dealroom: United Kingdom (in the 860 list via US location filter).,not_accelerator_other,N,,heuristic,"London, United Kingdom",n/a,,,,https://www.carbontrust.com/,unknown,not_cohort_program,,2026-10-08,funding_investors_type,854
JLab,980039,https://app.dealroom.co/investors/jlab,n/a,,,,,,DEFUNCT: site unreachable/empty from box; last DR round apr/2018. HQ per Dealroom: United Kingdom (in the 860 list via US location filter).,likely_inactive,N,,heuristic,"London, United Kingdom",n/a,,,,http://jlab.co.uk/,unknown,inactive,,2026-10-08,funding_investors_type,855
Geovation,980041,https://app.dealroom.co/investors/geovation,Geovation Accelerator (Ordnance Survey),Cohort 8,,,,https://geovation.uk/,"Cohort 8 introduced Oct 1, 2026. Next intake not published. HQ per Dealroom: United Kingdom (in the 860 list via US location filter).",active_dated,N,,,"Southampton, United Kingdom",~1x/yr,,,,https://geovation.uk/,unknown,in_program,,2026-10-08,funding_investors_type,856
Octopus Labs,980051,https://app.dealroom.co/investors/octopus_labs,n/a,,,,,,DEFUNCT: site unreachable/empty from box; last DR round sep/2016. HQ per Dealroom: United Kingdom (in the 860 list via US location filter).,likely_inactive,N,,heuristic,"London, United Kingdom",n/a,,,,http://octopusaccelerator.com/,unknown,inactive,,2026-10-08,funding_investors_type,857
IAGi Accelerator,980055,https://app.dealroom.co/investors/iagi_accelerator,IAGi Accelerator (Hangar 51),,,2026-05-14,,https://www.iaginnovation.com/,"Final deadline May 14, 2026 (closed); rolling review. HQ per Dealroom: United Kingdom (in the 860 list via US location filter).",active_undated,N,,,"London, United Kingdom",unknown,,,,https://www.iaginnovation.com/,published,closed,,2026-10-08,funding_investors_type,858
Data Pitch,980080,https://app.dealroom.co/investors/data_pitch,n/a,,,,,,DEFUNCT: domain parked/for sale/expired (DropCatch.ai); last DR round apr/2019. HQ per Dealroom: United Kingdom (in the 860 list via US location filter).,likely_inactive,N,,heuristic,"London, United Kingdom",n/a,,,,https://dropcatch.ai/lander/datapitch.eu,unknown,inactive,,2026-10-08,funding_investors_type,860
