URL,Filters,,,,,,,,,,,,,,
https://app.dealroom.co/investors/f/all_slug_locations/anyof_~united_states~/company_status/not_closed/investor_type/anyof_accelerator?selectedColumns=name%2CpreferredRound%2ChqLocations%2CdealSizeEnhanced%2CinvestorNumberOfRoundsIndustry%2CinvestorTotalFundingEnhanced%2CinvestorPorfolioSize%2CinvestmentsValuationEnhanced%2Cinvestments%2CinvestorExitsNum%2CinvestorExitScore%2CinvestorExitsFundingEnhanced%2ClpInvestmentsNum%2ClpInvestments&sort=-rounds_count_12_months&investorNumberOfRoundsIndustry=rounds_count_12_months&heatMapType=&groupId=1413&id=92070,Include All locations: United states; Investor type: Accelerator; Exclude Company status: Closed,,,,,,,,,,,,,,
ID,Type,Dealroom URL,Website,Name,HQ region,HQ country,HQ city,Sectors of focus,Launch year,Last round date,Portfolio size,Rounds number (12 months),Exits total (USD M),Exits number,Total value of current portfolio (USD M)
20977,accelerator,https://app.dealroom.co/investors/y_combinator,http://ycombinator.com/,Y Combinator,North America,United States,San Francisco,,2005,Sep/2026,7813,1187,58729.44,0,668837.4
1452943,accelerator,https://app.dealroom.co/investors/antler_co,https://antler.co/,Antler,Asia,Singapore,Singapore,,2018,Sep/2026,2180,335,23.24,0,32939.96
20996,accelerator,https://app.dealroom.co/investors/techstars,https://www.techstars.com/,Techstars,North America,United States,New York City,b corp,2006,Aug/2026,5394,53,19504.3,0,95343.69
2007585,accelerator,https://app.dealroom.co/investors/innosphere_4,https://innosphere.org,Innosphere,North America,United States,Fort Collins,,1999,May/2026,48,35,,0,303.13
2527212,accelerator,https://app.dealroom.co/investors/third_derivative,https://third-derivative.org/,Third Derivative,North America,United States,Denver,,2020,May/2026,314,26,250,0,10668.86
142007,accelerator,https://app.dealroom.co/investors/alphalab,http://alphalab.org,AlphaLab,North America,United States,Pittsburgh,,2008,Jun/2026,168,22,120,0,2852.84
4642982,accelerator,https://app.dealroom.co/investors/sanabil_accelerator_by_500_global,https://www.sanabil500.com/en-US/,Sanabil Accelerator by 500 Global,North America,United States,San Francisco,,2022,May/2026,2186,15,12731.47,0,59388.57
144892,accelerator,https://app.dealroom.co/investors/gener8tor,https://www.gener8tor.com,gener8tor,North America,United States,Madison,b corp,2012,Aug/2026,1428,18,79.5,0,6801.08
29609,accelerator,https://app.dealroom.co/investors/boost_vc,https://www.boost.vc/,Boost VC,North America,United States,San Mateo,bitcoin,2012,Sep/2026,297,17,981.15,0,32849.13
6303256,accelerator,https://app.dealroom.co/investors/accel_ks,https://www.kansascommerce.gov/accel-ks/,ACCEL-KS,North America,United States,Lawrence,investing in startups,2025,Jun/2026,16,16,,,2.4
886103,accelerator,https://app.dealroom.co/investors/playground_global,http://www.playground.global,Playground Global,North America,United States,Palo Alto,,2015,Sep/2026,88,15,2514,0,38865.62
6523642,accelerator,https://app.dealroom.co/investors/one_mind_accelerator,https://onemind.org/what-we-do/one-mind-accelerator/,One Mind Accelerator,North America,United States,Seattle,mental health;psychology;neurology,2023,Feb/2026,51,14,,0,3870.76
4546534,accelerator,https://app.dealroom.co/investors/hf0,http://hf0.com,HF0,North America,United States,San Francisco,,2023,Jul/2026,40,13,7500,0,2637.12
6275559,accelerator,https://app.dealroom.co/investors/cmu_venturebridge,https://www.cmu.edu/swartz-center-for-entrepreneurship/resources-funding-and-talent/venturebridge/index.html,CMU VentureBridge,North America,United States,Pittsburgh,investing in startups;alternative investments;higher education,2018,May/2025,59,0,,0,685.35
4882547,accelerator,https://app.dealroom.co/investors/mdss_1,http://mds.studio,MDSS,North America,United States,Newark,,2022,Mar/2026,33,12,,,102.36
3560432,accelerator,https://app.dealroom.co/investors/for_climatetech,https://forclimatetech.org/,For ClimateTech,North America,United States,Rochester,,2020,May/2026,119,9,27,0,831.85
3082832,accelerator,https://app.dealroom.co/investors/the_biomimicry_institute,http://biomimicry.org,The Biomimicry Institute,North America,United States,Missoula,,2005,Jul/2026,15,9,,,51.87
1270327,accelerator,https://app.dealroom.co/investors/lifex,https://lifexglobal.com/,LifeX,North America,United States,Pittsburgh,diabetes;oncology;biotechnology;personal health;biotech and pharma,2017,Aug/2026,23,9,,,43.24
922737,accelerator,https://app.dealroom.co/investors/carb_x,http://www.carb-x.org,CARB-X,North America,United States,Boston,,2016,Apr/2026,95,6,12129.65,0,20890.66
161924,accelerator,https://app.dealroom.co/investors/heavybit_industries,http://heavybit.com,Heavybit,North America,United States,San Francisco,,2012,Jul/2026,76,9,8970,0,180342.7
6804654,accelerator,https://app.dealroom.co/investors/bronze_valley_venturelab,https://www.bronzevalley.com/venturelab,Bronze Valley VentureLab,North America,United States,Birmingham,investing in startups;alternative investments;crowdfunding,2020,Mar/2026,17,8,,,8.72
3148240,accelerator,https://app.dealroom.co/investors/comcast_sports_tech,http://comcastsportstech.com,Comcast Sports Tech,North America,United States,Atlanta,,2020,Nov/2025,35,8,,,218.5
144863,accelerator,https://app.dealroom.co/investors/berkeley_skydeck_accelerator,http://skydeck.berkeley.edu,Berkeley SkyDeck Accelerator,North America,United States,Berkeley,,2012,Jun/2026,691,8,,0,12088.32
106066,accelerator,https://app.dealroom.co/investors/telluride_venture_network,https://tellurideventurenetwork.com/,Telluride Venture Network,North America,United States,Telluride,,2013,Jun/2026,110,8,,0,910.18
6592676,accelerator,https://app.dealroom.co/investors/the_strauch_cleantech_to_market_program,https://haas.berkeley.edu/c2m/,The Strauch Cleantech to Market Program,North America,United States,Berkeley,climate tech;climate adaptation;climate fintech,2008,Aug/2025,76,0,27,0,3236.64
3280688,accelerator,https://app.dealroom.co/investors/nmotion,http://nmotion.co,NMotion,North America,United States,Lincoln,,2013,Jul/2026,120,7,15,0,82.32
6402037,accelerator,https://app.dealroom.co/investors/orbital_edge_accelerator,https://orbitaledge.techconnect.org/,Orbital Edge Accelerator,North America,United States,Orlando,,2025,Jul/2025,6,0,,,3.08
1880198,accelerator,https://app.dealroom.co/investors/envolve_entrepreneurship,https://envolveglobal.org/,Envolve Entrepreneurship,North America,United States,New York City,,2018,Jan/2026,15,6,,0,27.84
1815626,accelerator,https://app.dealroom.co/investors/catalyst_accelerator,https://catalystaccelerator.space/,Catalyst Accelerator,North America,United States,Colorado Springs,,2018,Jan/2026,84,6,1241,0,790.35
1357731,accelerator,https://app.dealroom.co/investors/pioneer_square_labs,http://psl.com,Pioneer Square Labs,North America,United States,Seattle,,2015,May/2026,24,5,,0,911.88
880866,accelerator,https://app.dealroom.co/investors/microsoft_accelerator,https://startups.microsoft.com/,Microsoft for Startups,North America,United States,Redmond,,2018,Aug/2026,353,6,1773.6,0,15424.67
6613563,accelerator,https://app.dealroom.co/investors/pinnacle_atlanta_innovation_accelerator,https://www.gener8tor.com/investment-accelerators/pinnacle-atlanta-innovation,Pinnacle Atlanta Innovation Accelerator,North America,United States,Atlanta,b corp,2025,Oct/2025,5,5,,,2
3085811,accelerator,https://app.dealroom.co/investors/untapped_ventures,http://untapped.ventures,Untapped Ventures,North America,United States,Los Angeles,,2020,Aug/2026,8,5,,,407.77
1842387,accelerator,https://app.dealroom.co/investors/mit_solve,https://solve.mit.edu/,MIT Solve,North America,United States,Cambridge,,,May/2026,14,5,,,857.85
1747387,accelerator,https://app.dealroom.co/investors/google_for_startups,https://startup.google.com/,Google for Startups Accelerator,North America,United States,San Francisco,,2011,Jun/2026,3006,5,9448.37,0,120642.86
911157,accelerator,https://app.dealroom.co/investors/43north,http://www.43north.org/,43North,North America,United States,Buffalo,,2014,Oct/2025,81,5,431.5,0,1551.67
873367,accelerator,https://app.dealroom.co/investors/entrepreneurs_roundtable_accelerator,http://eranyc.com,Entrepreneurs Roundtable Accelerator,North America,United States,Town of Islip,,2011,Aug/2026,304,5,1735,0,4281.97
6783981,accelerator,https://app.dealroom.co/investors/steelworks_health_accelerator,https://www.unemed.com/steel-works-health-accelerator,Steelworks Health Accelerator,North America,United States,Omaha,,2026,Mar/2026,4,4,,,
3804334,accelerator,https://app.dealroom.co/investors/builders_vision,https://www.buildersvision.com/,Builders Vision,North America,United States,Chicago,,,Aug/2026,21,4,,,1995.06
3220593,accelerator,https://app.dealroom.co/investors/peachscore,http://peachscore.com,Peachscore,North America,United States,Los Angeles,,2020,Mar/2026,14,3,,,78.41
3103302,accelerator,https://app.dealroom.co/investors/afwerx_1,http://afwerx.com,AFWERX,North America,United States,Washington DC,,2017,Jul/2026,51,4,,0,20687.58
3046275,accelerator,https://app.dealroom.co/investors/gold_house,http://goldhouse.org,Gold House Ventures,North America,United States,Los Angeles,,2017,May/2026,88,3,95,0,7313.04
2967066,accelerator,https://app.dealroom.co/investors/activate_org,https://www.activate.org/,Activate,North America,United States,Berkeley,,2016,Jul/2026,12,2,,,171.84
2084232,accelerator,https://app.dealroom.co/investors/nec_x,http://nec-x.com,NEC X,North America,United States,Palo Alto,,2018,Feb/2026,16,3,,,95.65
1838281,accelerator,https://app.dealroom.co/investors/luminate_accelerator,https://luminate.org/,Luminate Accelerator,North America,United States,Rochester,,2017,Oct/2025,81,4,,0,838.97
1743670,accelerator,https://app.dealroom.co/investors/svg_ventures,http://svgventures.com/,SVG Ventures,North America,United States,Los Gatos,,2010,Feb/2026,75,2,,0,1294.86
1232543,accelerator,https://app.dealroom.co/investors/the_warehouse_business_accelerator,http://warehouseinnovation.com,The Warehouse Business Accelerator,North America,United States,Loveland,,2013,May/2026,30,4,,,84.04
131271,accelerator,https://app.dealroom.co/investors/the_yield_lab,http://theyieldlab.com,The Yield Lab,North America,United States,Creve Coeur,eit kic partners,2017,Mar/2026,94,4,,0,1549.29
3103,accelerator,https://app.dealroom.co/investors/startupbootcamp,http://www.startupbootcamp.org,Startupbootcamp,Europe,Netherlands,Amsterdam,3d printing;biomedical,2010,Jun/2026,1297,3,1768.86,0,7932.58
5555609,accelerator,https://app.dealroom.co/investors/labstart_1,https://labstart.co,LabStart,North America,United States,Denver,,2020,Jan/2026,15,3,,,6
5030626,accelerator,https://app.dealroom.co/investors/thrive_agrifood,https://thriveagrifood.com,SVG Ventures | THRIVE,North America,United States,Los Gatos,,,Aug/2026,101,3,,0,975.07
4130387,accelerator,https://app.dealroom.co/investors/insurtech_ny,https://www.insurtechny.com/,InsurTech NY,North America,United States,New York City,,2019,Nov/2025,10,2,,,134.85
3867645,accelerator,https://app.dealroom.co/investors/nvidia_inception,https://www.nvidia.com/en-eu/startups/,Nvidia Inception,North America,United States,Santa Clara,data centers,,May/2026,706,2,5839.38,0,151038.37
3105145,accelerator,https://app.dealroom.co/investors/z_fellows,http://zfellows.com,Z Fellows,North America,United States,San Francisco,,2021,Aug/2026,15,3,,,309.6
2999799,accelerator,https://app.dealroom.co/investors/consensys_mesh,https://mesh.xyz/,ConsenSys Mesh,North America,United States,New York City,,2015,Feb/2026,147,2,460,0,14190.81
2637644,accelerator,https://app.dealroom.co/investors/halliburton_labs,https://halliburtonlabs.com,Halliburton Labs,North America,United States,Houston,,2020,Aug/2026,22,2,200,0,1034.26
2492829,accelerator,https://app.dealroom.co/investors/dfs_lab,http://dfslab.net,DFS Lab,North America,United States,Seattle,,2016,May/2026,38,2,,0,662.14
911389,accelerator,https://app.dealroom.co/investors/startx,http://startx.com/,StartX,North America,United States,Palo Alto,non-profit,2009,Jun/2026,645,2,5855.52,0,26980.19
196351,accelerator,https://app.dealroom.co/investors/inovexus,http://inovexus.com,Inovexus,Europe,France,Paris,,2013,May/2026,23,3,,,194.62
136642,accelerator,https://app.dealroom.co/investors/reach_,http://nar-reach.com,Reach,North America,United States,Chicago,,2012,Jul/2026,202,3,45.44,0,4516.32
132834,accelerator,https://app.dealroom.co/investors/indie_bio,https://indiebio.co/,Indie Bio,North America,United States,San Francisco,biotechnology,2015,Sep/2026,274,3,,0,9444.74
6333664,accelerator,https://app.dealroom.co/investors/blueprint_medtech,https://blueprintneurotech.org,Blueprint MedTech,North America,United States,,neurology;neuromodulation and neurostimulation;brain computer interfaces,,Apr/2026,2,2,,,9.04
5582362,accelerator,https://app.dealroom.co/investors/mits_capital,https://mits.capital/,MITS Capital,Europe,Ukraine,Kyiv,,2024,Jul/2026,10,2,,,120.16
4938147,accelerator,https://app.dealroom.co/investors/discovery_to_impact,https://discoveries.utexas.edu/,Discovery to Impact,North America,United States,Austin,,1883,May/2026,26,2,,0,501.56
4726506,accelerator,https://app.dealroom.co/investors/praxis_center_for_venture_development,https://pcvd.cornell.edu,Praxis Center for Venture Development,North America,United States,Ithaca,,,Mar/2026,12,2,,0,5261.4
4408667,accelerator,https://app.dealroom.co/investors/rice_alliance_clean_energy_accelerator,https://ricecleanenergy.org,Rice Alliance Clean Energy Accelerator,North America,United States,Houston,,,Jul/2025,1,0,,,
3846804,accelerator,https://app.dealroom.co/investors/maryland_energy_innovation_accelerator,http://mdeia.org,Maryland Energy Innovation Accelerator,North America,United States,College Park,,2019,Jul/2026,2,2,,,1.4
3846651,accelerator,https://app.dealroom.co/investors/graham_walker_2,http://grahamwalker.com,Graham & Walker,North America,United States,Seattle,,2017,Apr/2026,36,2,,0,371.2
3846318,accelerator,https://app.dealroom.co/investors/solen_ventures,https://solensoftwaregroup.com,Solen Ventures,North America,United States,Cottonwood Heights,,2021,May/2026,2,2,,,
3301176,accelerator,https://app.dealroom.co/investors/aves_lair,https://syntaxcapital.com,Aves Lair,North America,United States,New York City,,2020,Jul/2025,14,0,,0,420.92
2984108,accelerator,https://app.dealroom.co/investors/launch_factory,http://launchfactory.com,Launch Factory,North America,United States,San Diego,,2018,Jun/2025,3,0,,,35.6
1690649,accelerator,https://app.dealroom.co/investors/sparklabs_group,http://sparklabsgroup.com,SparkLabs Group,North America,United States,Palo Alto,,2013,Jun/2026,75,1,2383.38,0,978707.15
1227059,accelerator,https://app.dealroom.co/investors/america_s_seed_fund,http://seedfund.nsf.gov,America's Seed Fund,North America,United States,Alexandria,,,Sep/2026,6,2,,,83.24
1223594,accelerator,https://app.dealroom.co/investors/genius_ny,http://geniusny.com,GENIUS NY,North America,United States,Syracuse,,2016,May/2026,51,2,14.5,0,1134.75
1222896,accelerator,https://app.dealroom.co/investors/silicon_catalyst,http://siliconcatalyst.com,Silicon Catalyst,North America,United States,Santa Clara,,2014,Jun/2026,75,2,,0,5653.24
1217544,accelerator,https://app.dealroom.co/investors/catalyzecu,https://www.colorado.edu/catalyzecu/,CatalyzeCU,North America,United States,Boulder,,2014,Jan/2026,33,2,,0,34.32
960705,accelerator,https://app.dealroom.co/investors/bullish,http://bullish.co/,Bullish,North America,United States,New York City,,2015,Aug/2026,36,2,4381,0,1630.26
952996,accelerator,https://app.dealroom.co/investors/starttech_ventures,https://www.starttech.vc/,Starttech Ventures,Europe,Greece,Municipality of Nea Ionia,,2012,Jan/2026,17,2,,0,41.94
952626,accelerator,https://app.dealroom.co/investors/leap_venture_studio,https://www.leapventurestudio.com,Leap Venture Studio,North America,United States,Los Angeles,,2018,Jul/2025,50,0,,0,553.62
6132519,accelerator,https://app.dealroom.co/investors/diagnostics_accelerator,https://www.alzdiscovery.org/research-and-grants/diagnostics-accelerator,Diagnostics Accelerator,North America,United States,New York City,neurology;degenerative diseases;biomarkers,,Jul/2025,1,0,,,60
6112139,accelerator,https://app.dealroom.co/investors/velocity_7,https://www.mivelocity.com/,Velocity,North America,United States,Sterling Heights,defence applications;additive manufacturing,,Jul/2025,1,0,,,
5925342,accelerator,https://app.dealroom.co/investors/blueswell_accelerator,,BlueSwell accelerator,North America,United States,Cambridge,,,May/2025,3,0,,0,0.4
5913201,accelerator,https://app.dealroom.co/investors/oregon_uas_accelerator,http://oregonuas.org,Oregon UAS Accelerator,North America,United States,Pendleton,drones;defence;aviation and aerospace;dt and ls,2024,Jun/2025,1,0,,,
5696895,accelerator,https://app.dealroom.co/investors/silkroad_innovation_hub,https://silkroadinnovationhub.com,Silkroad Innovation Hub,North America,United States,Palo Alto,,2023,Nov/2025,5,1,,,80.3
5584450,accelerator,https://app.dealroom.co/investors/morgan_stanley_inclusive_ventures_lab,https://www.morganstanley.com/about-us/diversity/inclusive-ventures-lab,Morgan Stanley Inclusive Ventures Lab,North America,United States,New York City,,,Jul/2026,87,1,,0,717.78
5394624,accelerator,https://app.dealroom.co/investors/inception_studio,http://inceptionstudio.org,Inception Studio,North America,United States,Palo Alto,,2022,Sep/2025,30,1,,0,15
5378539,accelerator,https://app.dealroom.co/investors/gitlab_foundation,https://www.gitlabfoundation.org/,GitLab Foundation,North America,United States,San Francisco,,2022,Mar/2026,1,1,,,8
4726502,accelerator,https://app.dealroom.co/investors/center_for_life_science_ventures,https://lifescienceventures.cornell.edu,Center for Life Science Ventures,North America,United States,Ithaca,,2008,Oct/2025,25,1,,0,1175.54
4465996,accelerator,https://app.dealroom.co/investors/national_security_innovation_capital,https://nsic.mil,National Security Innovation Capital,North America,United States,Mountain View,,2021,Aug/2025,24,0,,,1979.1
4465235,accelerator,https://app.dealroom.co/investors/schmidt_marine_technology_partners,https://schmidtmarine.org,Schmidt Marine Technology Partners,North America,United States,Morro Bay,,2015,Oct/2025,1,1,,,7.6
4121939,accelerator,https://app.dealroom.co/investors/steel_perlot,https://steelperlot.com,Steel Perlot,North America,United States,New York City,,2020,Oct/2025,8,1,,,786.8
3868822,accelerator,https://app.dealroom.co/investors/impact_ventures,http://impact-ventures.co,Impact Ventures,North America,United States,Dallas,,2016,Aug/2025,14,0,,,107.48
3846479,accelerator,https://app.dealroom.co/investors/sowlutions,http://sowlutions.com,Sowlutions,North America,United States,Lewes,,2016,Feb/2026,2,1,,,14.92
3846285,accelerator,https://app.dealroom.co/investors/boundless_venture_co,http://bvco.co,Boundless Venture,North America,United States,Oakland,,2020,Jul/2025,2,0,,,34
3846259,accelerator,https://app.dealroom.co/investors/gemini_ventures,http://geminiventures.com,Gemini Ventures,North America,United States,Arlington,,2020,Jan/2026,3,1,,,62.8
3846079,accelerator,https://app.dealroom.co/investors/deltaclimevt,http://deltaclimevt.com,DeltaClimeVT,North America,United States,Montpelier,,2017,Jun/2026,9,1,,0,20.4
3167754,accelerator,https://app.dealroom.co/investors/civstart,http://civstart.org,CivStart,North America,United States,Washington DC,,2018,Dec/2025,15,1,,0,190.36
3098766,accelerator,https://app.dealroom.co/investors/ai_grant_,http://aigrant.org,AI Grant,North America,United States,San Francisco,,2017,Apr/2026,19,1,,,2307.4
3077371,accelerator,https://app.dealroom.co/investors/prospect_innovation,https://prospectinnovation.com,Prospect Innovation,Asia,Singapore,,,2018,Sep/2025,36,1,120,0,1343.77
3007151,accelerator,https://app.dealroom.co/investors/maryland_industrial_partnerships,http://mips.umd.edu,Maryland Industrial Partnerships,North America,United States,Potomac,,,Aug/2026,199,1,16012.6,0,6425.45
2989759,accelerator,https://app.dealroom.co/investors/harvard_innovation_labs,http://innovationlabs.harvard.edu,Harvard Innovation Labs,North America,United States,Cambridge,,,Jan/2026,77,1,,0,23400.73
2750077,accelerator,https://app.dealroom.co/investors/bonbillo,http://bonbillo.com,Bonbillo,North America,United States,Boston,,2017,Aug/2025,3,0,,,26.4
2116610,accelerator,https://app.dealroom.co/investors/launch_5,http://uclaunch.com,LAUNCH,North America,United States,Berkeley,,1998,Jul/2026,4,1,,0,
2116152,accelerator,https://app.dealroom.co/investors/koffman_southern_tier_incubator,http://thekoffman.com,Koffman Southern Tier Incubator,North America,United States,Binghamton,,2017,Feb/2026,85,1,,0,412.05
2115364,accelerator,https://app.dealroom.co/investors/the_batchery_1,http://batchery.com,The Batchery,North America,United States,Berkeley,,2014,Feb/2026,67,1,,0,209.51
2006006,accelerator,https://app.dealroom.co/investors/startup_colorado_1,http://startupcolorado.org,Startup Colorado,North America,United States,Durango,,2011,Oct/2025,24,1,,,4
1957060,accelerator,https://app.dealroom.co/investors/colab_1,https://thecompanylab.org,Colab,North America,United States,Chattanooga,,2010,Jul/2025,3,0,,,8.08
1815792,accelerator,https://app.dealroom.co/investors/the_audacious_project,https://audaciousproject.org/,The Audacious Project,North America,United States,Syracuse,,2018,Aug/2026,4,1,,,
1691414,accelerator,https://app.dealroom.co/investors/central_new_york_biotech_accelerator,http://cnybac.com,Central New York Biotech Accelerator,North America,United States,Syracuse,,2013,Nov/2025,34,1,,,128.23
1686728,accelerator,https://app.dealroom.co/investors/mhub_1,https://mhub.org,MHUB,North America,United States,Chicago,automotive;consumer electronics;aerospace;autonomous mobility;product development;non-profit;product research;communication hardware;smart home,2016,Sep/2025,56,1,,0,87.41
1408076,accelerator,https://app.dealroom.co/investors/xontogeny,http://xontogeny.com,Xontogeny,North America,United States,Boston,biotech and pharma;biotechnology,2016,Sep/2025,32,1,14008.55,0,3150.6
1278847,accelerator,https://app.dealroom.co/investors/expert_dojo,http://expertdojo.com,Expert Dojo,North America,United States,Santa Monica,shoes,2014,Nov/2025,257,1,80,0,656.02
1252322,accelerator,https://app.dealroom.co/investors/rev_ithaca,http://revithaca.com,Rev Ithaca,North America,United States,Ithaca,,2014,Sep/2025,12,1,,,185.8
1248043,accelerator,https://app.dealroom.co/investors/hult_prize,http://hultprize.org,Hult Prize,North America,United States,San Francisco,,2009,Sep/2025,16,1,,,89.6
1245306,accelerator,https://app.dealroom.co/investors/endeavor_forward,http://endeavorforward.com,Endeavor Forward,North America,United States,Columbus,,2014,Jul/2026,2,1,,,108
1243347,accelerator,https://app.dealroom.co/investors/citris_foundry,http://citrisfoundry.org,CITRIS Foundry,North America,United States,Berkeley,,2013,Jun/2025,37,0,,,4724.2
1231784,accelerator,https://app.dealroom.co/investors/betaspring,http://revupfund.com,RevUp Capital,North America,United States,Cranston,,2009,Jul/2025,77,0,,0,93.18
1229972,accelerator,https://app.dealroom.co/investors/sente_foundry_,http://sente.link,Sente Foundry,North America,United States,Chicago,,2008,Sep/2025,41,1,4,0,1273.14
1228703,accelerator,https://app.dealroom.co/investors/unbank_ventures,http://unbankventures.com,Unbank.Ventures,North America,United States,San Francisco,,2016,Oct/2025,3,1,,,13.04
1228272,accelerator,https://app.dealroom.co/investors/fannin_partners,http://fannininnovation.com,Fannin Partners,North America,United States,Houston,,2005,Jun/2026,3,1,,,280.4
1226295,accelerator,https://app.dealroom.co/investors/momentum_accelerator,http://momentum.vc,Momentum Accelerator,North America,United States,San Francisco,,2012,May/2026,5,1,,,15.76
1221303,accelerator,https://app.dealroom.co/investors/ocean_solutions_accelerator,https://www.soalliance.org/ocean-solutions-accelerator/,Ocean Solutions Accelerator,North America,United States,San Francisco,non-profit;sustainable development goals,2014,Jan/2026,42,1,,0,655.69
1216428,accelerator,https://app.dealroom.co/investors/youngstown_business_incubator,http://ybi.org,Youngstown Business Incubator,North America,United States,Youngstown,,1995,Feb/2026,46,1,,,147.1
1215693,accelerator,https://app.dealroom.co/investors/1819_innovation_hub_university_of_cincinnati,http://research.uc.edu,"1819 Innovation Hub, University of Cincinnati",North America,United States,Cincinnati,,2018,Aug/2026,14,1,,,6.72
1208509,accelerator,https://app.dealroom.co/investors/maxitech,http://maxitech.com,Maxitech,North America,United States,San Francisco,,2016,Jul/2026,2,1,,,182.8
982918,accelerator,https://app.dealroom.co/investors/creative_destruction_lab,https://www.creativedestructionlab.com/,Creative Destruction Lab,North America,Canada,Toronto,quantum computing,2012,Sep/2026,937,1,1048.08,0,26468.98
246241,accelerator,https://app.dealroom.co/investors/new_york_fashion_tech_lab,http://nyftlab.com,New York Fashion Tech Lab,North America,United States,New York City,,2014,Sep/2025,17,1,,0,402.42
169900,accelerator,https://app.dealroom.co/investors/tampa_bay_wave,http://tampabaywave.org,Tampa Bay Wave,North America,United States,Tampa,,2008,Feb/2026,42,1,,,165.47
161040,accelerator,https://app.dealroom.co/investors/madrona_venture_labs,https://www.madronavl.com/,Madrona Venture Labs,North America,United States,Seattle,,2014,Sep/2025,29,1,,0,730
154344,accelerator,https://app.dealroom.co/investors/x_prize_foundation,http://xprize.org,X PRIZE Foundation,North America,United States,Culver City,sustainable development goals;climate fintech;carbon tracking & offset;climate tech,1995,Aug/2026,29,1,,0,1859.46
140827,accelerator,https://app.dealroom.co/investors/blue_startups,http://bluestartups.com,Blue Startups,North America,United States,Honolulu,,2012,May/2026,85,1,,0,180.2
138864,accelerator,https://app.dealroom.co/investors/emerging_technology_center,http://etcbaltimore.com,ETC Baltimore,North America,United States,Baltimore,,1999,Feb/2026,1,1,,,0.8
137769,accelerator,https://app.dealroom.co/investors/alchemist_accelerator,http://alchemistaccelerator.com,Alchemist Accelerator,North America,United States,Menlo Park,fundraising,2012,Jun/2026,394,1,695,0,8865.09
122496,accelerator,https://app.dealroom.co/investors/health_wildcatters,http://healthwildcatters.com,Health Wildcatters,North America,United States,Dallas,,2013,Nov/2025,106,1,26,0,261.72
103864,accelerator,https://app.dealroom.co/investors/xsolla,http://xsolla.com,Xsolla,North America,United States,Los Angeles,billing;developer tools;publisher tools;metaverse;immersive technologies,2005,Mar/2026,14,1,,0,542
55138,accelerator,https://app.dealroom.co/investors/masschallenge,http://masschallenge.org,MassChallenge,North America,United States,Boston,,2009,Oct/2025,3283,1,14757.15,0,96301.66
6783980,accelerator,https://app.dealroom.co/investors/mac_xcelerator,https://midlandsafricanchamber.com/mac-xcelerator/,MAC Xcelerator,North America,United States,Omaha,,2025,,0,0,,,
6613570,accelerator,https://app.dealroom.co/investors/techstars_emory_founder_catalyst,https://goizueta.emory.edu/faculty/entrepreneurship-innovation/programs/startup-launch,Techstars Emory Founder Catalyst,North America,United States,Atlanta,higher education;investing in startups;community learning,2024,,0,0,,,
6613566,accelerator,https://app.dealroom.co/investors/create_x,https://create-x.gatech.edu/,CREATE-X,North America,United States,Atlanta,higher education;investing in startups;community learning,2014,,0,0,,,
6613527,accelerator,https://app.dealroom.co/investors/velocity_startups,https://commercialization.gatech.edu/velocity,Velocity Startups,North America,United States,Atlanta,higher education;investing in startups;community learning,2025,,0,0,,,
6613523,accelerator,https://app.dealroom.co/investors/cox_cleantech_accelerator,https://coxcleantech.com/accelerator/,Cox Cleantech Accelerator,North America,United States,Atlanta,climate tech;investing in startups;climate fintech,2024,,0,0,,,
6534206,accelerator,https://app.dealroom.co/investors/sf_startup_labs,https://sfstartuplabs.com/,SF Startup Labs,North America,United States,San Francisco,investing in startups;upskilling and reskilling;community learning,2026,,0,0,,,
6444227,accelerator,https://app.dealroom.co/investors/startblue_ocean_enterprise_accelerator,https://startblue.ucsd.edu/,StartBlue Ocean Enterprise Accelerator,North America,United States,San Diego,bluetech and ocean observation;ocean data,2020,,28,0,,,
6443255,accelerator,https://app.dealroom.co/investors/future_unicorns_accelerator,https://www.futureunicorns.io/,Future Unicorns Accelerator,North America,United States,San Francisco,investing in startups,2019,,0,0,,,
6403141,accelerator,https://app.dealroom.co/investors/inzyme_1,http://inzyme.co,Inzyme,North America,United States,Indianapolis,investing in startups;crowdfunding,,,0,0,,,
6391606,accelerator,https://app.dealroom.co/investors/main_street_foundry,https://eni.gsu.edu/msesf/,Main Street Foundry,North America,United States,Atlanta,higher education;upskilling and reskilling;investing in startups,2019,Feb/2023,1,0,,,
6345728,accelerator,https://app.dealroom.co/investors/inventige,https://inventige.com/,Inventige,North America,United States,Chicago,,2010,Dec/2023,1,0,,,
6329174,accelerator,https://app.dealroom.co/investors/stanford_accelerator_for_learning,https://acceleratelearning.stanford.edu/,Stanford Accelerator for Learning,North America,United States,Stanford,lifelong and consumer learning;upskilling and reskilling;higher education,2020,Jan/2025,1,0,,,
6304190,accelerator,https://app.dealroom.co/investors/wmntech_founders,https://1871.com/wmntech-founders/,WMNTech Founders,North America,United States,Chicago,investing in startups;upskilling and reskilling,2024,Jan/2025,43,0,,,0.21
6296592,accelerator,https://app.dealroom.co/investors/alchemist_chicago,https://www.alchemistaccelerator.com/alchemist-chicago,Alchemist Chicago,North America,United States,Chicago,investing in startups;quantum computing,2025,,0,0,,,
6296536,accelerator,https://app.dealroom.co/investors/techarb_student_venture_accelerator,http://techarb.umich.edu,TechArb Student Venture Accelerator,North America,United States,Detroit,higher education;upskilling and reskilling,2009,,0,0,,,
6293701,accelerator,https://app.dealroom.co/investors/great_lakes_i_corps_hub,https://greatlakesicorps.org/,Great Lakes I-Corps Hub,North America,United States,Ann Arbor,research and development,2022,,0,0,,,
6292763,accelerator,https://app.dealroom.co/investors/cafe_center_for_accelerating_financial_equity,https://ftcafe.org/,cafe - Center for Accelerating Financial Equity,North America,United States,Fort Wayne,financial education;embedded finance,2023,Apr/2025,12,0,,,94.28
6271362,accelerator,https://app.dealroom.co/investors/techstars_atlanta,https://techstarsatlanta.com,Techstars Atlanta,North America,United States,Atlanta,investing in startups;alternative investments;crowdfunding,2016,,0,0,,,
6271183,accelerator,https://app.dealroom.co/investors/morehouse_innovation_and_entrepreneurship_center,https://mcecenter.com/ascend-national-2025/,Morehouse Innovation And Entrepreneurship Center,North America,United States,Atlanta,higher education;community learning,2004,,0,0,,,
6256627,accelerator,https://app.dealroom.co/investors/id_xbox_developer_acceleration_program,https://developer.microsoft.com/en-GB/games/publish/,ID@Xbox Developer Acceleration Program,North America,United States,Redmond,investing in startups,2023,,0,0,,,
6185264,accelerator,https://app.dealroom.co/investors/camel_accelerator,https://business.campbell.edu/about/social-entrepreneurship/camel-accelerator/,Camel Accelerator,North America,United States,Angier,,2021,,0,0,,,
6146452,accelerator,https://app.dealroom.co/investors/conquer_accelerator_michigan_state_university,https://msufoundation.org/conquer-accelerator/,Conquer Accelerator - Michigan State University,North America,United States,East Lansing,higher education,2015,Jan/2024,90,0,,0,76.42
6143143,accelerator,https://app.dealroom.co/investors/blue_knight,https://jnjinnovation.com/jlabs/blue-knight,Blue Knight,North America,United States,Washington DC,infections and infectious diseases;vaccines;biotech and pharma,2020,,0,0,,,
6143021,accelerator,https://app.dealroom.co/investors/drive_division_of_research_innovation_and_ventures,https://drive.hhs.gov/index.html,"DRIVe - Division of Research, Innovation, and Ventures",North America,United States,Washington DC,infections and infectious diseases;vaccines;biotech and pharma,2018,,99,0,400,0,108176.78
5959803,accelerator,https://app.dealroom.co/investors/airminers_launchpad_accelerator,https://airminers.com/accelerate,AirMiners Launchpad Accelerator,North America,United States,San Mateo,climate tech;carbon removal,,Dec/2024,1,0,,,
5958269,accelerator,https://app.dealroom.co/investors/ne_i_corps,http://neicorps.org,NE I-Corps,North America,United States,Cambridge,,,,0,0,,,
5953751,accelerator,https://app.dealroom.co/investors/nba_launchpad,,NBA Launchpad,North America,United States,New York City,,2022,,0,0,,,
5939804,accelerator,https://app.dealroom.co/investors/connecticut_center_for_entrepreneurship_and_innovation,https://ccei.uconn.edu/,Connecticut Center for Entrepreneurship and Innovation,North America,United States,Hartford,higher education;community learning,2007,Jul/2024,2,0,,,
5914590,accelerator,https://app.dealroom.co/investors/rising_az_investor_network,https://www.rainarizona.com/,Rising AZ Investor Network,North America,United States,Tucson,,,,0,0,,,
5914588,accelerator,https://app.dealroom.co/investors/plug_and_play_events_meetups_pitches_,,"Plug and Play Events (Meetups, pitches)",North America,United States,Buckshot,,,,0,0,,,
5914587,accelerator,https://app.dealroom.co/investors/chandler_endeavor_venture_innovations_incubator,,Chandler Endeavor Venture Innovations Incubator,North America,United States,Chandler,,,,0,0,,,
5914547,accelerator,https://app.dealroom.co/investors/ceo_network,,CEO Network,North America,United States,Buckshot,,,,0,0,,,
5914486,accelerator,https://app.dealroom.co/investors/phx_fwd,https://www.phxfounders.com/,PHX FWD,North America,United States,Phoenix,,,,0,0,,,
5914483,accelerator,https://app.dealroom.co/investors/thursday_gathering,,Thursday Gathering,North America,United States,Phoenix,,,,0,0,,,
5914481,accelerator,https://app.dealroom.co/investors/bioprenuers_meetup,,Bioprenuers Meetup,North America,United States,Phoenix,,,,0,0,,,
5914480,accelerator,https://app.dealroom.co/investors/ai_meet_up,,AI Meet-up,North America,United States,Phoenix,,,,0,0,,,
5914478,accelerator,https://app.dealroom.co/investors/womens_entreprenurial_network,,Womens Entreprenurial network,North America,United States,Phoenix,,,,0,0,,,
5914475,accelerator,https://app.dealroom.co/investors/aca_small_business_bootcamp,,ACA: Small Business Bootcamp,North America,United States,Phoenix,,,,0,0,,,
5914471,accelerator,https://app.dealroom.co/investors/retreat_events_under_the_collective_,,Retreat (events under the collective),North America,United States,Phoenix,,,,0,0,,,
5914467,accelerator,https://app.dealroom.co/investors/photonics_days,,Photonics days,North America,United States,Tucson,,,,0,0,,,
5914463,accelerator,https://app.dealroom.co/investors/azbioscience_week,,AZBioscience Week,North America,United States,Chandler,,,,0,0,,,
5914462,accelerator,https://app.dealroom.co/investors/whitehat_investor_conference,,Whitehat Investor Conference,North America,United States,Phoenix,,,,0,0,,,
5914459,accelerator,https://app.dealroom.co/investors/university_of_arizona_health_sciences,,University of Arizona Health Sciences,North America,United States,Tucson,,,,0,0,,,
5914456,accelerator,https://app.dealroom.co/investors/startup_az_ecosystem_resources,,Startup AZ Ecosystem Resources,North America,United States,Phoenix,,,,0,0,,,
5914455,accelerator,https://app.dealroom.co/investors/tenwest_,https://www.tenwest.com,TenWest,North America,United States,Tucson,steam;lifelong and consumer learning;higher education,,,0,0,,,
5914452,accelerator,https://app.dealroom.co/investors/biodesign_institute,,Biodesign Institute,North America,United States,Tempe,,2003,,0,0,,,
5914448,accelerator,https://app.dealroom.co/investors/moonshot_communuty_planner,,Moonshot Communuty Planner,North America,United States,Flagstaff,dietary supplements;nutrition;food as medicine,2000,,0,0,,,
5914444,accelerator,https://app.dealroom.co/investors/startup_tucson_southern_az_events_calendar,,Startup Tucson Southern AZ Events Calendar,North America,United States,Tucson,,2011,,0,0,,,
5914443,accelerator,https://app.dealroom.co/investors/plug_and_play_accelerator_sustainability,https://www.plugandplaytechcenter.com/industries/sustainability,Plug and Play Accelerator: Sustainability,North America,United States,Phoenix,,,,0,0,,,
5914442,accelerator,https://app.dealroom.co/investors/plug_and_play_accelerator_advanced_manufacturing,https://www.plugandplaytechcenter.com/industries/advanced-manufacturing,Plug and Play Accelerator: Advanced Manufacturing,North America,United States,Buckshot,,,,0,0,,,
5914440,accelerator,https://app.dealroom.co/investors/center_for_entrepreneurship_and_new_business_design,,Center for Entrepreneurship and New Business Design,North America,United States,Tempe,,,,0,0,,,
5914437,accelerator,https://app.dealroom.co/investors/skysong_innovations,,Skysong Innovations,North America,United States,Scottsdale,,2003,,0,0,,,
5914431,accelerator,https://app.dealroom.co/investors/bioscience_entreprenuer_grant,,Bioscience Entreprenuer Grant,North America,United States,Phoenix,,2002,,0,0,,,
5914427,accelerator,https://app.dealroom.co/investors/hosts_the_incubator,,Hosts the Incubator,North America,United States,Tucson,,,,0,0,,,
5914426,accelerator,https://app.dealroom.co/investors/tech_launch_arizona,,Tech Launch Arizona,North America,United States,Tucson,,2012,,0,0,,,
5914424,accelerator,https://app.dealroom.co/investors/arizona_forge,,Arizona Forge,North America,United States,Tucson,,2019,,0,0,,,
5914423,accelerator,https://app.dealroom.co/investors/pioneer_academy_,https://www.moonshotflagstaff.com/,Pioneer Academy,North America,United States,Flagstaff,,,,0,0,,,
5914422,accelerator,https://app.dealroom.co/investors/impact_accelerator_,https://seedspot.org/impact-accelerator/,Impact Accelerator,North America,United States,Phoenix,,,,0,0,,,
5914420,accelerator,https://app.dealroom.co/investors/lab_force,https://www.ceigateway.com/cei-labforce/,Lab Force,North America,United States,Phoenix,,2019,,0,0,,,
5914418,accelerator,https://app.dealroom.co/investors/small_business_big_wins,https://www.barclayssmallbizbigwins.com/,Small Business Big Wins,North America,United States,Wilmington,,,,0,0,,,
5914417,accelerator,https://app.dealroom.co/investors/l_oreal_usa_inclusive_beauty_fund,,L'Oréal USA Inclusive Beauty Fund,North America,United States,New York City,,2021,,0,0,,,
5914416,accelerator,https://app.dealroom.co/investors/business_incubator_,,Business Incubator,North America,United States,Phoenix,,,,0,0,,,
5914415,accelerator,https://app.dealroom.co/investors/the_fedex_small_business_grants_program,,The FedEx Small Business Grants Program,North America,United States,Memphis,,2012,,0,0,,,
5914412,accelerator,https://app.dealroom.co/investors/az_fast,,AZ FAST,North America,United States,Phoenix,,,,0,0,,,
5914409,accelerator,https://app.dealroom.co/investors/arizona_innovation_challenge,,Arizona Innovation Challenge,North America,United States,Phoenix,,2010,,0,0,,,
5818279,accelerator,https://app.dealroom.co/investors/merchant_adventure_investment_advisors,https://www.ma-ia.com,Merchant Adventure,North America,United States,Palo Alto,,2018,Feb/2025,1,0,,0,54.62
5813633,accelerator,https://app.dealroom.co/investors/social_innovation_change_initiative,https://sici.hks.harvard.edu/,Social Innovation + Change Initiative,North America,United States,Methuen,,2016,,0,0,,,
5792194,accelerator,https://app.dealroom.co/investors/tinc_silicon_valley,https://www.nordicinnovationhouse.com/siliconvalley/sv-programs/tinc,TINC Silicon Valley,North America,United States,San Francisco,,2012,,0,0,,,
5730213,accelerator,https://app.dealroom.co/investors/one_eight_capital,https://www.oneeightcapital.com,One Eight Capital,North America,United States,New York City,,2024,Jan/2025,1,0,,,56
5729410,accelerator,https://app.dealroom.co/investors/silkway_accelerator,https://astanahub.com/en/l/silkway2024,Silkway Accelerator,Asia,Kazakhstan,Astana,,2022,Apr/2023,1,0,,,1
5677963,accelerator,https://app.dealroom.co/investors/snr_capital,https://www.snr-capital.com,SNR Capital,North America,United States,New York City,,2014,Jan/2025,1,0,,0,32
5674965,accelerator,https://app.dealroom.co/investors/pflugerville_community_development_corporation,https://www.pfdevelopment.com/business-pfirst/entrepreneur-hub,Pflugerville Community Development Corporation,North America,United States,Pflugerville,,2025,,0,0,,,
5651051,accelerator,https://app.dealroom.co/investors/the_center_for_innovation_in_research_and_teaching,https://research.gcu.edu/cirt~3,The Center for Innovation in Research and Teaching,North America,United States,Phoenix,,2010,,0,0,,,
5651004,accelerator,https://app.dealroom.co/investors/asu_chandler_innovation_center,,ASU Chandler Innovation Center,North America,United States,Chandler,,,,0,0,,,
5650997,accelerator,https://app.dealroom.co/investors/arizona_apex_accelerator,https://arizonaapex.org,Arizona APEX Accelerator,North America,United States,Queen Creek,,2012,,0,0,,,
5637108,accelerator,https://app.dealroom.co/investors/willowbridge_group,,Willowbridge Group,North America,United States,Boise,,2021,Dec/2024,1,0,,0,
5631962,accelerator,https://app.dealroom.co/investors/cape_advisors,https://www.capeadvisors.com,Cape Advisors,North America,United States,New York City,,1995,,0,0,,,
5610807,accelerator,https://app.dealroom.co/investors/buda_hive,https://www.budahive.com,Buda HIVE,North America,United States,Austin,,2024,,0,0,,,
5605489,accelerator,https://app.dealroom.co/investors/medrock_ventures,http://medrock.ventures,MedRock Ventures,North America,United States,New York City,,2024,,0,0,,,
5597192,accelerator,https://app.dealroom.co/investors/weve_accelerator,https://weveacceleration.com/,WEVE Accelerator,North America,United States,New York City,training,2017,,0,0,,,
5597182,accelerator,https://app.dealroom.co/investors/the_edge_2,https://edge.culverhouse.ua.edu/,The Edge,North America,United States,Tuscaloosa,,2012,,0,0,,,
5572569,accelerator,https://app.dealroom.co/investors/university_of_cincinnati_venture_lab,https://innovation.uc.edu/startups.html,University of Cincinnati Venture Lab,North America,United States,Cincinnati,,2018,Jan/2025,14,0,,,7.9
5564182,accelerator,https://app.dealroom.co/investors/scoby_collective,https://www.scoby-collective.org,SCOBY Collective,North America,United States,New York City,algae;climate tech;sustainable development goals;blue economy;blue biotechnology,2022,,1,0,,,
5564155,accelerator,https://app.dealroom.co/investors/fi_core_accelerator,https://fi.co/core,FI Core Accelerator,North America,United States,Seattle,,2009,,127,0,1350.5,0,3341.23
5563035,accelerator,https://app.dealroom.co/investors/andrews_launch_accelerator,https://entrepreneurshipclinic.ncsu.edu/accelerator/,Andrews Launch Accelerator,North America,United States,Raleigh,,2023,,0,0,,,
5504709,accelerator,https://app.dealroom.co/investors/blue_w_ai_ve_accelerator,https://www.gmri.org/projects/blue-waive-accelerator/,Blue w(AI)ve Accelerator,North America,United States,Portland,,,May/2024,7,0,,,
5495547,accelerator,https://app.dealroom.co/investors/hustle_defense_accelerator,https://www.griffissinstitute.org/hustle/,HUSTLE Defense Accelerator,North America,United States,City of Rome,,2002,May/2022,17,0,,,12
5486909,accelerator,https://app.dealroom.co/investors/uf_innovate,https://innovate.research.ufl.edu/accelerate-2/,UF Innovate,North America,United States,Gainesville,,1985,,0,0,,,
5480019,accelerator,https://app.dealroom.co/investors/nextup_by_lvlup_ventures,https://www.lvlup.vc/nextup,NextUp by LvlUp Ventures,North America,United States,Los Angeles,,2023,,28,0,,,88.72
5477248,accelerator,https://app.dealroom.co/investors/the_works_3,https://knoxec.com/theworks2024/,The Works,North America,United States,Knoxville,,2013,,0,0,,,
5466751,accelerator,https://app.dealroom.co/investors/appian_education_ventures,https://appianeducation.com/,Appian Education Ventures,North America,United States,Cambridge,,2017,,0,0,,,
5439936,accelerator,https://app.dealroom.co/investors/new_york_state_science_technology_law_center,https://nysstlc.syr.edu/,New York State Science & Technology Law Center,North America,United States,Syracuse,,2024,,0,0,,,
5418825,accelerator,https://app.dealroom.co/investors/frontier_biohealth_by_activation_capital,https://www.activation.capital/frontierbiohealth,Frontier BioHealth by Activation Capital,North America,United States,Richmond,,2024,,0,0,,,
5405129,accelerator,https://app.dealroom.co/investors/nyu_tech_venture_accelerator,https://entrepreneur.nyu.edu/resource/tech-venture-accelerator/,NYU Tech Venture Accelerator,North America,United States,New York City,,2023,Feb/2023,7,0,,,16
5402277,accelerator,https://app.dealroom.co/investors/scaleup_3,https://arpa-e.energy.gov/technologies/scaleup,SCALEUP,North America,United States,Washington DC,,2019,,0,0,,,
5400429,accelerator,https://app.dealroom.co/investors/nucleate_activator,https://nucleate.xyz/activator/,Nucleate Activator,North America,United States,Boston,,2022,Feb/2023,2,0,,,13.2
5392591,accelerator,https://app.dealroom.co/investors/innovit_italian_innovation_and_culture_hub,https://innovitsf.com/,INNOVIT - Italian Innovation and Culture Hub,North America,United States,San Francisco,,,Dec/2024,19,0,,,28.71
5380037,accelerator,https://app.dealroom.co/investors/foundations_5,https://fndtns.org,Foundations,North America,United States,Seattle,,,,0,0,,,
5378964,accelerator,https://app.dealroom.co/investors/global_hypergrowth_tokyo,https://startupgenome.com/workwithus/hypergrowth-tokyo,Global Hypergrowth Tokyo,North America,United States,San Francisco,,2024,Mar/2024,22,0,,0,667.97
5378814,accelerator,https://app.dealroom.co/investors/socap_accelerate,https://socapaccelerate.com,SoCap Accelerate,North America,United States,Highland Heights,,,,0,0,,,
5376971,accelerator,https://app.dealroom.co/investors/startup_hutch,https://www.startuphutch.com,StartUp Hutch,North America,United States,Hutchinson,,,,1,0,,,
5376046,accelerator,https://app.dealroom.co/investors/secure_erie_accelerator,https://www.secureerieaccelerator.com,Secure Erie Accelerator,North America,United States,Erie,,,,0,0,,,
5375884,accelerator,https://app.dealroom.co/investors/scale_up_minnesota,,Scale-Up Minnesota,North America,United States,Minneapolis,,,,0,0,,,
5373775,accelerator,https://app.dealroom.co/investors/mcba,https://minoritycannabis.org,MCBA,North America,United States,Washington DC,,2014,,0,0,,,
5373759,accelerator,https://app.dealroom.co/investors/techstars_future_of_longevity_accelerator,,Techstars Future of Longevity Accelerator,North America,United States,Washington DC,,2020,,0,0,,,
5366444,accelerator,https://app.dealroom.co/investors/startup_leadership_program_nyc,https://slpnyc.us,Startup Leadership Program NYC,North America,United States,New York City,,2010,Sep/2024,1,0,,,
5363172,accelerator,https://app.dealroom.co/investors/texas_state_accelerator,https://innovation.txst.edu/,Texas State Accelerator,North America,United States,San Marcos,,,,0,0,,,
5359455,accelerator,https://app.dealroom.co/investors/sparklabs_frontier_asu,https://www.sparklabsfrontierasu.com,SparkLabs Frontier-ASU,North America,United States,Tempe,,,,0,0,,,
5352003,accelerator,https://app.dealroom.co/investors/slingshot_cyberventures,https://slingshotcyberventures.com,Slingshot Cyberventures,North America,United States,City of Troy,,2020,,0,0,,,
5351998,accelerator,https://app.dealroom.co/investors/intelispark,https://www.intelispark.com/,InteliSpark,North America,United States,Ithaca,,2016,,0,0,,,
5348661,accelerator,https://app.dealroom.co/investors/founder_in_residence_program,https://thejourneyventures.com/founder-in-residence-program/,FOUNDER-IN-RESIDENCE PROGRAM,North America,United States,Phoenix,,,,0,0,,,
5348635,accelerator,https://app.dealroom.co/investors/cultivate_phx_incubator,https://www.worldlabs.org/opportunity/cultivate-phx-agrifood-tech-incubator-sign-up,Cultivate PHX incubator,North America,United States,Phoenix,,,,0,0,,,
5348630,accelerator,https://app.dealroom.co/investors/risn_incubator,https://sustainability-innovation.asu.edu/resourceinnovation/risnincubator/,RISN Incubator,North America,United States,Phoenix,,,,0,0,,,
5348628,accelerator,https://app.dealroom.co/investors/small_business_digital_academy,https://www.azcommerce.com/small-business/small-business-digital-academy/,Small Business Digital Academy,North America,United States,Phoenix,,,,0,0,,,
5348626,accelerator,https://app.dealroom.co/investors/small_business_bootcamp,https://www.azcommerce.com/small-business-boot-camp/,Small Business Bootcamp,North America,United States,Phoenix,,,,0,0,,,
5348623,accelerator,https://app.dealroom.co/investors/virtual_accelerator,https://www.azcommerce.com/programs/virtual-accelerator/,Virtual Accelerator,North America,United States,Phoenix,,,,0,0,,,
5348622,accelerator,https://app.dealroom.co/investors/venture_ready_accelerator,https://www.azcommerce.com/programs/venture-ready-accelerator/,Venture Ready Accelerator,North America,United States,Phoenix,,,,0,0,,,
5347640,accelerator,https://app.dealroom.co/investors/tie_silicon_valley_1,http://tiesv.ai,TiE Silicon Valley,North America,United States,Palo Alto,,1992,,0,0,,,
5344732,accelerator,https://app.dealroom.co/investors/innovationhub_goodyear,https://www.developgoodyearaz.com/resources/innovationhub,InnovationHub Goodyear,North America,United States,Goodyear,,,,0,0,,,
5344693,accelerator,https://app.dealroom.co/investors/smcc_community_entrepreneurship_center,https://www.southmountaincc.edu/about/community/community-entrepreneurship-center?ref=blog.paperstreet.vc,SMCC Community Entrepreneurship Center,North America,United States,Phoenix,,,,0,0,,,
5344691,accelerator,https://app.dealroom.co/investors/chandler_innovations_incubator,https://www.chandleraz.gov/business/economic-development/business-services/resources-for-startups,Chandler Innovations Incubator,North America,United States,Chandler,,,,0,0,,,
5344677,accelerator,https://app.dealroom.co/investors/startupaz_collective,https://startupaz.org/collective/,StartupAZ Collective,North America,United States,Phoenix,,,,0,0,,,
5344674,accelerator,https://app.dealroom.co/investors/asu_venture_devils_1,https://entrepreneurship.asu.edu/programs/venture-devils/,ASU Venture Devils,North America,United States,Phoenix,,,,0,0,,,
5340043,accelerator,https://app.dealroom.co/investors/eo_accelerator_arizona,https://www.acceleratoraz.org/,EO Accelerator Arizona,North America,United States,Phoenix,,1993,,0,0,,,
5339990,accelerator,https://app.dealroom.co/investors/macrotechnology_works,https://engineering.asu.edu/macrotechnology-works/,MacroTechnology Works,North America,United States,Tempe,,2023,Jan/2018,1,0,,,44.8
5339977,accelerator,https://app.dealroom.co/investors/fennemore_craig_venture_accelerator,https://www.fennemorelaw.com/services/practices/emerging-businesses-and-technologies/,Fennemore Craig Venture Accelerator,North America,United States,Phoenix,,,,0,0,,,
5335858,accelerator,https://app.dealroom.co/investors/fabric_incubator,https://fabricincubator.com,FABRIC Incubator,North America,United States,Tempe,,2016,,0,0,,,
5306473,accelerator,https://app.dealroom.co/investors/sprout_beverage,https://3dbet.com,Sprout Beverage,North America,United States,Chicago,,,Feb/2024,9,0,,,
5303659,accelerator,https://app.dealroom.co/investors/101_weston_labs,https://www.101westonlabs.com/,101 Weston Labs,North America,United States,Cary,,2023,Mar/2025,10,0,,,112.1
5292397,accelerator,https://app.dealroom.co/investors/worldupstart,http://worldupstart.com,WorldUpstart,North America,United States,Philadelphia,,2012,Feb/2024,20,0,,,397.16
5278665,accelerator,https://app.dealroom.co/investors/smart_city_x,https://smartcity-x.com,Smart City X,North America,United States,San Francisco,,2020,,0,0,,,
5271861,accelerator,https://app.dealroom.co/investors/cmu_venture_challenge,https://www.cmuvc.com/,CMU Venture Challenge,North America,United States,Pittsburgh,,2010,,0,0,,,
5271838,accelerator,https://app.dealroom.co/investors/mit_100k_entrepreneurship_competition,https://www.mit100k.org,MIT $100K Entrepreneurship Competition,North America,United States,Cambridge,,1989,,0,0,,,
5271813,accelerator,https://app.dealroom.co/investors/sustainable_investing_challenge,https://www.sustainableinvestingchallenge.org,Sustainable Investing Challenge,North America,United States,Evanston,,,,0,0,,,
5271795,accelerator,https://app.dealroom.co/investors/startup_of_the_year,https://www.startupofyear.com/,Startup of the Year,North America,United States,Washington DC,,,,0,0,,,
5271522,accelerator,https://app.dealroom.co/investors/kentucky_apex_accelerator,https://www.kyapex.com/,Kentucky APEX Accelerator,North America,United States,Lexington,,2016,,0,0,,,
5267348,accelerator,https://app.dealroom.co/investors/agetech_collaborative_from_aarp,https://agetechcollaborative.org/,AgeTech Collaborative from AARP,North America,United States,Washington DC,,2016,Mar/2023,134,0,,0,1136.43
5198606,accelerator,https://app.dealroom.co/investors/university_of_arizona_center_for_innovation,https://www.uaci.com/,The University of Arizona Center for Innovation,North America,United States,Tucson,,2003,,62,0,,,178.9
5182824,accelerator,https://app.dealroom.co/investors/redhawk_launch_accelerator,https://miamioh.edu/fsb/departments/entrepreneurship/focus-areas-initiatives/start-up-venture/redhawk-launch.html,Redhawk Launch Accelerator,North America,United States,Oxford,,1992,Jan/2023,7,0,,,
5175178,accelerator,https://app.dealroom.co/investors/center_of_excellence_for_food_and_agriculture,https://cals.cornell.edu/cornell-agritech/partners-centers-institutes/center-excellence-food-agriculture,Center of Excellence for Food and Agriculture,North America,United States,Geneva,,2018,,12,0,,0,30.37
5114882,accelerator,https://app.dealroom.co/investors/storybridge_partners,https://www.storybridgepartners.com/,Storybridge Partners,North America,United States,Miami,,2023,,0,0,,,
5074304,accelerator,https://app.dealroom.co/investors/ub_cultivator,https://www.buffalo.edu/partnerships/about/programs/ub-cultivator.html,UB Cultivator,North America,United States,Buffalo,,,Jun/2024,30,0,,,8.6
5027224,accelerator,https://app.dealroom.co/investors/transcend_uw,http://transcenduw.com,Transcend UW,North America,United States,Madison,,2010,Apr/2018,1,0,,,200
5000189,accelerator,https://app.dealroom.co/investors/archetypedigital,http://archetypedigital.us,Archetypedigital,North America,United States,San Francisco,,2017,,0,0,,,
4934889,accelerator,https://app.dealroom.co/investors/innw_pitch_accelerator,https://www.ifnotnowwen.com/pitch-accelerator,INNW Pitch Accelerator,North America,United States,Austin,,2021,,0,0,,,
4934884,accelerator,https://app.dealroom.co/investors/forty_acres_founders,https://herbkellehercenter.mccombs.utexas.edu/faf/,Forty Acres Founders,North America,United States,Austin,,2017,,0,0,,,
4916801,accelerator,https://app.dealroom.co/investors/ossining_innovates,https://ossininginnovates.com,Ossining Innovates,North America,United States,Town of Ossining,,,,0,0,,,
4916798,accelerator,https://app.dealroom.co/investors/hudson_community_incubator,https://hudsonincubator.com,Hudson Community Incubator,North America,United States,Town of Catskill,,2019,,0,0,,,
4911223,accelerator,https://app.dealroom.co/investors/stanford_climate_ventures,http://stanfordclimateventures.org,Stanford Climate Ventures,North America,United States,Stanford,,,Jul/2023,1,0,,,12.1
4834907,accelerator,https://app.dealroom.co/investors/cordis_x,https://cordis.com/na/about,Cordis-X,North America,United States,Menlo Park,,,Mar/2023,1,0,,,120.81
4796064,accelerator,https://app.dealroom.co/investors/the_housing_lab,https://ternerlabs.org,The Housing Lab,North America,United States,Oakland,,2020,Sep/2022,1,0,,,4.24
4792164,accelerator,https://app.dealroom.co/investors/the_residency_1,http://livetheresidency.com,The Residency,North America,United States,San Francisco,,2022,,0,0,,,
4779659,accelerator,https://app.dealroom.co/investors/the_venture_build,https://theventurebuild.com,The Venture Build,North America,United States,Austin,,2023,,0,0,,,
4779001,accelerator,https://app.dealroom.co/investors/syracusecoe,https://centerofexcellence.syracuse.edu/,SyracuseCoE,North America,United States,Syracuse,,1996,,0,0,,,
4778999,accelerator,https://app.dealroom.co/investors/case_at_syracuse_university,http://case.syr.edu/,CASE at Syracuse University,North America,United States,Syracuse,,,,0,0,,,
4778984,accelerator,https://app.dealroom.co/investors/westchester_county_biosciences_accelerator,https://www.wcbaccelerator.com/,Westchester County Biosciences Accelerator,North America,United States,White Plains,,2019,Dec/2023,43,0,,,44.8
4778983,accelerator,https://app.dealroom.co/investors/brooklyn_fashion_incubator,https://www.thebrooklynfashionincubator.org/,Brooklyn Fashion Incubator,North America,United States,New York City,,2015,,0,0,,,
4778972,accelerator,https://app.dealroom.co/investors/venture_creations_incubator_rit_,https://www.rit.edu/incubator/,Venture Creations Incubator (RIT),North America,United States,Rochester,,2003,,0,0,,,
4778964,accelerator,https://app.dealroom.co/investors/entrepreneurship_and_technology_innovation_center_etic_,https://www.nyit.edu/engineering/etic,Entrepreneurship and Technology Innovation Center (ETIC),North America,United States,Town of North Hempstead,,2015,,0,0,,,
4778959,accelerator,https://app.dealroom.co/investors/atventure_center,https://www.atventurecenter.com/,ATVenture Center,North America,United States,Rochester,,2017,,3,0,,,
4778953,accelerator,https://app.dealroom.co/investors/tech_incubator_at_queens_college_tiqc_,https://techincubatorqc.com/,Tech Incubator at Queens College (TIQC),North America,United States,New York City,,2016,,0,0,,,
4778945,accelerator,https://app.dealroom.co/investors/cornell_business_technology_park,https://cornellbtp.com/,Cornell Business & Technology Park,North America,United States,Ithaca,,1951,,0,0,,,
4778935,accelerator,https://app.dealroom.co/investors/zahn_innovation_center_ccny_,https://www.ccny.cuny.edu/zahn,Zahn Innovation Center (CCNY),North America,United States,New York City,,2012,,0,0,,,
4778920,accelerator,https://app.dealroom.co/investors/geneva_enterprise_development_center,https://www.genevaedc.com/,Geneva Enterprise Development Center,North America,United States,Town of Geneva,,,,0,0,,,
4778916,accelerator,https://app.dealroom.co/investors/digital_ballpark,https://digitalballpark.com/,Digital Ballpark,North America,United States,Oyster Bay,,,,16,0,,,
4778902,accelerator,https://app.dealroom.co/investors/bronx_business_tech_incubator,https://lehman.edu/techincubator/index.php,Bronx Business Tech Incubator,North America,United States,New York City,,,,0,0,,,
4778882,accelerator,https://app.dealroom.co/investors/south_side_innovation_center,https://southsideinnovation.org/,South Side Innovation Center,North America,United States,Syracuse,,2006,,10,0,,,
4778734,accelerator,https://app.dealroom.co/investors/cuny_hub_for_innovation_and_entrepreneurship,http://ihub.cuny.edu/sites/,CUNY Hub for Innovation and Entrepreneurship,North America,United States,New York City,,,,0,0,,,
4778117,accelerator,https://app.dealroom.co/investors/columbia_lab_to_market_l2m_accelerator_network,https://labtomarket.columbia.edu/,Columbia Lab-to-Market (L2M) Accelerator Network,North America,United States,New York City,,2008,,0,0,,,
4750263,accelerator,https://app.dealroom.co/investors/desertpacificicorps,http://desertpacificicorps.org,NSF I-Corps Hub: Desert and Pacific Region,North America,United States,Tucson,,,,0,0,,,
4740464,accelerator,https://app.dealroom.co/investors/golden_technology_management_1,http://goldentechpartners.wordpress.com,Golden Technology Management,North America,United States,Watertown,,,,5,0,,,26.4
4735731,accelerator,https://app.dealroom.co/investors/robotics_factory,https://www.roboticsfactory.org/,Robotics Factory,North America,United States,Pittsburgh,,2023,Mar/2024,32,0,,,24.8
4729175,accelerator,https://app.dealroom.co/investors/the_mint_1,https://www.themint.vc/,The Mint,North America,United States,San Francisco,,2023,,0,0,,,
4727947,accelerator,https://app.dealroom.co/investors/the_exchange_at_beverly_gray,https://theexchangeatbeverlygray.org,The Exchange at Beverly Gray,North America,United States,Buffalo,,2018,,0,0,,,
4726495,accelerator,https://app.dealroom.co/investors/start_up_suite_at_binghamton_university,https://www.binghamton.edu/research/division-offices/innovation/index.html,Start-up Suite at Binghamton University,North America,United States,Binghamton,,,,0,0,,,
4726492,accelerator,https://app.dealroom.co/investors/southern_tier_clean_energy_incubator,https://southerntierincubator.com/sci/,Southern Tier Clean Energy Incubator,North America,United States,Binghamton,,,,0,0,,,
4726466,accelerator,https://app.dealroom.co/investors/mohawk_valley_farm_food_business_incubator,https://cobleskill.edu/institute/farm-food-business-incubator.aspx,Mohawk Valley Farm & Food Business Incubator,North America,United States,Town of Cobleskill,,,,0,0,,,
4726463,accelerator,https://app.dealroom.co/investors/ideahub,https://www.hofstra.edu/entrepreneurship/ideahub.html,ideaHUB,North America,United States,Hempstead,,,,9,0,,,16.4
4726406,accelerator,https://app.dealroom.co/investors/severino_center_for_technological_entrepreneurship,https://severinocenter.rpi.edu/,Severino Center for Technological Entrepreneurship,North America,United States,City of Troy,,,,0,0,,,
4726380,accelerator,https://app.dealroom.co/investors/the_hudson_valley_venture_hub,https://www.newpaltz.edu/schoolofbusiness/hvventurehub/,The Hudson Valley Venture Hub,North America,United States,Town of New Paltz,,2018,,18,0,,,9.62
4705875,accelerator,https://app.dealroom.co/investors/finaccelerate_com,http://finaccelerate.com,finaccelerate.com,North America,United States,Washington DC,,1893,Oct/2022,10,0,,,20
4703228,accelerator,https://app.dealroom.co/investors/olean_business_development,https://oleanbd.com/,Olean Business Development,North America,United States,Olean,,2015,,1,0,,,
4703191,accelerator,https://app.dealroom.co/investors/entrepreneur_space,https://entrepreneurspace.org/,Entrepreneur Space,North America,United States,New York City,,,,43,0,,,
4703116,accelerator,https://app.dealroom.co/investors/partnership_for_community_development,https://hamiltonpcd.org/,Partnership for Community Development,North America,United States,Town of Hamilton,,,,0,0,,,
4687802,accelerator,https://app.dealroom.co/investors/virtual_tank_global,https://www.virtualtankglobal.com/,Virtual Tank Global,North America,United States,New York City,,,,0,0,,,
4687448,accelerator,https://app.dealroom.co/investors/abio_x,https://www.abio-x.com/,ABio-X,North America,United States,Lexington,,2021,Apr/2023,1,0,,,250
4679178,accelerator,https://app.dealroom.co/investors/sunshot_incubator_program,,SunShot Incubator Program,North America,United States,Washington DC,,2007,,1,0,,0,80
4677984,accelerator,https://app.dealroom.co/investors/element46,https://element46.org,Element46,North America,United States,White Plains,,,Jun/2024,68,0,,0,68.83
4676981,accelerator,https://app.dealroom.co/investors/flightplan_accelerator,https://www.smartaviation.org/flightplan-accelerator,flightPlan Accelerator,North America,United States,Egg Harbor Township,,,Feb/2023,5,0,,,
4676246,accelerator,https://app.dealroom.co/investors/life_science_washington_institute,https://lsw-evs.org,Life Science Washington Institute,North America,United States,Seattle,,2018,,0,0,,,
4670441,accelerator,https://app.dealroom.co/investors/ub_incubators,https://www.buffalo.edu/partnerships/about/centers-facilities-equipment/incubators.html,UB Incubators,North America,United States,Buffalo,,1988,Sep/2020,7,0,,,2
4670185,accelerator,https://app.dealroom.co/investors/office_of_innovation_and_entrepreneurship,https://oieiitm.org,Office of Innovation and Entrepreneurship,North America,United States,Pittsburgh,,2013,Feb/2022,2,0,,,1.2
4670146,accelerator,https://app.dealroom.co/investors/will_jada_smith_family_foundation,https://www.wjsff.org,Will & Jada Smith Family Foundation,North America,United States,Los Angeles,,,Nov/2022,1,0,,,40
4670030,accelerator,https://app.dealroom.co/investors/startup_bucks,https://startupbucks.org,Startup Bucks,North America,United States,Doylestown,,2019,Sep/2022,1,0,,,10
4669258,accelerator,https://app.dealroom.co/investors/timeless_media,https://Timelessmedia.com,Timeless Media,North America,United States,New York City,,,Apr/2020,1,0,,,
4656795,accelerator,https://app.dealroom.co/investors/health_engine,https://www.readysethealth.io/,Health Engine,North America,United States,Berkeley,,2021,Mar/2024,54,0,,0,570.13
4649008,accelerator,https://app.dealroom.co/investors/idea_northeastern_university_s_venture_accelerator,,IDEA: Northeastern University's Venture Accelerator,North America,United States,Boston,,2010,May/2016,47,0,,0,1148.12
4648274,accelerator,https://app.dealroom.co/investors/google_for_startups_growth_academy_cybersecurity_europe_,https://startup.google.com/programs/cyber-security/,Google for Startups Growth Academy: Cybersecurity (Europe),North America,United States,San Francisco,,2023,Jan/2022,16,0,,0,239.6
4631258,accelerator,https://app.dealroom.co/investors/ai_accelerator_1,https://aia.mit.edu/,AI Accelerator,North America,United States,Cambridge,,2019,,0,0,,,
4630109,accelerator,https://app.dealroom.co/investors/dreamport,https://dreamport.tech/,DreamPort,North America,United States,Columbia,,2018,,0,0,,,
4616997,accelerator,https://app.dealroom.co/investors/starta_institute,https://startainstitute.com/,Starta Institute,North America,United States,New York City,,2021,,0,0,,,
4610496,accelerator,https://app.dealroom.co/investors/fusen_world,https://fusen.world,Fusen World,North America,United States,Sandy Springs,,2022,Apr/2024,8,0,,,24.72
4534032,accelerator,https://app.dealroom.co/investors/braintrust_founders_studio,https://braintrustfoundersstudio.com,BrainTrust Founders Studio,North America,United States,Los Angeles,,2021,Jan/2024,4,0,,0,43.6
4526374,accelerator,https://app.dealroom.co/investors/smart_futures_lab,http://smartfutureslab.com,Smart Futures Lab,North America,United States,Denver,,2022,Mar/2023,8,0,,,20.83
4520567,accelerator,https://app.dealroom.co/investors/cryptanlabs,http://cryptanlabs.com,Cryptanlabs,North America,United States,Miami Beach,,2022,,24,0,20,0,63
4511067,accelerator,https://app.dealroom.co/investors/iowa_g2m_accelerator,http://iowag2m.org,Iowa G2M Accelerator,North America,United States,Des Moines,,,Jun/2022,16,0,,,
4492430,accelerator,https://app.dealroom.co/investors/duality_accelerator,http://dualityaccelerator.com,Duality Accelerator,North America,United States,Chicago,,2021,Aug/2024,20,0,,0,46.36
4492359,accelerator,https://app.dealroom.co/investors/techxel_stamford,https://techxelstamford.com/,TechXel Stamford,North America,United States,,,,,0,0,,,
4492335,accelerator,https://app.dealroom.co/investors/collab_new_haven,https://collabnewhaven.org,Collab,North America,United States,,,2017,,0,0,,,
4466011,accelerator,https://app.dealroom.co/investors/strikewerx,https://strikewerx.com,STRIKEWERX,North America,United States,Shreveport,,2020,,0,0,,,
4465085,accelerator,https://app.dealroom.co/investors/seaworthy_collective,https://www.seaworthycollective.com,Seaworthy Collective,North America,United States,Miami,,2020,,0,0,,,
4463734,accelerator,https://app.dealroom.co/investors/climate_breakthrough_formerly_known_as_climate_strategies_accelerator_,https://www.climatebreakthrough.org,Climate Breakthrough (formerly known as Climate Strategies Accelerator),North America,United States,San Francisco,,2015,,0,0,,,
4463721,accelerator,https://app.dealroom.co/investors/passive_house_accelerator,https://passivehouseaccelerator.com,Passive House Accelerator,North America,United States,New York City,,2019,,0,0,,,
4434033,accelerator,https://app.dealroom.co/investors/aws_edstart,https://aws.amazon.com/education/edstart/,AWS EdStart,North America,United States,Seattle,data centers,1994,,0,0,,,
4434014,accelerator,https://app.dealroom.co/investors/bnmc_innovation_center,http://bnmc.org,BNMC Innovation Center,North America,United States,Buffalo,,2001,,0,0,,,
4426162,accelerator,https://app.dealroom.co/investors/yooandcoaccelerators,http://yooandcoaccelerators.com,Yoo & Co Accelerators,North America,United States,Phoenix,,2012,,0,0,,,
4412558,accelerator,https://app.dealroom.co/investors/bull_moose_club,http://bullmooseclub.com,Bull Moose Club,North America,United States,Albany,,2018,,0,0,,,
4409842,accelerator,https://app.dealroom.co/investors/hand_of_the_cook,https://crowded-table.com,Hand of The Cook,North America,United States,Lubbock,,,,0,0,,,
4409826,accelerator,https://app.dealroom.co/investors/fusionovation_labs,https://kinetiq.studio,Fusionovation Labs,North America,United States,Lubbock,,2019,,0,0,,,
4409476,accelerator,https://app.dealroom.co/investors/greater_satx,https://greatersatx.com,Greater SATX,North America,United States,San Antonio,,,,0,0,,,
4409456,accelerator,https://app.dealroom.co/investors/emerge_and_rise,https://emergeandrise.org,Emerge and Rise,North America,United States,San Antonio,,2020,,0,0,,,
4409448,accelerator,https://app.dealroom.co/investors/maestro_entrepreneur_center,https://maestrocenter.org,Maestro Entrepreneur Center,North America,United States,San Antonio,,,,0,0,,,
4408772,accelerator,https://app.dealroom.co/investors/accelerate_dfw_foundation,https://acceleratefortworth.org,Accelerate DFW Foundation,North America,United States,Fort Worth,,2022,,0,0,,,
4408736,accelerator,https://app.dealroom.co/investors/pioneers_21,https://pioneers21.org,Pioneers 21,North America,United States,El Paso,,2011,,0,0,,,
4408455,accelerator,https://app.dealroom.co/investors/texas_convergent,https://www.txconvergent.org/,Texas Convergent,North America,United States,Austin,,2017,,0,0,,,
4408449,accelerator,https://app.dealroom.co/investors/cedars_union,https://cedarsunion.org,Cedars Union,North America,United States,Dallas,,2014,,0,0,,,
4408446,accelerator,https://app.dealroom.co/investors/texas_opportunity_justice_incubator,https://txoji.com/,Texas Opportunity & Justice Incubator,North America,United States,Austin,,2017,,0,0,,,
4408439,accelerator,https://app.dealroom.co/investors/small_business_development_center_sbdc_,https://sasbdc.org/,Small Business Development Center (SBDC),North America,United States,San Antonio,,,,0,0,,,
4390268,accelerator,https://app.dealroom.co/investors/pnw_mac,http://pnwmac.org,PNW MAC,North America,United States,Seattle,,2021,,0,0,,,
4389910,accelerator,https://app.dealroom.co/investors/bk_xl_com,http://bk-xl.com,bk-xl.com,North America,United States,New York City,,2022,Apr/2023,7,0,,,6.4
4389874,accelerator,https://app.dealroom.co/investors/uhcaccelerator_com,http://uhcaccelerator.com,UnitedHealthcare Accelerator,North America,United States,Minneapolis,,2019,Sep/2024,7,0,,,142.8
4341787,accelerator,https://app.dealroom.co/investors/healthcare_velocity_center,https://hvcatx.com,"Healthcare Velocity Center, LCC",North America,United States,Austin,,2022,,0,0,,,
4339503,accelerator,https://app.dealroom.co/investors/entrepreneurs_organization_accelerator,https://eonetwork.org/accelerator/?scLang=en,Entrepreneurs' Organization Accelerator,North America,United States,Alexandria,,2005,Feb/2020,2,0,,,200
4321940,accelerator,https://app.dealroom.co/investors/star_park,https://www.txst.edu/starpark.html,STAR Park,North America,United States,San Marcos,,2013,,0,0,,,
4292273,accelerator,https://app.dealroom.co/investors/web3athon,http://web3athon.xyz,Web3athon,North America,United States,Sunnyvale,,2012,,0,0,,,
4284761,accelerator,https://app.dealroom.co/investors/new_energy_new_york,https://neny.org,New Energy New York,North America,United States,Binghamton,climate tech;sustainable development goals,2022,Apr/2025,20,0,,0,29
4281994,accelerator,https://app.dealroom.co/investors/innovate_carolina,http://innovate.unc.edu,Innovate Carolina,North America,United States,Chapel Hill,,2015,Apr/2024,2,0,,,5.6
4281507,accelerator,https://app.dealroom.co/investors/infinity_accelerator,http://infinityaceleradora.com/,Infinity Accelerator,South America,Mexico,Guadalajara,,,,0,0,,,
4272393,accelerator,https://app.dealroom.co/investors/growth_factory_,http://www.growthfactory.us,Growth Factory,North America,United States,Rocklin,,2021,Dec/2024,11,0,,0,89
4269425,accelerator,https://app.dealroom.co/investors/south_col,https://multiplymii.com,South Col,North America,United States,New York City,,2022,,0,0,,,
4266425,accelerator,https://app.dealroom.co/investors/communitas_america,http://communitasamerica.org,Communitas America,North America,United States,New York City,,,Jan/2023,1,0,,,0.48
4264810,accelerator,https://app.dealroom.co/investors/draper_startup_house_accelerator,http://dshaccelerator.com,Draper Startup House Accelerator,North America,United States,Austin,,2021,Oct/2022,2,0,,,42.59
4255591,accelerator,https://app.dealroom.co/investors/fast_accelerator,http://fastaccelerator.com,FAST Accelerator,North America,United States,Austin,,2022,Aug/2023,20,0,,,2.32
4255344,accelerator,https://app.dealroom.co/investors/wepower_1,http://wepowerstl.org,WEPOWER,North America,United States,St. Louis,,2018,Aug/2023,19,0,,,
4242356,accelerator,https://app.dealroom.co/investors/founder_institute_texas,https://fi.co/s/austin,Founder Institute Texas,North America,United States,Austin,,2017,Jan/2022,122,0,,0,3297.19
4206137,accelerator,https://app.dealroom.co/investors/notley_ventures_1,https://notley.com,Notley Ventures,North America,United States,Austin,,2015,Jan/2024,37,0,2436.4,0,14061.07
4206132,accelerator,https://app.dealroom.co/investors/edtech_action,http://edtechaction.com,EdTech Action,North America,United States,Austin,,2014,,5,0,,,200.4
4198871,accelerator,https://app.dealroom.co/investors/onerise_wef_global_shapers_initiative,http://onerise.org,OneRise,North America,United States,New York City,,2021,Feb/2023,14,0,,,2.12
4191852,accelerator,https://app.dealroom.co/investors/apps311,https://apps311.com/,Apps311,North America,United States,Hempstead,,2017,Oct/2022,2,0,,,
4186019,accelerator,https://app.dealroom.co/investors/asap_accelerator,https://climateasap.org/,ASAP Accelerator,North America,United States,Crystal City,,2019,Apr/2022,3,0,,,4
4175696,accelerator,https://app.dealroom.co/investors/leaders_in_tech,http://leadersintech.org,Leaders In Tech,North America,United States,San Francisco,,2017,,0,0,,,
4131594,accelerator,https://app.dealroom.co/investors/nga_accelerator,https://capitalinnovators.com/nga-accelerator-program,NGA Accelerator,North America,United States,St. Louis,,2020,May/2022,11,0,,,174.12
4130017,accelerator,https://app.dealroom.co/investors/the_clean_fight,http://thecleanfight.com,The Clean Fight,North America,United States,New York City,,2020,,0,0,,,
4110965,accelerator,https://app.dealroom.co/investors/innoway_1_1,http://innoway.me,Innoway,Asia,United Arab Emirates,Dubai,,2016,,0,0,,,
4091444,accelerator,https://app.dealroom.co/investors/micaplex_program_embry_riddle_aeronautical_university,https://erau.edu/research-park/micaplex,Micaplex Program - Embry-Riddle Aeronautical University,North America,United States,Daytona Beach,,,,0,0,,,
4091438,accelerator,https://app.dealroom.co/investors/groundswell_startups,https://swellstartups.com/,Groundswell Startups,North America,United States,Melbourne,,2015,,0,0,,,
4080835,accelerator,https://app.dealroom.co/investors/grow_fl,https://growfl.com/,Grow FL,North America,United States,Orlando,,2009,,0,0,,,
4030801,accelerator,https://app.dealroom.co/investors/asu_realmspark,http://asurealmspark.org,ASU RealmSpark,North America,United States,Phoenix,,,,27,0,,0,1054.6
4024000,accelerator,https://app.dealroom.co/investors/a2collective,http://a2collective.ai,A2collective,North America,United States,Chevy Chase,,2021,Jun/2023,1,0,,,0.12
3999327,accelerator,https://app.dealroom.co/investors/runwayhc,http://runwayhc.com,Runwayhc,North America,United States,Malvern,,2020,Oct/2022,1,0,,,7.2
3983856,accelerator,https://app.dealroom.co/investors/alternative_business_consulting_abconsulting,http://abcconsulting.tn,Alternative Business Consulting - ABConsulting,North America,United States,Laguna Niguel,,2015,,0,0,,,
3983851,accelerator,https://app.dealroom.co/investors/open_startup_international,http://open-startup.org,Open Startup International,North America,United States,New York City,,2016,,1,0,,,
3982992,accelerator,https://app.dealroom.co/investors/ruderman_family_foundation,https://lead20mit.rudermanfoundation.org/,Ruderman Family Foundation,North America,United States,Newton,,,,0,0,,,
3961075,accelerator,https://app.dealroom.co/investors/national_entrepreneur_center,http://nationalec.org,National Entrepreneur Center,North America,United States,Orlando,,2003,,0,0,,,
3956664,accelerator,https://app.dealroom.co/investors/3pel_ventures,http://3pel.com,3PEL.ventures,North America,United States,,,2005,,7,0,,,0.8
3916112,accelerator,https://app.dealroom.co/investors/houston_healthspan_innovation_group,http://houstonhealthspan.com,Houston Healthspan Innovation Group,North America,United States,Houston,,,,0,0,,,
3881513,accelerator,https://app.dealroom.co/investors/hangar_75,https://www.hangar75.com,Hangar 75,North America,United States,Irvine,,2014,,0,0,,,
3872636,accelerator,https://app.dealroom.co/investors/the_startup_collaborative_1,https://www.investnebraska.com/startup-collaborative,The Startup Collaborative,North America,United States,Omaha,,2016,Jun/2020,61,0,9,0,2713.46
3868064,accelerator,https://app.dealroom.co/investors/yale_africa_startup_review,http://yasr.org,Yale Africa Startup Review,North America,United States,New Haven,,2020,Mar/2022,46,0,,0,325.62
3852033,accelerator,https://app.dealroom.co/investors/geekdom_1,http://geekdom.com,Geekdom,North America,United States,San Antonio,,2011,Oct/2023,8,0,,,
3851375,accelerator,https://app.dealroom.co/investors/civ_lab,http://civ-lab.org,CIV:LAB,North America,United States,New York City,,2017,,0,0,,,
3846893,accelerator,https://app.dealroom.co/investors/startout_growth_lab,https://startout.org/growth-lab/,StartOut Growth Lab,North America,United States,San Francisco,,2017,Mar/2024,101,0,,0,6435.23
3846891,accelerator,https://app.dealroom.co/investors/guidewell_innovation,http://guidewellinnovation.com,GuideWell Innovation,North America,United States,Orlando,,2016,,4,0,,,4.4
3846885,accelerator,https://app.dealroom.co/investors/i2020_accelerator,http://i2020accelerator.com,i2020 Accelerator,North America,United States,San Diego,,2017,,0,0,,,
3846883,accelerator,https://app.dealroom.co/investors/riot_accelerator,https://riot.org/startup-accelerator/,RIoT Accelerator,North America,United States,Raleigh,,2018,Jan/2020,1,0,,,
3846882,accelerator,https://app.dealroom.co/investors/catalyst_charlottesville_,http://434.co,434 Accelerator,North America,United States,Charlottesville,,2019,Oct/2023,3,0,,,
3846870,accelerator,https://app.dealroom.co/investors/atua_ventures,http://atuaventures.com,Atua Ventures,North America,United States,Orem,,2016,,0,0,,,
3846867,accelerator,https://app.dealroom.co/investors/our_generation_speaks,http://ogspeaks.com,Our Generation Speaks,North America,United States,Boston,,2014,,0,0,,,
3846838,accelerator,https://app.dealroom.co/investors/marl_accelerator,http://marlaccelerator.com,MARL Accelerator,North America,United States,San Francisco,,2019,Oct/2024,58,0,,0,14.62
3846823,accelerator,https://app.dealroom.co/investors/magnet_innovation_center,http://manufacturingsuccess.org,Magnet Innovation Center,North America,United States,Cleveland,,1984,Apr/2023,1,0,,,4
3846815,accelerator,https://app.dealroom.co/investors/youweb_incubator,http://youwebincubator.com,YouWeb Incubator,North America,United States,San Francisco,,2007,Sep/2021,2,0,,0,48
3846811,accelerator,https://app.dealroom.co/investors/oxio_health,http://oxiohealth.io,OXIO Health,North America,United States,Palm Beach,,2007,,0,0,,,
3846803,accelerator,https://app.dealroom.co/investors/accel7,https://maybaygiare.org,Accel7,North America,United States,,,,Jul/2022,1,0,,,14.72
3846798,accelerator,https://app.dealroom.co/investors/strategic_insight_advisors,http://gainrinsight.com,Strategic Insight Advisors,North America,United States,New York City,,,Oct/2020,1,0,,0,
3846795,accelerator,https://app.dealroom.co/investors/medtech_accel,https://healthcareaccel.com,MedTech Accel,North America,United States,Phoenix,,,May/2024,1,0,,,3.68
3846790,accelerator,https://app.dealroom.co/investors/endless_frontier_labs,http://endlessfrontierlabs.com,Endless Frontier Labs,North America,United States,New York City,,,Oct/2024,284,0,,0,7420.09
3846785,accelerator,https://app.dealroom.co/investors/angel_dough_ventures,http://angeldough.com,Angel Dough Ventures,North America,United States,Oyster Bay,,,Jun/2021,2,0,,,104
3846782,accelerator,https://app.dealroom.co/investors/baltimore_creative_accelerator,http://baltimorecreates.org,Baltimore Creative Accelerator,North America,United States,Baltimore,,,,0,0,,,
3846781,accelerator,https://app.dealroom.co/investors/trendably,http://trendably.com,Trendably,North America,United States,El Segundo,,,,0,0,,,
3846780,accelerator,https://app.dealroom.co/investors/krypton_ventures_studio,http://gokrypton.com,Krypton Ventures Studio,North America,United States,Los Angeles,,2018,,0,0,,,
3846779,accelerator,https://app.dealroom.co/investors/1501_health,http://1501health.com,1501 Health,North America,United States,Baltimore,,2021,Feb/2023,1,0,,,
3846766,accelerator,https://app.dealroom.co/investors/accelerate_colombia,https://liquitty.com,accelerate colombia,North America,United States,Cambridge,,,,0,0,,,
3846761,accelerator,https://app.dealroom.co/investors/food_innovation_nexus,https://leon288asia.com,Food Innovation Nexus,North America,United States,Providence,,2014,,0,0,,,
3846760,accelerator,https://app.dealroom.co/investors/soho_tech_labs_1,http://sohotechlab.com,Soho Tech Labs,North America,United States,New York City,,2012,,0,0,,,
3846751,accelerator,https://app.dealroom.co/investors/hatcheri_foods,http://hatcheri.com,Hatcheri Foods,North America,United States,San Leandro,,,,0,0,,,
3846745,accelerator,https://app.dealroom.co/investors/cannon_ventures,http://cannonventureshouston.com,Cannon Ventures,North America,United States,Houston,,2018,,0,0,,,
3846735,accelerator,https://app.dealroom.co/investors/her_digital_incubator,http://herdigitalincubator.com,HER Digital Incubator,North America,United States,New York City,,,,0,0,,,
3846730,accelerator,https://app.dealroom.co/investors/gerrity_capital,http://gerritycapital.com,Gerrity Capital,North America,United States,,,1991,,0,0,,,
3846724,accelerator,https://app.dealroom.co/investors/effervescent_ventures,http://eventures19.com,Effervescent Ventures,North America,United States,,,2019,,0,0,,,
3846720,accelerator,https://app.dealroom.co/investors/jetpath_ventures,https://www.jetpath.co,Jetpath Ventures,North America,United States,Lafayette,,2018,,0,0,,,
3846718,accelerator,https://app.dealroom.co/investors/monvia,http://monvia.com,Monvia,North America,United States,Daly City,,2007,,0,0,,,
3846717,accelerator,https://app.dealroom.co/investors/biocomx,http://biocomx.org,BioComX,North America,United States,Dana Point,,,,0,0,,,
3846716,accelerator,https://app.dealroom.co/investors/nyc_media_lab_combine,http://thecombine.nyc,NYC Media Lab Combine,North America,United States,New York City,,,,0,0,,,
3846713,accelerator,https://app.dealroom.co/investors/entreprenyours,http://entreprenyours.com,entreprenYOURS,North America,United States,,,2016,,0,0,,,
3846704,accelerator,https://app.dealroom.co/investors/radical_partners,http://radical.partners,Radical Partners,North America,United States,Miami,b corp,2012,,0,0,,,
3846703,accelerator,https://app.dealroom.co/investors/cognitive_slc,http://cognitiveslc.com,Cognitive SLC,North America,United States,Salt Lake City,,2017,,0,0,,,
3846701,accelerator,https://app.dealroom.co/investors/805_agtech,http://805agtech.com,805 AgTech,North America,United States,Paso Robles,,2019,,0,0,,,
3846700,accelerator,https://app.dealroom.co/investors/tabularasa_ventures,http://tabularasa.ventures,Tabularasa Ventures,North America,United States,New York City,,2018,Dec/2022,9,0,,,508
3846698,accelerator,https://app.dealroom.co/investors/ascend_bioventures,http://ascendbioventures.com,Ascend BioVentures,North America,United States,Town of Riverhead,,2018,,0,0,,,
3846696,accelerator,https://app.dealroom.co/investors/bluewave_ventures,http://bluewave.ventures,BlueWave Ventures,North America,United States,Greenwich,,2008,,0,0,,,
3846687,accelerator,https://app.dealroom.co/investors/vc_include,http://vcinclude.com,VC Include,North America,United States,New York City,,2018,,0,0,,,
3846685,accelerator,https://app.dealroom.co/investors/tinkerbarn_ventures,https://tinkerbarn.com,TinkerBarn Ventures,North America,United States,Park City,,2021,,0,0,,,
3846676,accelerator,https://app.dealroom.co/investors/the_entrepreneurs_network_new_york_,http://ten-ny.org,The Entrepreneurs Network (New York),North America,United States,Rochester,,2006,,0,0,,,
3846673,accelerator,https://app.dealroom.co/investors/anza_partners,http://anzapartners.com,ANZA Partners,North America,United States,San Francisco,,2001,,0,0,,,
3846672,accelerator,https://app.dealroom.co/investors/moon_creative_lab,http://mooncreativelab.com,Moon Creative Lab,North America,United States,Palo Alto,,2018,Feb/2025,1,0,,,53.9
3846671,accelerator,https://app.dealroom.co/investors/a_i_first_alabama_global_innovation_accelerator,http://ai1al.com,A.I. First Alabama Global Innovation Accelerator,North America,United States,Birmingham,,,,0,0,,,
3846666,accelerator,https://app.dealroom.co/investors/cube_ventures_ai_,http://cube.ventures,Cube Ventures (AI),South America,Colombia,Bogotá,,,Jun/2023,40,0,,,
3846665,accelerator,https://app.dealroom.co/investors/claggett_wolfe_associates,http://claggettwolfe.com,Claggett Wolfe Associates,North America,United States,Auburn,,1996,,0,0,,,
3846662,accelerator,https://app.dealroom.co/investors/ven2re,http://ven2re.com,Ven2re,North America,United States,Clearwater,,2017,,0,0,,,
3846658,accelerator,https://app.dealroom.co/investors/moonshotworks,http://moonshotworks.com,MoonshotWorks,North America,United States,Santa Barbara,,2014,,0,0,,,
3846654,accelerator,https://app.dealroom.co/investors/2030_ventures,http://2030ventures.com,2030 Ventures,North America,United States,Irvine,,2014,,0,0,,,
3846652,accelerator,https://app.dealroom.co/investors/cube_2_7,http://cubeunc.org,CUBE,North America,United States,Chapel Hill,,2015,,0,0,,,
3846648,accelerator,https://app.dealroom.co/investors/uplift_innovation,http://upliftaccelerator.com,Uplift Accelerator,North America,United States,West Windsor Township,,2019,,0,0,,,
3846638,accelerator,https://app.dealroom.co/investors/ch3_ventures,http://ch3ventures.com,CH3 Ventures,North America,United States,New York City,,2017,,0,0,,,
3846637,accelerator,https://app.dealroom.co/investors/kentucky_innovation_network,http://kyinnovation.com,Kentucky Innovation Network,North America,United States,Lexington,,2001,Jul/2023,21,0,2.2,0,9.56
3846636,accelerator,https://app.dealroom.co/investors/di5,http://difive.com,Di5,North America,United States,Boston,,,,0,0,,,
3846628,accelerator,https://app.dealroom.co/investors/tuyo_ventures,http://tuyoventures.com,Tuyo Ventures,North America,United States,San Francisco,,2015,,0,0,,,
3846624,accelerator,https://app.dealroom.co/investors/3lox,http://3lox.com,3LOX,North America,United States,Doral,,2009,,0,0,,,
3846623,accelerator,https://app.dealroom.co/investors/hub_sarasota,http://hubsarasota.com,Hub Sarasota,North America,United States,Sarasota,,2008,,0,0,,,
3846618,accelerator,https://app.dealroom.co/investors/va_bio_tech_park,http://vabiotech.com,VA Bio+Tech Park,North America,United States,Richmond,,1995,,0,0,,,
3846613,accelerator,https://app.dealroom.co/investors/gamic_1,http://gamicevent.org,Gamic,North America,United States,Detroit,,2008,,0,0,,,
3846611,accelerator,https://app.dealroom.co/investors/california_life_sciences_institute,http://califesciencesinstitute.org,California Life Sciences Institute,North America,United States,South San Francisco,,1990,,0,0,,,
3846606,accelerator,https://app.dealroom.co/investors/the_concord_life_science_center,http://clsciencecenter.com,The Concord Life Science Center,North America,United States,Concord,,,,0,0,,,
3846602,accelerator,https://app.dealroom.co/investors/kosbe,http://kosbe.org,KOSBE,North America,United States,Kingsport,,,,0,0,,,
3846600,accelerator,https://app.dealroom.co/investors/mclaren_strategic_ventures,https://mclarenss.com,McLaren Strategic Ventures,North America,United States,Los Angeles,,2020,May/2022,1,0,,,2000
3846583,accelerator,https://app.dealroom.co/investors/option3_1,http://option3llc.com,Option3,North America,United States,Santa Monica,,2010,,0,0,,,
3846564,accelerator,https://app.dealroom.co/investors/redscout_ventures,http://redscoutventures.com,Redscout Ventures,North America,United States,New York City,,2000,,0,0,,,
3846563,accelerator,https://app.dealroom.co/investors/initiate_studios_1,http://initiate.studio,Initiate Studios,North America,United States,Hillsborough,,2020,Jun/2023,2,0,,,44
3846544,accelerator,https://app.dealroom.co/investors/10x_ventures_1,http://10xventures.fund,10X Ventures,North America,United States,New York City,,2019,,0,0,,,
3846543,accelerator,https://app.dealroom.co/investors/caminus_ventures,http://caminus.ventures,Caminus Ventures,North America,United States,New York City,,2021,,0,0,,,
3846539,accelerator,https://app.dealroom.co/investors/technology_innovation_center,http://theincubator.com,Technology Innovation Center,North America,United States,Evanston,,1986,Jun/2016,1,0,,,180
3846535,accelerator,https://app.dealroom.co/investors/altisource_labs,http://altisourcelabs.com,Altisource Labs,North America,United States,Boston,,2013,,0,0,,,
3846525,accelerator,https://app.dealroom.co/investors/ai_thinktank,http://aithinktank.com,AI ThinkTank,North America,United States,Bellevue,,2019,,0,0,,,
3846522,accelerator,https://app.dealroom.co/investors/latino_founders,http://latinofounder.com,Latino Founders,North America,United States,Portland,,,,0,0,,,
3846519,accelerator,https://app.dealroom.co/investors/inqventures,http://inqventures.com,inQventures,North America,United States,San Francisco,,,Feb/2024,1,0,,,
3846515,accelerator,https://app.dealroom.co/investors/the_rural_lab,http://therurallab.com,The Rural Lab,North America,United States,Kane,,2020,,0,0,,,
3846510,accelerator,https://app.dealroom.co/investors/metrics_legal,http://metricslegal.com,Metrics Legal,North America,United States,San Francisco,,2015,,0,0,,,
3846503,accelerator,https://app.dealroom.co/investors/sv_101_venture_partners,http://sv101venturepartners.com,SV 101 Venture Partners,North America,United States,Santa Clara,,2015,,0,0,,,
3846496,accelerator,https://app.dealroom.co/investors/capital_one_growth_labs,http://thecapitalonelab.com,Capital One Growth Labs,North America,United States,Arlington,,2016,,0,0,,,
3846491,accelerator,https://app.dealroom.co/investors/evolution_accelerator,https://myevolution360.com,Evolution Accelerator,North America,United States,Folsom,,2018,,0,0,,,
3846478,accelerator,https://app.dealroom.co/investors/accelerate_investors,http://accelerateinvestorsny.com,Accelerate Investors,North America,United States,New York City,,2016,,0,0,,,
3846469,accelerator,https://app.dealroom.co/investors/venture_handle,http://venturehandle.com,Venture Handle,North America,United States,Portland,,2014,,0,0,,,
3846466,accelerator,https://app.dealroom.co/investors/vc_lab,https://govclab.com/,VC Lab,North America,United States,Palo Alto,,2020,,0,0,,,
3846459,accelerator,https://app.dealroom.co/investors/tioga_incubator,http://tiogaincubator.com,Tioga Incubator,North America,United States,San Diego,,1992,,0,0,,,
3846458,accelerator,https://app.dealroom.co/investors/starcamp,https://starcampglobal.com,Starcamp,North America,United States,San Francisco,,2012,,0,0,,,
3846456,accelerator,https://app.dealroom.co/investors/employer_health_innovation_roundtable,http://ehir.com,Employer Health Innovation Roundtable,North America,United States,Newton,,2014,,0,0,,,
3846454,accelerator,https://app.dealroom.co/investors/bend_outdoor_worx,http://bendoutdoorworx.com,Bend Outdoor Worx,North America,United States,Bend,,2014,,0,0,,,
3846444,accelerator,https://app.dealroom.co/investors/mindset_global,http://mindsetglobal.com,Mindset Global,North America,United States,Bethesda,,2017,,0,0,,,
3846443,accelerator,https://app.dealroom.co/investors/fogarty_institute_for_innovation,http://fogartyinnovation.org,Fogarty Institute for Innovation,North America,United States,Mountain View,,2007,,0,0,,,
3846438,accelerator,https://app.dealroom.co/investors/wild_horse_labs,http://wildhorselabs.com,Wild Horse Labs,North America,United States,San Bernardino,,2014,,0,0,,,
3846436,accelerator,https://app.dealroom.co/investors/the_inventures_group,http://theinventuresgroup.com,The InVentures Group,North America,United States,Buffalo,,,Jun/2021,2,0,,,2.4
3846434,accelerator,https://app.dealroom.co/investors/purple_prize,https://amxela.com,Purple Prize,North America,United States,Honolulu,,2016,,0,0,,,
3846430,accelerator,https://app.dealroom.co/investors/gene_5,http://gene-5.com,Gene-5,North America,United States,Midland,,2019,,0,0,,,
3846427,accelerator,https://app.dealroom.co/investors/the_gentlemen_s_factory,http://gentlemensfactory.com,The Gentlemen's Factory,North America,United States,New York City,,2017,,0,0,,,
3846422,accelerator,https://app.dealroom.co/investors/karerra_capital,http://karerra.com,Karerra Capital,North America,United States,San Francisco,,,,0,0,,,
3846419,accelerator,https://app.dealroom.co/investors/unstuck_labs,http://unstucklabs.com,Unstuck Labs,North America,United States,Arlington,,2017,,0,0,,,
3846417,accelerator,https://app.dealroom.co/investors/uncharted_ventures,http://uncharted.ventures,Uncharted Ventures,North America,United States,Washington DC,,2015,,0,0,,,
3846416,accelerator,https://app.dealroom.co/investors/north_bank_innovations,http://northbankinnovations.org,North Bank Innovations,North America,United States,Vancouver,,2017,,0,0,,,
3846414,accelerator,https://app.dealroom.co/investors/gcu_s_canyon_ventures,http://gcuworks.com,GCU's Canyon Ventures,North America,United States,Phoenix,,2019,Feb/2020,1,0,,,6
3846413,accelerator,https://app.dealroom.co/investors/utopio,https://utopio.ai,Utopio,North America,United States,Orange,,2005,,0,0,,,
3846411,accelerator,https://app.dealroom.co/investors/upstart_ventures,http://upstartventures.com,Upstart Ventures,North America,United States,New York City,,1998,,0,0,,,
3846407,accelerator,https://app.dealroom.co/investors/hope_main,http://makefoodyourbusiness.org,Hope & Main,North America,United States,Warren,,2014,,0,0,,,
3846397,accelerator,https://app.dealroom.co/investors/southern_oregon_angel_investment_network,http://soredi.org,Southern Oregon Angel Investment Network,North America,United States,Medford,,,,0,0,,,
3846395,accelerator,https://app.dealroom.co/investors/triangulum_labs,http://triangulumlabs.com,Triangulum Labs,North America,United States,Redmond,,,,0,0,,,
3846391,accelerator,https://app.dealroom.co/investors/massachusetts_medical_device_development_center,http://m2d2challenge.com,Massachusetts Medical Device Development Center,North America,United States,Lowell,,,Apr/2021,1,0,,,13
3846389,accelerator,https://app.dealroom.co/investors/early_risers_academy,http://launchdayton.com,Launch Dayton,North America,United States,Dayton,,2016,,0,0,,,
3846385,accelerator,https://app.dealroom.co/investors/blueprint_incubator_,https://kidwellinc.com,Blueprint (Incubator),North America,United States,,,2018,,0,0,,,
3846379,accelerator,https://app.dealroom.co/investors/atomic_brand_lab,http://atomicbrandlab.com,Atomic Brand Lab,North America,United States,Gig Harbor,,2013,,0,0,,,
3846374,accelerator,https://app.dealroom.co/investors/madcap_ventures,http://madcapventures.com,MadCap Ventures,North America,United States,Orem,,2018,,0,0,,,
3846372,accelerator,https://app.dealroom.co/investors/cold_start,http://coldstartventures.com,Cold Start,North America,United States,Lewes,,2019,Oct/2023,11,0,,,6696.8
3846371,accelerator,https://app.dealroom.co/investors/globalize_accelerator,http://globalize.org,Globalize Accelerator,North America,United States,San Francisco,,2016,,0,0,,,
3846370,accelerator,https://app.dealroom.co/investors/central_valley_business_incubator,http://cvbi.org,Central Valley Business Incubator,North America,United States,Fresno,,1996,,0,0,,,
3846367,accelerator,https://app.dealroom.co/investors/elev8_ventures,http://elev8ventures.com,Elev8 Ventures,North America,United States,Jacksonville,,2018,,0,0,,,
3846357,accelerator,https://app.dealroom.co/investors/jump_start_incubator,http://jumpstartberks.org,Jump Start Incubator,North America,United States,Reading,,2012,,0,0,,,
3846356,accelerator,https://app.dealroom.co/investors/tvc_accelerator,http://tvcutah.com,TVC Accelerator,North America,United States,Salt Lake City,,,,0,0,,,
3846352,accelerator,https://app.dealroom.co/investors/co_lab_5,http://colabpensacola.com,Co:Lab,North America,United States,Pensacola,,,,0,0,,,
3846350,accelerator,https://app.dealroom.co/investors/plenty_nyc,http://plentynyc.com,Plenty NYC,North America,United States,New York City,,2007,,0,0,,,
3846348,accelerator,https://app.dealroom.co/investors/ten_x_lab,http://tenxlab.io,TEN X Lab,North America,United States,,,2020,,0,0,,,
3846345,accelerator,https://app.dealroom.co/investors/the_new_bureau,http://newbureau.com,The New Bureau,North America,United States,New York City,,2016,,0,0,,,
3846339,accelerator,https://app.dealroom.co/investors/the_south_dakota_technology_business_center,http://sdtbc.com,The South Dakota Technology Business Center,North America,United States,Sioux Falls,,2002,,0,0,,,
3846337,accelerator,https://app.dealroom.co/investors/tribe_12,http://tribe12.org,Tribe 12,North America,United States,Philadelphia,,2010,,0,0,,,
3846325,accelerator,https://app.dealroom.co/investors/entrepreneurship_powered_innovation_center,http://epicentermemphis.org,Entrepreneurship-Powered Innovation Center,North America,United States,Memphis,,,,0,0,,,
3846322,accelerator,https://app.dealroom.co/investors/designtechnologies,http://designtechnologiesllc.com,DesignTechnologies,North America,United States,Branford,,,Jun/2020,2,0,,,
3846316,accelerator,https://app.dealroom.co/investors/maryland_business_innovation_association,http://mdinnovate.org,Maryland Business Innovation Association,North America,United States,Hagerstown,,2002,,0,0,,,
3846313,accelerator,https://app.dealroom.co/investors/social_innovation_lab_johns_hopkins_,http://socinnlab.org,Social Innovation Lab (Johns Hopkins),North America,United States,Baltimore,,2011,,0,0,,,
3846311,accelerator,https://app.dealroom.co/investors/spinout_space,https://slotdemo89.org,Spinout Space,North America,United States,Spokane Valley,,2020,,0,0,,,
3846307,accelerator,https://app.dealroom.co/investors/adastral_funds,http://adastral.org,AdAstral Funds,North America,United States,,,,,0,0,,,
3846304,accelerator,https://app.dealroom.co/investors/seed_center_business_incubator,https://allianceswla.org,Seed Center Business Incubator,North America,United States,Lake Charles,,2013,,0,0,,,
3846302,accelerator,https://app.dealroom.co/investors/silicon_valley_innovation_center_1,http://siliconvalley.center,Silicon Valley Innovation Center,North America,United States,San Mateo,,,Dec/2024,1,0,,,0.6
3846301,accelerator,https://app.dealroom.co/investors/hypermatter,http://hypermatter.co,Hypermatter,North America,United States,,,2019,,0,0,,,
3846297,accelerator,https://app.dealroom.co/investors/sling_health_1,http://slinghealth.org,Sling Health,North America,United States,St. Louis,,2013,Jan/2021,9,0,,0,470.8
3846290,accelerator,https://app.dealroom.co/investors/pennetworks,http://pennetworks.com,PenNetWorks,North America,United States,Hoboken,,2021,,0,0,,,
3846280,accelerator,https://app.dealroom.co/investors/russell_street_ventures,http://russellstreetventures.com,Russell Street Ventures,North America,United States,Nashville,,2018,,0,0,,,
3846277,accelerator,https://app.dealroom.co/investors/rally_the_social_enterprise_accelerator,https://www.rallysea.com/,Rally,North America,United States,Orlando,,2017,,0,0,,,
3846270,accelerator,https://app.dealroom.co/investors/localore,http://localore.net,Localore,North America,United States,,,2013,,0,0,,,
3846269,accelerator,https://app.dealroom.co/investors/kendall_ventures,http://kendallventure.com,Kendall Ventures,North America,United States,Cambridge,,2015,,0,0,,,
3846257,accelerator,https://app.dealroom.co/investors/city_garage_1,http://citygarage.vc,City Garage,North America,United States,Baltimore,,,,0,0,,,
3846256,accelerator,https://app.dealroom.co/investors/sugar_ventures_1,http://sugarventures.com,Sugar Ventures,North America,United States,Irvine,,,,0,0,,,
3846252,accelerator,https://app.dealroom.co/investors/downing_capital_group,http://downingcap.com,Downing Capital Group,North America,United States,Harwich,,2021,Jul/2025,1,0,,,17.2
3846250,accelerator,https://app.dealroom.co/investors/azure_ventures_group,http://azureventuresgroup.com,Azure Ventures Group,North America,United States,Los Angeles,,2020,Jan/2022,7,0,,0,23823
3846249,accelerator,https://app.dealroom.co/investors/the_werx,http://mckinneywerx.com,The Werx,North America,United States,McKinney,,2014,,0,0,,,
3846245,accelerator,https://app.dealroom.co/investors/fintechnext_ventures,http://fintechnextventures.com,FintechNext Ventures,North America,United States,San Francisco,,2017,,0,0,,,
3846218,accelerator,https://app.dealroom.co/investors/team_accelerator_program,http://team-technologies.com,TEAM Accelerator Program,North America,United States,Albuquerque,,,,0,0,,,
3846213,accelerator,https://app.dealroom.co/investors/coastal_bend_business,http://innovation4texas.com,Coastal Bend Business,North America,United States,Corpus Christi,,,,0,0,,,
3846212,accelerator,https://app.dealroom.co/investors/technology_exchange_lab,http://techxlab.org,Technology Exchange Lab,North America,United States,Cambridge,,2009,,0,0,,,
3846204,accelerator,https://app.dealroom.co/investors/emerging_food_brands,http://emergingfoodbrandsinc.com,Emerging Food Brands,North America,United States,Winchester,,,,0,0,,,
3846200,accelerator,https://app.dealroom.co/investors/nxt_biomedical,http://nxtbiomedical.com,NXT Biomedical,North America,United States,Irvine,,2019,,0,0,,,
3846194,accelerator,https://app.dealroom.co/investors/oakic,http://oakic.com,OAKIC,North America,United States,Oklahoma City,,,,0,0,,,
3846193,accelerator,https://app.dealroom.co/investors/a_groups,http://agroups.co,A Groups,North America,United States,Los Angeles,,2019,,0,0,,,
3846182,accelerator,https://app.dealroom.co/investors/shetransacts,http://shetransacts.com,SheTransacts,North America,United States,San Francisco,,2020,,0,0,,,
3846181,accelerator,https://app.dealroom.co/investors/optimista_capital_1,http://optimista.capital,Optimista Capital,North America,United States,Los Angeles,,,May/2018,11,0,,,232.49
3846180,accelerator,https://app.dealroom.co/investors/moolex_1,http://moolex.com,Moolex,North America,United States,New York City,,2009,,0,0,,,
3846177,accelerator,https://app.dealroom.co/investors/theclubhou_se,http://theclubhou.se,theClubhou.se,North America,United States,Augusta,,2012,,0,0,,,
3846175,accelerator,https://app.dealroom.co/investors/bespoke_beauty_brands,http://bespokebeautybrands.com,Bespoke Beauty Brands,North America,United States,Commerce,,2019,,0,0,,,
3846172,accelerator,https://app.dealroom.co/investors/qubic_labs,http://qubiclabs.com,QUBIC Labs,North America,United States,Quincy,,2019,Jul/2024,2,0,,,12.18
3846165,accelerator,https://app.dealroom.co/investors/the_founders_way,http://thefoundersway.com,The Founders Way,North America,United States,San Francisco,,,,0,0,,,
3846159,accelerator,https://app.dealroom.co/investors/moolex,http://moolex.com,Moolex,North America,United States,New York City,,2009,,0,0,,,
3846155,accelerator,https://app.dealroom.co/investors/temple_health_bioscience_district,https://thbd.org,Temple Health & Bioscience District,North America,United States,Temple,,,,0,0,,,
3846148,accelerator,https://app.dealroom.co/investors/ttwiin,http://ttwiin.com,TTWiiN,North America,United States,New York City,,,,0,0,,,
3846147,accelerator,https://app.dealroom.co/investors/taffie_net,http://taffie.net,TAFFIE.net,North America,United States,Clearwater,,,,0,0,,,
3846144,accelerator,https://app.dealroom.co/investors/beaufort,http://beaufortcro.com,Beaufort,North America,United States,Norfolk,,2004,,0,0,,,
3846142,accelerator,https://app.dealroom.co/investors/innovations_incubator,http://innovationsincubator.com,Innovations Incubator,North America,United States,Chandler,,2016,,0,0,,,
3846139,accelerator,https://app.dealroom.co/investors/exo_incubator,http://exoincubator.org,EXO Incubator,North America,United States,San Diego,,2015,,0,0,,,
3846136,accelerator,https://app.dealroom.co/investors/the_hungry_lab,http://thehungrylab.com,The Hungry Lab,North America,United States,Irvine,,2016,,0,0,,,
3846118,accelerator,https://app.dealroom.co/investors/yangler,http://yangler.me,Yangler,North America,United States,Santa Clara,,2016,,0,0,,,
3846117,accelerator,https://app.dealroom.co/investors/futures_1_1,http://futuresnyc.com,Futures,North America,United States,New York City,,2017,,0,0,,,
3846115,accelerator,https://app.dealroom.co/investors/hatch_avl_foundation,https://hatchinnovationhub.org,Hatch AVL Foundation,North America,United States,Asheville,,,,0,0,,,
3846105,accelerator,https://app.dealroom.co/investors/eii_microincubator,https://eshelmaninnovation.org,EII MicroIncubator,North America,United States,Chapel Hill,,,,0,0,,,
3846101,accelerator,https://app.dealroom.co/investors/urban_league_of_broward_county,http://ulbroward.org,Urban League of Broward County,North America,United States,Fort Lauderdale,,1975,,0,0,,,
3846099,accelerator,https://app.dealroom.co/investors/d1asp0ra,http://d1asp0ra.com,D1ASP0RA,North America,United States,Madison,,2016,,0,0,,,
3846097,accelerator,https://app.dealroom.co/investors/center_for_translation_of_rehabilitation_engineering_advances_and_technology,https://plataformaperfidia.com,Center for Translation of Rehabilitation Engineering Advances and Technology,North America,United States,Lebanon,,,,0,0,,,
3846096,accelerator,https://app.dealroom.co/investors/regard_venture_solutions,http://regard-solutions.com,REGARD Venture Solutions,North America,United States,Los Angeles,,1994,,0,0,,,
3846095,accelerator,https://app.dealroom.co/investors/chamber_of_business_and_industry_of_centre_county,http://cbicc.org,Chamber of Business and Industry of Centre County,North America,United States,State College,,,,0,0,,,
3846094,accelerator,https://app.dealroom.co/investors/fairmount_innovation_lab_1_1,http://fil594.org,Fairmount Innovation Lab,North America,United States,Boston,,,,0,0,,,
3846093,accelerator,https://app.dealroom.co/investors/helpgrowct,http://helpgrowct.org,HelpGrowCT,North America,United States,Bridgeport,,2015,,0,0,,,
3846088,accelerator,https://app.dealroom.co/investors/agora_startup_house,http://agorastartuphouse.org,Agora Startup House,North America,United States,Berkeley,,2012,,0,0,,,
3846085,accelerator,https://app.dealroom.co/investors/kyoventures,https://kyoceralabs.com,KyoVentures,North America,United States,Concord,,,,0,0,,,
3846083,accelerator,https://app.dealroom.co/investors/paradigm_incubator_,http://shift-paradigm.com,Paradigm (Incubator),North America,United States,Washington DC,,,,0,0,,,
3846081,accelerator,https://app.dealroom.co/investors/due_north_innovations,http://sketchtolaunch.com,Due North Innovations,North America,United States,Portland,,,,0,0,,,
3846076,accelerator,https://app.dealroom.co/investors/incubating_business_opportunities,http://ibosventures.com,Incubating Business Opportunities,North America,United States,Los Angeles,,2013,,0,0,,,
3846073,accelerator,https://app.dealroom.co/investors/south_point_1,http://so-point.com,South Point,North America,United States,Chicago,,2014,,0,0,,,
3846070,accelerator,https://app.dealroom.co/investors/future_boston_alliance_1,http://futureboston.com,Future Boston Alliance,North America,United States,Boston,,,,0,0,,,
3846065,accelerator,https://app.dealroom.co/investors/play4tomorrow,http://play4tomorrow.com,Play4Tomorrow,North America,United States,Redwood City,,,,0,0,,,
3846063,accelerator,https://app.dealroom.co/investors/future_boston_alliance,http://futureboston.com,Future Boston Alliance,North America,United States,Boston,,2011,,0,0,,,
3846062,accelerator,https://app.dealroom.co/investors/itri_international,http://itri.com,ITRI International,North America,United States,San Jose,,2006,,0,0,,,
3846052,accelerator,https://app.dealroom.co/investors/southern_tier_startup_alliance,http://ststartup.com,Southern Tier Startup Alliance,North America,United States,Ithaca,,,,0,0,,,
3846051,accelerator,https://app.dealroom.co/investors/business_innovation_center,http://bicpc.com,Business Innovation Center,North America,United States,Panama City,,,,0,0,,,
3846050,accelerator,https://app.dealroom.co/investors/the_us_russia_foundation,http://usrf.us,The US Russia Foundation,North America,United States,Washington DC,,,,0,0,,,
3846046,accelerator,https://app.dealroom.co/investors/cortx_1,http://cortx.biz,CORTX,North America,United States,State College,,2016,,0,0,,,
3846041,accelerator,https://app.dealroom.co/investors/winston_starts,http://winstonstarts.com,Winston Starts,North America,United States,Winston-Salem,,2017,Mar/2023,1,0,,,
3846034,accelerator,https://app.dealroom.co/investors/hysta_svc,http://hystasvc.com,Hysta SVC,North America,United States,Santa Clara,,,,0,0,,,
3846033,accelerator,https://app.dealroom.co/investors/start_mmt,http://theconsortiummmt.org,Start MMT,North America,United States,Memphis,,,,0,0,,,
3846031,accelerator,https://app.dealroom.co/investors/logos_venture_partners,http://logosvp.com,Logos Venture Partners,North America,United States,Dallas,,2002,,0,0,,,
3846030,accelerator,https://app.dealroom.co/investors/launch_pad_venture_advisors,http://launch-pad.co,Launch Pad Venture Advisors,North America,United States,Boston,,,,0,0,,,
3846026,accelerator,https://app.dealroom.co/investors/bento_accelerator,http://bentoaccelerator.com,Bento Accelerator,North America,United States,San Francisco,,,,0,0,,,
3846023,accelerator,https://app.dealroom.co/investors/the_thomas_r_beecher_jr_innovation_center,http://innovationcenterbuffalo.org,"The Thomas R. Beecher, Jr. Innovation Center",North America,United States,Buffalo,,,,0,0,,,
3846002,accelerator,https://app.dealroom.co/investors/smartwe_1,http://smartweglobal.com,SmartWe,North America,United States,Palo Alto,,2010,,0,0,,,
3846001,accelerator,https://app.dealroom.co/investors/inovo_venture_studio,http://inovoventures.com,Inovo Venture Studio,North America,United States,New York City,,2015,,0,0,,,
3845999,accelerator,https://app.dealroom.co/investors/ballstonbid_launchpad_2,http://ballstonva.org,BallstonBID LaunchPad,North America,United States,Arlington,,,,0,0,,,
3845998,accelerator,https://app.dealroom.co/investors/ballstonbid_launchpad_1,http://ballstonva.org,BallstonBID LaunchPad,North America,United States,Arlington,,,,0,0,,,
3845997,accelerator,https://app.dealroom.co/investors/ballstonbid_launchpad,http://ballstonva.org,BallstonBID LaunchPad,North America,United States,Arlington,,2011,,0,0,,,
3845995,accelerator,https://app.dealroom.co/investors/fairmount_innovation_lab_1,http://fil594.org,Fairmount Innovation Lab,North America,United States,Boston,,,,0,0,,,
3845992,accelerator,https://app.dealroom.co/investors/fairmount_innovation_lab,http://fil594.org,Fairmount Innovation Lab,North America,United States,Boston,,2015,,0,0,,,
3845990,accelerator,https://app.dealroom.co/investors/ecosystems_of_innovation,https://esilabwa.com,Ecosystems of Innovation,North America,United States,,,,,0,0,,,
3845987,accelerator,https://app.dealroom.co/investors/dinny_stranahan_business_incubator,http://dsbusinessincubator.com,Dinny Stranahan Business Incubator,North America,United States,Missoula,,,,0,0,,,
3845985,accelerator,https://app.dealroom.co/investors/canvas_marriott_2,http://canvas-startup.com,Canvas (Marriott),North America,United States,Baltimore,,,,0,0,,,
3845984,accelerator,https://app.dealroom.co/investors/canvas_marriott_1,http://canvas-startup.com,Canvas (Marriott),North America,United States,Baltimore,,,,0,0,,,
3845983,accelerator,https://app.dealroom.co/investors/canvas_marriott_,http://canvas-startup.com,Canvas (Marriott),North America,United States,Baltimore,,,,0,0,,,
3845960,accelerator,https://app.dealroom.co/investors/high_desert_discovery_district,http://hddd.org,High Desert Discovery District,North America,United States,Santa Fe,,,,0,0,,,
3845917,accelerator,https://app.dealroom.co/investors/joinnparks,http://joinnparks.com,Joinnparks,North America,United States,Richmond,,,,0,0,,,
3845912,accelerator,https://app.dealroom.co/investors/mighty_tieton,http://mightytieton.com,Mighty Tieton,North America,United States,Tieton,,,,0,0,,,
3845898,accelerator,https://app.dealroom.co/investors/european_american_enterprise_council,http://eaecouncil.com,European American Enterprise Council,North America,United States,San Francisco,,,,0,0,,,
3845892,accelerator,https://app.dealroom.co/investors/upstart_incubator_,http://upstartcentermaine.com,UpStart (Incubator),North America,United States,Orono,,,,0,0,,,
3845886,accelerator,https://app.dealroom.co/investors/wny_incubator_network,http://wnyincubators.com,WNY Incubator Network,North America,United States,Buffalo,,,,0,0,,,
3845845,accelerator,https://app.dealroom.co/investors/paris_inn_group,https://groupecentaurus.com,Paris Inn Group,North America,United States,Metairie,,2005,,0,0,,,
3845839,accelerator,https://app.dealroom.co/investors/entrepreneurship_lab_nyc_1,http://elab.nyc,Entrepreneurship Lab NYC,North America,United States,New York City,,,,0,0,,,
3845833,accelerator,https://app.dealroom.co/investors/jefferson_parish_economic_development_commission,http://jedco.org,Jefferson Parish Economic Development Commission,North America,United States,Avondale,,,,0,0,,,
3845826,accelerator,https://app.dealroom.co/investors/west_piedmont_business_development_center,http://wpbdc.org,West Piedmont Business Development Center,North America,United States,Martinsville,,,,0,0,,,
3845824,accelerator,https://app.dealroom.co/investors/csu_i_corps,http://csuperb.org,CSU I-Corps,North America,United States,San Diego,,,,0,0,,,
3845814,accelerator,https://app.dealroom.co/investors/innogate,http://innogate.org,Innogate,North America,United States,San Francisco,,2014,,0,0,,,
3845813,accelerator,https://app.dealroom.co/investors/foodie_tout,http://foodietout.com,Foodie Tout,North America,United States,Auburn,,,,0,0,,,
3845794,accelerator,https://app.dealroom.co/investors/sric,http://sric.org,SRIC,North America,United States,Albuquerque,,,,0,0,,,
3845793,accelerator,https://app.dealroom.co/investors/ecenter_lindenpointe,http://ecenterlindenpointe.com,eCenter@LindenPointe,North America,United States,Hermitage,,2012,,0,0,,,
3845780,accelerator,https://app.dealroom.co/investors/internet_cowboy_ventures,http://internetcowboy.com,Internet Cowboy Ventures,North America,United States,Seattle,,,,0,0,,,
3845771,accelerator,https://app.dealroom.co/investors/the_vault_1,http://thevault.co,The Vault,North America,United States,San Francisco,,2014,,0,0,,,
3845770,accelerator,https://app.dealroom.co/investors/nh_tech_alliance,http://nhtechalliance.org,Nh Tech Alliance,North America,United States,Manchester,,,,0,0,,,
3845764,accelerator,https://app.dealroom.co/investors/center_for_digital_health_innovation,https://greenhealthwatch.com,Center for Digital Health Innovation,North America,United States,San Francisco,,2013,,0,0,,,
3837744,accelerator,https://app.dealroom.co/investors/desafia,http://desafia.gob.es,Desafia,Europe,Spain,Madrid,,2011,,90,0,201.1,0,456.76
3805224,accelerator,https://app.dealroom.co/investors/scalenl,https://scalenl.com/,ScaleNL,North America,United States,San Francisco,,2021,Jun/2023,42,0,,0,719.52
3793655,accelerator,https://app.dealroom.co/investors/blue_institute_labs,https://blueinnovationlabs.com,BLUE Institute Labs,North America,United States,New Bedford,,2017,,0,0,,,
3776203,accelerator,https://app.dealroom.co/investors/rise_resilience_innovations,http://riseresilience.org,RISE Resilience Innovations,North America,United States,Norfolk,,,Mar/2023,5,0,,,34
3769353,accelerator,https://app.dealroom.co/investors/climate_collective_1,https://climatecollective.org/,Climate Collective,North America,United States,New York City,non-profit;sustainable development goals;climate tech;climate fintech,2021,Nov/2022,4,0,,0,50.41
3752666,accelerator,https://app.dealroom.co/investors/belay_associates,https://belayglobal.io,Belay Associates,North America,United States,Newport Beach,,2020,,0,0,,,
3752664,accelerator,https://app.dealroom.co/investors/belay_international_corporation,https://belayassociates.com,Belay International Corporation,North America,United States,Newport Beach,,2020,,0,0,,,
3734623,accelerator,https://app.dealroom.co/investors/beyond_the_game_network,http://thebtgnetwork.com,Beyond The Game Network,North America,United States,Atlanta,,2018,Jan/2023,18,0,,0,207.2
3609215,accelerator,https://app.dealroom.co/investors/venture_lane,http://theventurelane.com,Venture Lane,North America,United States,Boston,,2018,Nov/2024,8,0,,,19.2
3562857,accelerator,https://app.dealroom.co/investors/bright_ventures_,https://www.brightventures.io/,Bright Ventures,North America,United States,New York City,,,Oct/2024,3,0,,,28.5
3474952,accelerator,https://app.dealroom.co/investors/climbspot,http://climbspot.io,Climbspot,North America,United States,,,2021,Feb/2024,1,0,,,0.92
3463194,accelerator,https://app.dealroom.co/investors/odx_flexport,,ODX Flexport,North America,United States,,,2021,,0,0,,,
3440050,accelerator,https://app.dealroom.co/investors/northwestern_mutual_black_founder_accelerator,https://gener8torblackfounderaccelerator.com/,Northwestern Mutual Black Founder Accelerator,North America,United States,Madison,,2012,Oct/2023,10,0,,0,13.3
3435273,accelerator,https://app.dealroom.co/investors/cewas_middle_east,http://cewasmiddleeast.org,Cewas middle east,North America,United States,Pittsfield,,2016,May/2022,1,0,,,
3406630,accelerator,https://app.dealroom.co/investors/brahma_group,https://www.brahmagroup.com,Brahma Group,North America,United States,Cambridge,,,,0,0,,,
3383223,accelerator,https://app.dealroom.co/investors/c2v_initiative,http://c2vinitiative.com,C2V initiative,North America,United States,Boston,,,Jun/2023,8,0,,,227
3375902,accelerator,https://app.dealroom.co/investors/baj_accelerator,http://bajaccelerator.com,BAJ Accelerator,North America,United States,New York City,,2020,May/2022,99,0,,0,267.15
3359900,accelerator,https://app.dealroom.co/investors/long_beach_accelerator,http://lbaccelerator.org,Long Beach Accelerator,North America,United States,Long Beach,,2019,Jul/2022,24,0,,,101.95
3359612,accelerator,https://app.dealroom.co/investors/inclusive_fintech_50,http://inclusivefintech50.com,Inclusive Fintech 50,North America,United States,Cambridge,,2018,,199,0,203.01,0,7701.56
3340597,accelerator,https://app.dealroom.co/investors/fuelarts,http://fuelarts.com,Fuelarts,North America,United States,New York City,,2017,Feb/2023,10,0,,,5.7
3301802,accelerator,https://app.dealroom.co/investors/kidsx,http://kidsx.health,KidsX,North America,United States,Los Angeles,,2020,Apr/2023,60,0,,0,1910.83
3301300,accelerator,https://app.dealroom.co/investors/launch_blue,http://launchblue.org,Launch Blue,North America,United States,Lexington,,2020,Oct/2020,1,0,,,8
3281541,accelerator,https://app.dealroom.co/investors/asian_hustle_network,https://ahnmedia.com,Asian Hustle Network,North America,United States,San Francisco,,2019,Jul/2022,1,0,,,222
3224073,accelerator,https://app.dealroom.co/investors/spine_dot,https://spine.com,SPINE DOT,North America,United States,San Francisco,,1998,,0,0,,,
3221014,accelerator,https://app.dealroom.co/investors/transformative_tech,http://transformativetech.org,Transformative Tech,North America,United States,Santa Clara,,2014,,0,0,,,
3219498,accelerator,https://app.dealroom.co/investors/moken_1,https://brotherspizzawoburn.com,Moken,North America,United States,San Francisco,,2020,,0,0,,,
3211497,accelerator,https://app.dealroom.co/investors/the_shrimp_society,http://theshrimpsociety.com,The Shrimp Society,North America,United States,Miami,,2020,,0,0,,,
3189737,accelerator,https://app.dealroom.co/investors/imagine_cup,https://imaginecup.microsoft.com/en-us,Imagine Cup,North America,United States,Redmond,,,May/2024,8,0,,,
3161661,accelerator,https://app.dealroom.co/investors/endeavor_atlanta,https://endeavoratlanta.org,Endeavor Atlanta,North America,United States,Decatur,,2017,,0,0,,,
3161656,accelerator,https://app.dealroom.co/investors/start_me_atlanta,https://startmeatl.org,Start:ME Atlanta,North America,United States,Atlanta,,2013,,0,0,,,
3159274,accelerator,https://app.dealroom.co/investors/platform_venture_studio,https://platformvc.ai,Platform Studio,North America,United States,San Francisco,,2020,Feb/2024,8,0,,,21.04
3156887,accelerator,https://app.dealroom.co/investors/burnout_game_ventures,http://burngameven.com,Burnout Game Ventures,North America,United States,Winter Park,,2014,,0,0,,,
3150178,accelerator,https://app.dealroom.co/investors/bulgaria_innovation_hub,https://www.bghub.io/,Bulgaria Innovation Hub,North America,United States,San Francisco,,2019,,40,0,1.78,0,778.36
3123587,accelerator,https://app.dealroom.co/investors/orbit_health_1,http://orbithealth.co,Orbit Health,Africa,Ethiopia,,,2014,,0,0,,,
3116987,accelerator,https://app.dealroom.co/investors/aurelia_ventures,http://aureliaventures.com,Aurelia Ventures,North America,United States,San Francisco,dt and ls,2019,Feb/2024,104,0,15,0,743.24
3107367,accelerator,https://app.dealroom.co/investors/one_valley,https://www.theonevalley.com,OneValley,North America,United States,San Mateo,,2010,Jun/2024,7,0,,0,90
3107358,accelerator,https://app.dealroom.co/investors/alphalab_health,https://alphalabhealth.org/,AlphaLab Health,North America,United States,Pittsburgh,,2020,Dec/2023,25,0,,,114.4
3101108,accelerator,https://app.dealroom.co/investors/757_accelerate,http://757accelerate.org,757 Accelerate,North America,United States,Virginia Beach,,2017,Feb/2025,7,0,,,31.88
3096656,accelerator,https://app.dealroom.co/investors/nike_accelerator,http://nikeaccelerator.com,Nike Accelerator,North America,United States,Beaverton,,,Mar/2013,2,0,,,
3090921,accelerator,https://app.dealroom.co/investors/techrise_chicago,http://techrise.co,TechRise Chicago,North America,United States,Chicago,,2021,Dec/2023,93,0,,0,62.2
3088521,accelerator,https://app.dealroom.co/investors/seneca_nation_center_for_business_growth,http://salamancachamber.org,Seneca Nation Center for Business Growth,North America,United States,Salamanca,,,,0,0,,,
3086514,accelerator,https://app.dealroom.co/investors/studio_x_1_1,https://thinkonward.com/,Onward,North America,United States,Austin,,2020,,0,0,,,
3084868,accelerator,https://app.dealroom.co/investors/phx_startup_week,http://phxstartupweek.com,PHX Startup Week,North America,United States,Phoenix,,2015,,0,0,,,
3083597,accelerator,https://app.dealroom.co/investors/ladies_who_launch_1_1,http://ladieswholaunch.org,Ladies Who Launch,North America,United States,San Francisco,,2013,Jun/2023,19,0,,0,
3082394,accelerator,https://app.dealroom.co/investors/stacks_accelerator,https://stacks.ac,Stacks Accelerator,North America,United States,San Francisco,,,Nov/2022,24,0,,,217.31
3079088,accelerator,https://app.dealroom.co/investors/hyperspace_challenge,http://hyperspacechallenge.com,Hyperspace Challenge,North America,United States,Albuquerque,,2018,,1,0,,,31.02
3076594,accelerator,https://app.dealroom.co/investors/tachyon_3,http://tachyon.xyz,Tachyon,North America,United States,New York City,,2017,Apr/2024,49,0,,0,516.4
3075163,accelerator,https://app.dealroom.co/investors/scale_aerospace_ventures,http://scaleaero.la,SCALE Aerospace Ventures,North America,United States,Los Angeles,,,,13,0,,,123.82
3073853,accelerator,https://app.dealroom.co/investors/the_roddenberry_foundation,https://roddenberryfoundation.org/,The Roddenberry Foundation,North America,United States,Los Angeles,,2010,Jun/2024,4,0,,,100
3073591,accelerator,https://app.dealroom.co/investors/tech_check_cooperative,https://reporterslab.org/tech-and-check/,Tech & Check Cooperative,North America,United States,Durham,,,,2,0,,,
3072263,accelerator,https://app.dealroom.co/investors/beta_camp,https://www.beta.camp/,BETA Camp,North America,United States,San Francisco,,2020,Jul/2022,1,0,,,
3062018,accelerator,https://app.dealroom.co/investors/create_venture_studio,https://www.createventurestudio.com/,Create venture studio,North America,United States,New York City,,2019,,0,0,,,
3061848,accelerator,https://app.dealroom.co/investors/numo_1_1,http://numo.com,Numo,North America,United States,Pittsburgh,,2016,Jan/2020,4,0,,0,
3060869,accelerator,https://app.dealroom.co/investors/grant_for_the_web,https://www.grantfortheweb.org/,Grant for the web,North America,United States,San Francisco,,2019,Aug/2021,3,0,,,0.44
3060161,accelerator,https://app.dealroom.co/investors/mit_inclusive_innovation_challenge,https://somsoccer.co,MIT Inclusive Innovation Challenge,North America,United States,Cambridge,,,Nov/2019,1,0,,,160
3059307,accelerator,https://app.dealroom.co/investors/the_food_foundry_1,http://thefoodfoundry.com,The Food Foundry,North America,United States,Chicago,,2018,May/2021,30,0,,0,179.72
3055248,accelerator,https://app.dealroom.co/investors/mit_sandbox,http://sandbox.mit.edu,MIT Sandbox,North America,United States,Cambridge,,2016,Nov/2024,8,0,,,26.58
3053237,accelerator,https://app.dealroom.co/investors/falls_fintech,http://fallsfintech.com,Falls Fintech,North America,United States,Sioux Falls,,2019,Jun/2022,16,0,,0,120.9
3051997,accelerator,https://app.dealroom.co/investors/kidneyx_redesign_dialysis,http://kidneyx.org,KidneyX: Redesign Dialysis,North America,United States,Washington DC,,2017,Jun/2023,2,0,,,0.5
3050856,accelerator,https://app.dealroom.co/investors/awesome_4,http://awesomeinc.org,Awesome,North America,United States,Lexington,,2009,Jun/2015,2,0,,0,
3048520,accelerator,https://app.dealroom.co/investors/founders_first_cdc,http://foundersfirstcdc.org,Founders First CDC,North America,United States,San Diego,,2016,Nov/2023,3,0,,,
3048448,accelerator,https://app.dealroom.co/investors/red_labs,http://redlabs.uh.edu,RED Labs,North America,United States,Houston,,2012,Nov/2021,1,0,,,0.53
3047389,accelerator,https://app.dealroom.co/investors/pharmstars,http://pharmstars.com,PharmStars,North America,United States,Boston,,2021,Jan/2025,54,0,,0,809.07
3046963,accelerator,https://app.dealroom.co/investors/penn_health_tech,http://healthtech.upenn.edu,Penn Health-Tech,North America,United States,Philadelphia,,2017,,6,0,,,
3040262,accelerator,https://app.dealroom.co/investors/open_innovability,http://openinnovability.enel.com,Open Innovability,North America,United States,Andover,,,,0,0,,,
3039543,accelerator,https://app.dealroom.co/investors/wework_labs,http://weworklabs.com,WeWork Labs,North America,United States,Town of Huntington,,2011,,0,0,,,
3028263,accelerator,https://app.dealroom.co/investors/cela_innovation,http://celainnovation.com,Cela Innovation,North America,United States,New York City,,2016,,0,0,,,
3022003,accelerator,https://app.dealroom.co/investors/wgu_labs,http://wgulabs.org,WGU Labs,North America,United States,South Salt Lake,,2018,Oct/2024,9,0,,0,66.8
3019636,accelerator,https://app.dealroom.co/investors/red_planet_ventures,https://redplanetventures.co/,Red Planet Ventures,North America,United States,New York City,,2017,,2,0,,,2
3016853,accelerator,https://app.dealroom.co/investors/emerge_accelerator,https://www.emergeaccelerator.com/,Emerge Accelerator,Europe,France,Paris,,,Mar/2022,17,0,,0,675.83
3011873,accelerator,https://app.dealroom.co/investors/backed_by_atl,https://metroatlantachamber.com/about-the-chamber/initiatives/,Backed By ATL,North America,United States,Atlanta,,2019,May/2021,15,0,,0,7991.36
3007238,accelerator,https://app.dealroom.co/investors/happy_valley_launchbox,http://launchbox.psu.edu,Happy Valley LaunchBox,North America,United States,State College,,,,0,0,,,
3007146,accelerator,https://app.dealroom.co/investors/epicenter_accelerator_,http://epicenterus.org,EPIcenter (Accelerator),North America,United States,San Antonio,,2015,,0,0,,,
3006871,accelerator,https://app.dealroom.co/investors/venture_hive_1,http://venturehive.com,Venture Hive,North America,United States,Coral Gables,,2013,Nov/2018,7,0,,0,0.32
3004204,accelerator,https://app.dealroom.co/investors/agora_partnerships_,https://agora2030.org/,Agora Partnerships.,North America,United States,Washington DC,,2005,,0,0,,,
3002430,accelerator,https://app.dealroom.co/investors/google_assistant_investment_program,https://GoogleAssistant.com,Google Assistant Investment Program,North America,United States,Mountain View,,,Jul/2022,3,0,,,1580
2991942,accelerator,https://app.dealroom.co/investors/100k_ventures,http://100kventures.org,100K Ventures,North America,United States,Flint,,2018,,0,0,,,
2988211,accelerator,https://app.dealroom.co/investors/bucks_county_industrial_development_authority,http://buckscountyida.com,Bucks County Industrial Development Authority,North America,United States,Doylestown Township,,1968,Aug/2024,6,0,,,7
2987788,accelerator,https://app.dealroom.co/investors/acc_bioscience_incubator,https://sites.austincc.edu/incubator/,ACC Bioscience Incubator,North America,United States,Austin,,2017,,0,0,,,
2984759,accelerator,https://app.dealroom.co/investors/accelicity,http://accelicity.com,AcceliCITY,North America,United States,Boston,,2010,Jul/2023,246,0,21,0,1835.03
2983470,accelerator,https://app.dealroom.co/investors/astralabs,http://astralabs.com,Astralabs,North America,United States,Austin,,2016,Jan/2023,25,0,,0,26.34
2982827,accelerator,https://app.dealroom.co/investors/washington_maritime_blue,http://maritimeblue.org,Washington Maritime Blue,North America,United States,Seattle,outside tech,2018,Oct/2022,41,0,,,114.86
2967957,accelerator,https://app.dealroom.co/investors/aws_clean_energy_accelerator,https://freshwateradvisors.com/accelerator-aws,AWS Clean Energy Accelerator,North America,United States,Chicago,,2013,,0,0,,,
2949800,accelerator,https://app.dealroom.co/investors/exponential_impact,http://exponentialimpact.com,Exponential Impact,North America,United States,Colorado Springs,,2017,Mar/2023,29,0,,,247.6
2947673,accelerator,https://app.dealroom.co/investors/spring_activator,http://spring.is,Spring Activator,North America,Canada,Vancouver,b corp,2014,Dec/2023,29,0,2.93,0,93.42
2941260,accelerator,https://app.dealroom.co/investors/glabs_x,http://stealthmode.com,GLabs X,North America,United States,Santa Clarita,,,,0,0,,,
2939825,accelerator,https://app.dealroom.co/investors/union_kitchen_1,http://unionkitchendc.com,Union Kitchen,North America,United States,Washington DC,,2012,,0,0,,,
2939111,accelerator,https://app.dealroom.co/investors/grid110,http://grid110.org,GRID110,North America,United States,Los Angeles,,2014,May/2023,1,0,,,0.4
2936843,accelerator,https://app.dealroom.co/investors/fulcrum_venture_accelerator,https://fulcrumventures.io/,Fulcrum Venture Accelerator,North America,United States,Boulder,,2019,Feb/2024,100,0,,,103.85
2927899,accelerator,https://app.dealroom.co/investors/spainfoodtech,https://spainfoodtech.es,Spain Foodtech,Europe,Spain,Madrid,,2015,,6,0,,,32.34
2907524,accelerator,https://app.dealroom.co/investors/get_funded_tools,https://www.getfundedtools.com/,Get Funded Tools,North America,United States,Bellflower,,2019,,0,0,,,
2873366,accelerator,https://app.dealroom.co/investors/startupnv,https://startupnv.org/,StartupNV,North America,United States,Reno,,2016,Oct/2024,5,0,,0,509.65
2872687,accelerator,https://app.dealroom.co/investors/livecapital_com,http://www.livecapital.com/,LiveCapital.com,North America,United States,San Mateo,,1996,Apr/2021,1,0,,,12
2872477,accelerator,https://app.dealroom.co/investors/tydex,https://www.tydex.net/,TYDEX,North America,United States,New York City,,2019,,0,0,,,
2747394,accelerator,https://app.dealroom.co/investors/union_kitchen,http://unionkitchen.com,Union Kitchen,North America,United States,Washington DC,,2012,Jan/2024,44,0,,,9.16
2732489,accelerator,https://app.dealroom.co/investors/army_applications_laboratory,https://aal.mil,Army Applications Laboratory,North America,United States,Austin,,2018,Aug/2022,1,0,,,
2696863,accelerator,https://app.dealroom.co/investors/russellcenter,http://russellcenter.com,Russellcenter,North America,United States,Beverly,,1980,,0,0,,,
2580939,accelerator,https://app.dealroom.co/investors/troy_labs,https://usctroylabs.com,Troy Labs,North America,United States,Los Angeles,investing in startups;higher education;community learning,2017,,0,0,,,
2537292,accelerator,https://app.dealroom.co/investors/aha_to_exit,http://ahatoexit.com,Aha To Exit,North America,United States,Chandler,,2013,,0,0,,,
2518479,accelerator,https://app.dealroom.co/investors/hartford_insurtech_hub_,https://revue-glad.org,"Hartford InsurTech Hub,",North America,United States,Hartford,,2017,Nov/2022,2,0,,,22.28
2473311,accelerator,https://app.dealroom.co/investors/startup_haven,http://startuphaven.com,Startup Haven,North America,United States,Seattle,,2006,Jan/2024,2,0,,,20
2468196,accelerator,https://app.dealroom.co/investors/gamegroove_capital,https://gamegroove.vc,Gamegroove Capital,North America,United States,Los Angeles,,,Aug/2022,3,0,,,230
2444635,accelerator,https://app.dealroom.co/investors/pitchbreakfast,http://pitchbreakfast.com,PitchBreakfast,North America,United States,Charlotte,,2013,Nov/2022,1,0,,,
2436200,accelerator,https://app.dealroom.co/investors/unboxed_venture_studio,http://unboxed.ventures,Unboxed Venture Studio,North America,United States,Raleigh,,2020,,0,0,,,
2426831,accelerator,https://app.dealroom.co/investors/lean_rocket_lab,http://leanrocketlab.org,Lean Rocket Lab,North America,United States,Jackson,,2019,Mar/2023,2,0,,,4.88
2426021,accelerator,https://app.dealroom.co/investors/black_unicorn_factory,http://blackunicornfactory.com,Black Unicorn Factory,North America,United States,Los Angeles,,2012,Mar/2024,1,0,,,100
2414774,accelerator,https://app.dealroom.co/investors/settlement_capital,http://settle4cash.com,Settlement Capital,North America,United States,Colleyville,,1988,May/2021,1,0,,,0.26
2379220,accelerator,https://app.dealroom.co/investors/lihti,http://lihti.net,Lihti,North America,United States,Town of Brookhaven,outside tech,1992,Dec/2022,34,0,,0,148.81
2352731,accelerator,https://app.dealroom.co/investors/dcstartupweek,https://dcstw.com,Dcstartupweek,North America,United States,Washington DC,outside tech,2016,Oct/2023,12,0,,,
2154765,accelerator,https://app.dealroom.co/investors/nesst,http://nesst.org,Nesst,North America,United States,El Cerrito,,1997,,0,0,,,
2116804,accelerator,https://app.dealroom.co/investors/starterstudio,http://starterstudio.org,StarterStudio,North America,United States,Orlando,,2013,,5,0,,,
2116207,accelerator,https://app.dealroom.co/investors/centrepolis_accelerator,http://centrepolisaccelerator.com,Centrepolis Accelerator,North America,United States,Southfield,,2018,Mar/2023,2,0,,,4.88
2116178,accelerator,https://app.dealroom.co/investors/fuel_accelerator,http://fuelaccelerator.com,Fuel Accelerator,North America,United States,Bentonville,,2018,Aug/2024,44,0,,0,89.9
2116037,accelerator,https://app.dealroom.co/investors/free_electrons,http://freetheelectron.com,Free Electrons,North America,United States,San Francisco,,2016,Jun/2018,2,0,,,4.8
2115939,accelerator,https://app.dealroom.co/investors/asu_scaleu,https://asurealmspark.org/scaleu/,ASU ScaleU,North America,United States,Tempe,,2016,Jan/2020,5,0,,0,1.8
2115554,accelerator,https://app.dealroom.co/investors/muckerlab,http://muckerlab.com,MuckerLab,North America,United States,Santa Monica,,2011,,0,0,,,
2106514,accelerator,https://app.dealroom.co/investors/trephub,http://trephub.com,TrepHub,North America,United States,Melbourne,,2012,,13,0,,,41.07
2095372,accelerator,https://app.dealroom.co/investors/startup_caucus,http://startupcaucus.com,Startup Caucus,North America,United States,Washington DC,,,,0,0,,,
2083213,accelerator,https://app.dealroom.co/investors/upward_labs_1,https://www.upward-labs.com/,Upward Labs,North America,United States,New York City,,2016,Apr/2023,19,0,59.6,0,245.44
2076016,accelerator,https://app.dealroom.co/investors/lofty_ventures,http://loftyventures.com,Lofty Ventures,North America,United States,Chicago,,2014,Nov/2023,56,0,,0,663.38
2073583,accelerator,https://app.dealroom.co/investors/logicboost_labs,http://logicboostlabs.com,LogicBoost Labs,North America,United States,San Diego,,2019,Jun/2024,8,0,,,30.4
2062216,accelerator,https://app.dealroom.co/investors/gsd_venture_studios,http://gsdvs.com,GSD Venture Studios,North America,United States,West Palm Beach,,2019,Jan/2024,41,0,,,60.61
2057955,accelerator,https://app.dealroom.co/investors/hustle_phx,http://hustlephx.com,Hustle PHX,North America,United States,Phoenix,,2012,,0,0,,,
2051122,accelerator,https://app.dealroom.co/investors/desafia_san_francisco,http://desafia.us,Desafia,Europe,Spain,Madrid,,,Nov/2019,3,0,,,4.72
2047275,accelerator,https://app.dealroom.co/investors/edge_edtech,http://edgeedtech.com,EDGE Edtech,North America,United States,New York City,,2016,,0,0,,,
2038919,accelerator,https://app.dealroom.co/investors/bounce_innovation_hub,http://bouncehub.org,Bounce Innovation Hub,North America,United States,Akron,,2018,Sep/2021,6,0,,,30
2037894,accelerator,https://app.dealroom.co/investors/halcyon,http://halcyonhouse.org,Halcyon,North America,United States,Washington DC,sustainable development goals,2014,Feb/2024,11,0,,,49
2037663,accelerator,https://app.dealroom.co/investors/orchid_bioventures,http://hibiscusbio.com,Hibiscus BioVentures,North America,United States,Rockville,,2020,Jul/2023,3,0,,,254
2034804,accelerator,https://app.dealroom.co/investors/beam_1_5,http://beam.pro,Beam,North America,United States,Seattle,,2014,,0,0,,,
2029834,accelerator,https://app.dealroom.co/investors/ad_astra_ventures,http://adastra.ventures,Ad Astra Ventures,North America,United States,Solana Beach,,2018,Jul/2023,19,0,,,126.48
2028215,accelerator,https://app.dealroom.co/investors/2gether_international,http://2gether-international.org,2Gether-International,North America,United States,Washington DC,,2013,Oct/2021,13,0,,,39
2027833,accelerator,https://app.dealroom.co/investors/100_accelerator,http://100accelerator.com,100+ Accelerator,North America,United States,Town of Babylon,,2018,Mar/2024,115,0,52.04,0,1784.2
2027320,accelerator,https://app.dealroom.co/investors/seaahead_s_blue_angels,https://sea-ahead.com,SeaAhead,North America,United States,Boston,,2018,Apr/2025,51,0,,0,538.3
2023007,accelerator,https://app.dealroom.co/investors/california_life_sciences,http://califesciences.org,California Life Sciences,North America,United States,South San Francisco,biotech and pharma;biotechnology,2015,Jun/2019,128,0,112,0,2952.14
2008219,accelerator,https://app.dealroom.co/investors/rokk3r,http://rokk3r.com,Rokk3r,North America,United States,Miami,product development;user experience,2012,Feb/2021,18,0,,,103.3
2007693,accelerator,https://app.dealroom.co/investors/texas_a_amp_m_new_ventures_competition,http://texasnvc.org,Texas A&M New Ventures Competition,North America,United States,College Station,,,May/2022,30,0,,0,93
2007620,accelerator,https://app.dealroom.co/investors/capital_sports_ventures,http://dcbikeride.com,Capital Sports Ventures,North America,United States,Arlington,,2013,,0,0,,,
2002633,accelerator,https://app.dealroom.co/investors/eunike_ventures,https://www.eunikeventures.com,Eunike Ventures,North America,United States,Houston,,2017,,0,0,,,
2001810,accelerator,https://app.dealroom.co/investors/lafayette_plug_and_play,https://halo303.wiki,Lafayette Plug and Play,Europe,France,Paris,,2006,Jun/2021,19,0,648,0,4356.06
1989285,accelerator,https://app.dealroom.co/investors/vertuelab,https://www.vertuelab.org/,VertueLab,North America,United States,Portland,sustainable development goals,2007,Nov/2024,9,0,,0,123.17
1965221,accelerator,https://app.dealroom.co/investors/gtwy,http://gtwy.co,Gtwy,North America,United States,Oakland,cannabis,2015,May/2017,7,0,,,
1952429,accelerator,https://app.dealroom.co/investors/abct,http://abct.co,Abct,North America,United States,Branford,,,Jan/2022,2,0,,,
1926509,accelerator,https://app.dealroom.co/investors/xgenesis,https://xgenesis.com,X Genesis,North America,United States,Denver,,2015,,8,0,,,
1873502,accelerator,https://app.dealroom.co/investors/workbox_company,https://www.workboxcompany.com/,Workbox,North America,United States,Chicago,,2019,,0,0,,,
1857393,accelerator,https://app.dealroom.co/investors/creatella,https://creatella.ventures,Creatella,Asia,Singapore,Singapore,,2015,,0,0,,,
1845997,accelerator,https://app.dealroom.co/investors/on_deck,https://joinodf.com,On Deck,North America,United States,San Francisco,community learning;lifelong and consumer learning;career planning,2019,Jul/2024,66,0,,0,612.62
1839977,accelerator,https://app.dealroom.co/investors/ucluster_llc,http://ucluster.org,Ucluster LLC,North America,United States,Seattle,,2008,,0,0,,,
1821350,accelerator,https://app.dealroom.co/investors/maidthorn,https://maidthorn.com,Maidthorn,Europe,United Kingdom,London,,2008,,0,0,,,
1795888,accelerator,https://app.dealroom.co/investors/xoogler_co,http://xoogler.co/,Xoogler.co,North America,United States,San Francisco,,2015,Mar/2024,15,0,,0,279.74
1779139,accelerator,https://app.dealroom.co/investors/entrepreneur_lab,https://www.ciee.org/go-abroad/for-post-graduates/entrepreneur-lab,Entrepreneur Lab,North America,United States,Portland,,1947,,0,0,,,
1777109,accelerator,https://app.dealroom.co/investors/seeds_of_change,http://www.socaccelerator.com/,Seeds of Change,Oceania,Australia,,,,Sep/2019,6,0,,,10
1767559,accelerator,https://app.dealroom.co/investors/pioneer_app,https://pioneer.app/,Pioneer,North America,United States,San Francisco,,2018,Jun/2023,6,0,,,6.08
1761377,accelerator,https://app.dealroom.co/investors/solar_power_investor,https://www.solarpowerinvestor.com,Solar Power Investor,North America,United States,Santa Clara,,2016,,0,0,,,
1758047,accelerator,https://app.dealroom.co/investors/quantum_thought,https://somalireview.com,Quantum thought,North America,United States,Menlo Park,,2018,,0,0,,,
1739313,accelerator,https://app.dealroom.co/investors/founder_friendly_labs,https://www.joinffl.com/,Founder Friendly Labs,North America,United States,Palo Alto,,2011,Sep/2020,7,0,,0,359.2
1737389,accelerator,https://app.dealroom.co/investors/impact_usa,https://saas-lander.com,SaaS Lander,North America,United States,San Francisco,outside tech,2014,Jan/2022,4,0,,0,88
1733769,accelerator,https://app.dealroom.co/investors/hubx_1,http://hubx.biz,HubX,North America,United States,North Little Rock,,,,0,0,,,
1691670,accelerator,https://app.dealroom.co/investors/r3i_ventures,https://www.r3i.vc/,R3I Ventures Sàrl,Asia,Singapore,,,2024,May/2024,7,0,,,220.28
1690294,accelerator,https://app.dealroom.co/investors/innovate_518,http://innovate518.com,Innovate 518,North America,United States,Albany,,,,0,0,,,
1648159,accelerator,https://app.dealroom.co/investors/endeavor_miami,http://endeavormiami.org,Endeavor Miami,North America,United States,Miami,,2013,Dec/2024,38,0,,0,93.08
1642301,accelerator,https://app.dealroom.co/investors/nextcorps,http://nextcorps.org,Nextcorps,North America,United States,Rochester,,1987,Feb/2025,148,0,243,0,21460.06
1616941,accelerator,https://app.dealroom.co/investors/arkleybrinc,https://arkleybrinc.pl/,Arkley Launchpad,Europe,Poland,Warsaw,,,Jul/2019,24,0,,0,54.85
1602387,accelerator,https://app.dealroom.co/investors/bayer_colaborator,https://www.colaborator.bayer.com/,Bayer Co.Lab,Europe,Germany,Berlin,,2023,,29,0,,,
1599463,accelerator,https://app.dealroom.co/investors/store_no_8,https://www.storeno8.com/,Store No. 8,North America,United States,Hoboken,,2017,Jun/2019,4,0,,,
1520039,accelerator,https://app.dealroom.co/investors/thebridgebycocacola_com,http://thebridgebycocacola.com,The Bridge,Asia,Israel,Tel Aviv-Yafo,,2014,,60,0,296.23,0,3682.25
1477114,accelerator,https://app.dealroom.co/investors/coplex_ventures,http://www.coplexventures.com,Coplex Ventures,North America,United States,Phoenix,,2000,,0,0,,,
1464998,accelerator,https://app.dealroom.co/investors/idealab_1,http://idealab.com,Idealab,North America,United States,Pasadena,,1996,Aug/2024,129,0,4591.2,0,2910.19
1454089,accelerator,https://app.dealroom.co/investors/foundersboost,http://foundersboost.com,FoundersBoost,North America,United States,Los Angeles,revenue management;lead generation,2017,,0,0,,,
1453615,accelerator,https://app.dealroom.co/investors/mox_mobileonlyx_,https://mobileonlyx.com,MOX,North America,United States,Princeton,,2016,Jun/2022,27,0,,0,81.62
1444190,accelerator,https://app.dealroom.co/investors/braitman_company,http://braitman.co,Braitman & Company,North America,United States,San Francisco,,2003,Aug/2016,3,0,,0,400
1435077,accelerator,https://app.dealroom.co/investors/the_workers_lab,http://theworkerslab.com,The Workers Lab,North America,United States,Oakland,,2014,Nov/2021,12,0,,,0.72
1430792,accelerator,https://app.dealroom.co/investors/rackspace_startup,http://rackspacestartups.com,Rackspace Startup,North America,United States,San Antonio,,1998,,0,0,,,
1421448,accelerator,https://app.dealroom.co/investors/urban_x,http://urban-x.com,URBAN-X,North America,United States,New York City,,2016,Mar/2024,58,0,5,0,1069.68
1409499,accelerator,https://app.dealroom.co/investors/venturefuel,http://venturefuel.net,VentureFuel,North America,United States,New York City,,2014,,0,0,,,
1394109,accelerator,https://app.dealroom.co/investors/parcel_b,http://parcelb.vc,Parcel B,North America,United States,San Francisco,,,Apr/2024,3,0,,,2214
1392795,accelerator,https://app.dealroom.co/investors/onetraction,http://onetraction.com,OneTraction,North America,United States,San Francisco,bitcoin,2013,Mar/2014,1,0,,,0.1
1392630,accelerator,https://app.dealroom.co/investors/proto_accelerator,https://www.protoaccelerator.com/,Proto Accelerator,North America,United States,Lansing,,2015,,7,0,,,2
1388104,accelerator,https://app.dealroom.co/investors/higher_ground_labs,http://highergroundlabs.com,Higher Ground Labs,North America,United States,Chicago,,2017,Jan/2024,57,0,,0,199.98
1386807,accelerator,https://app.dealroom.co/investors/igniteu_ny,http://igniteuny.com,IgniteU NY,North America,United States,City of Troy,,2015,,0,0,,,
1376468,accelerator,https://app.dealroom.co/investors/venture_atlanta,http://ventureatlanta.org,Venture Atlanta,North America,United States,Atlanta,,2006,Oct/2024,4,0,,0,10.8
1375133,accelerator,https://app.dealroom.co/investors/nordic_innovation_house,http://nordicinnovationhouse.com,Nordic Innovation House,North America,United States,Palo Alto,,2011,,0,0,,,
1374988,accelerator,https://app.dealroom.co/investors/tech_ranch_austin,http://techranchaustin.com,Tech Ranch Austin,North America,United States,Austin,,2008,,0,0,,,
1371123,accelerator,https://app.dealroom.co/investors/advanced_technology_development_center,http://atdc.org,ATDC,North America,United States,Atlanta,,1980,Aug/2021,95,0,400.4,0,5069.76
1370561,accelerator,https://app.dealroom.co/investors/copernicus_eu,http://copernicus.eu,Copernicus EU,North America,United States,Vincennes,,2012,May/2019,69,0,,0,390.11
1369991,accelerator,https://app.dealroom.co/investors/angelhack,http://angelhack.com,AngelHack,North America,United States,San Francisco,,2011,Apr/2016,2,0,,,
1366577,accelerator,https://app.dealroom.co/investors/nycrin,https://newyorkicorps.org,NYCRIN,North America,United States,New York City,arts & culture,,,0,0,,,
1363034,accelerator,https://app.dealroom.co/investors/nextfab,http://nextfab.com,NextFab,North America,United States,Philadelphia,crowdfunding,2009,Jun/2024,41,0,,0,431.32
1358310,accelerator,https://app.dealroom.co/investors/nasdaq_entrepreneurial_center,http://thecenter.nasdaq.org,NASDAQ Entrepreneurial Center,North America,United States,San Francisco,,2014,Mar/2025,1,0,,,
1358192,accelerator,https://app.dealroom.co/investors/mtec_smartzone,http://mtecsz.com,MTEC SmartZone,North America,United States,Houghton,,2002,,0,0,,,
1351722,accelerator,https://app.dealroom.co/investors/tekstart,http://tekstart.com,TekStart,North America,United States,Palo Alto,intellectual property,2008,,0,0,,,
1351055,accelerator,https://app.dealroom.co/investors/tb_innovation_center,http://tbinnovates.com,TB Innovation Center,North America,United States,Largo,accounting;aviation and aerospace,2010,Aug/2023,15,0,,,4.68
1342181,accelerator,https://app.dealroom.co/investors/foundational,http://foundational.nyc,Foundational,North America,United States,New York City,,2016,Mar/2023,2,0,,,60
1338844,accelerator,https://app.dealroom.co/investors/redhouse_associates,http://redhouseassociates.com,RedHouse Associates,North America,United States,Houston,,2011,Feb/2012,10,0,2000,0,88
1337580,accelerator,https://app.dealroom.co/investors/wercbench_labs,http://wercbench.com,WERCBench Labs,North America,United States,Milwaukee,testing,2009,Feb/2016,6,0,,,
1335098,accelerator,https://app.dealroom.co/investors/numa_new_york,http://newyork.numa.co,NUMA New York,North America,United States,New York City,b corp,2017,Oct/2018,1,0,,,1.32
1329300,accelerator,https://app.dealroom.co/investors/thincubator,http://thincubator.co,ThINCubator,North America,United States,Utica,,2014,,0,0,,,
1328946,accelerator,https://app.dealroom.co/investors/missouri_innovation_center,http://missouriinnovation.com,Missouri Innovation Center,North America,United States,Columbia,,1984,Apr/2018,16,0,,,187.8
1324078,accelerator,https://app.dealroom.co/investors/prepare_4_vc,http://prepare4vc.com,Prepare 4 VC,North America,United States,Boston,,2016,Jul/2023,17,0,,0,1
1322443,accelerator,https://app.dealroom.co/investors/young_entrepreneurs_initiative,http://yeifrance.com,Young Entrepreneurs Initiative(YEi),North America,United States,Cambridge,,2005,,0,0,,,
1319818,accelerator,https://app.dealroom.co/investors/hacker_unit,http://hackerunit.com,Hacker Unit,North America,United States,San Francisco,,2015,Aug/2022,54,0,,0,152.12
1318513,accelerator,https://app.dealroom.co/investors/ny_best,http://ny-best.org,NY-BEST,North America,United States,Albany,,2010,Dec/2020,1,0,,,84
1318387,accelerator,https://app.dealroom.co/investors/smashd_labs,http://smashdlabs.co,SMASHD Labs,North America,United States,Culver City,,2015,,0,0,,,
1316396,accelerator,https://app.dealroom.co/investors/keller_center,http://kellercenter.princeton.edu,Keller Center,North America,United States,Princeton,,2005,,74,0,,0,109.9
1313330,accelerator,https://app.dealroom.co/investors/accelerate_long_island,http://accelerateli.org,Accelerate Long Island,North America,United States,Town of Huntington,,2011,Aug/2022,10,0,,,202.4
1313200,accelerator,https://app.dealroom.co/investors/future_labs,http://futurelabs.nyc,Future Labs,North America,United States,New York City,,2009,Nov/2022,240,0,493,0,4231.4
1311727,accelerator,https://app.dealroom.co/investors/ic_3401,http://ic3401.org,Ic@3401,North America,United States,Philadelphia,,,Mar/2019,20,0,,0,66.1
1309631,accelerator,https://app.dealroom.co/investors/grownyc,http://grownyc.org,GrowNYC,North America,United States,New York City,,1970,,0,0,,,
1307532,accelerator,https://app.dealroom.co/investors/advanced_energy_incubator,https://www.aertc.org/about/incubator.php,Advanced Energy Incubator,North America,United States,Town of Brookhaven,,2006,,6,0,,,
1304300,accelerator,https://app.dealroom.co/investors/oakland_inner_city_advisors,http://icafundgoodjobs.org,Oakland Inner City Advisors,North America,United States,Oakland,,2012,Dec/2018,4,0,,,95.68
1295856,accelerator,https://app.dealroom.co/investors/edson_student_entrepreneur_initiative,http://entrepreneurship.asu.edu,J. Orin Edson Entrepreneurship + Innovation Institute,North America,United States,Scottsdale,,,Mar/2017,369,0,,,138.02
1294471,accelerator,https://app.dealroom.co/investors/lobo_labs,http://creativestartups.org,Lobo Labs,North America,United States,Albuquerque,,2007,Jun/2020,3,0,,,1.44
1292686,accelerator,https://app.dealroom.co/investors/305elab,http://305elab.com/,305ELab,North America,United States,Miami,,2017,,0,0,,,
1291412,accelerator,https://app.dealroom.co/investors/foodbytes_by_rabobank,http://foodbytesworld.com,FoodBytes! by Rabobank,North America,United States,New York City,game development,2015,,0,0,,,
1281020,accelerator,https://app.dealroom.co/investors/startl,http://startl.org,Startl,North America,United States,New York City,entertainment,2008,Mar/2011,1,0,,,28.4
1277734,accelerator,https://app.dealroom.co/investors/new_mobility_world,http://newmobilityworld.us,New Mobility World,North America,United States,Chicago,,2016,Oct/2017,1,0,,0,
1277680,accelerator,https://app.dealroom.co/investors/metropolitan_economic_development_association_meda_,http://meda.net,Metropolitan Economic Development Association(MEDA),North America,United States,Minneapolis,,1971,Jan/2021,5,0,,0,8
1277343,accelerator,https://app.dealroom.co/investors/penn_center_for_innovation,http://pci.upenn.edu,Penn Center for Innovation,North America,United States,Philadelphia,,2014,,48,0,,0,949.4
1273934,accelerator,https://app.dealroom.co/investors/built_oregon,http://builtoregon.com,Built Oregon,North America,United States,Portland,,2014,Jun/2023,30,0,,,14.41
1270830,accelerator,https://app.dealroom.co/investors/reset_social_enterprise_trust_,http://resetco.org,reSET (Social Enterprise Trust),North America,United States,,,2004,Feb/2020,1,0,,,2
1268780,accelerator,https://app.dealroom.co/investors/firedup,http://brianbrandow.com,FiredUP,North America,United States,Columbia,game development;wealth management,,Apr/2015,2,0,,,5.2
1263749,accelerator,https://app.dealroom.co/investors/edge_nyc,http://edtechweek.com,EDge-NYC,North America,United States,New York City,,2015,Mar/2017,2,0,,,11.33
1262770,accelerator,https://app.dealroom.co/investors/the_clean_energy_business_incubator_program,http://cebip.org,The Clean Energy Business Incubator Program,North America,United States,Town of Brookhaven,,,Sep/2022,17,0,,,322
1257852,accelerator,https://app.dealroom.co/investors/venturescaleup,http://venturescaleup.com,VentureScaleUp,North America,United States,Orlando,,2015,,36,0,,0,65.72
1255687,accelerator,https://app.dealroom.co/investors/uc_berkeley_riselab,http://rise.cs.berkeley.edu,UC Berkeley RISELab,North America,United States,Berkeley,,,,0,0,,,
1254360,accelerator,https://app.dealroom.co/investors/social_enterprise_greenhouse,https://segri.org,Social Enterprise Greenhouse,North America,United States,Providence,,2009,Feb/2020,1,0,,,
1248451,accelerator,https://app.dealroom.co/investors/barclays_accelerator_powered_by_techstars,http://barclaysaccelerator.com/#/tel-aviv/,Barclays Accelerator powered by Techstars,Asia,Israel,Tel Aviv-Yafo,,,Jan/2020,12,0,,,375.34
1248450,accelerator,https://app.dealroom.co/investors/altalab,https://altalab.ai/,AltaLab,North America,United States,San Francisco,,2015,,0,0,,,
1248291,accelerator,https://app.dealroom.co/investors/bioeconomy_management,http://bioeconomymanagement.com,Bioeconomy Management,North America,United States,New York City,,,,0,0,,,
1248267,accelerator,https://app.dealroom.co/investors/elevate_blue,http://elevate.blue,Elevate Blue,North America,United States,Incline Village-Crystal Bay,,2015,,4,0,,,1
1248118,accelerator,https://app.dealroom.co/investors/aquarium_ventures,http://aquariumventures.com,Aquarium Ventures,North America,United States,New Haven,,,,0,0,,,
1247996,accelerator,https://app.dealroom.co/investors/innovation_incubator_holding,http://innovationincubator.com,Innovation Incubator Holding,North America,United States,New York City,,2015,,0,0,,,
1247980,accelerator,https://app.dealroom.co/investors/ark_challenge,http://arkchallenge.org,Ark Challenge,North America,United States,Fayetteville,,2011,Aug/2014,23,0,,,2.05
1247968,accelerator,https://app.dealroom.co/investors/accelerator_cc,http://acceleratorcc.com,Accelerator CC,North America,United States,Bethlehem,,2008,,0,0,,,
1247739,accelerator,https://app.dealroom.co/investors/jefferson_lab,http://jlab.org,Jefferson Lab,North America,United States,Newport News,,1984,,0,0,,,
1247733,accelerator,https://app.dealroom.co/investors/flywheel_social_enterprise_hub,http://flywheelcincinnati.org,Flywheel: Social Enterprise Hub,North America,United States,Cincinnati,,2011,Mar/2023,1,0,,,
1247566,accelerator,https://app.dealroom.co/investors/chehalemvia,http://chehalemvia.com,ChehalemVIA,North America,United States,Newberg,,,,0,0,,,
1247403,accelerator,https://app.dealroom.co/investors/podiumvc_1,http://podium.vc,PodiumVC,North America,United States,San Francisco,,,,0,0,,,
1247129,accelerator,https://app.dealroom.co/investors/fork_food_lab,http://forkfoodlab.com,Fork Food Lab,North America,United States,Portland,,2015,,0,0,,,
1246875,accelerator,https://app.dealroom.co/investors/beespace,https://wadatsumibh.com,BeeSpace,North America,United States,New York City,,2013,,0,0,,,
1246858,accelerator,https://app.dealroom.co/investors/rearden,http://rearden.com,Rearden,North America,United States,San Francisco,,2000,Dec/2021,1,0,,,15.84
1246753,accelerator,https://app.dealroom.co/investors/startup_aggieland,http://startupaggieland.com,Startup Aggieland,North America,United States,College Station,,1999,,0,0,,,
1246631,accelerator,https://app.dealroom.co/investors/steelbridge_laboratories,http://steelbridgelabs.com,SteelBridge Laboratories,North America,United States,Pittsburgh,,2016,Dec/2021,10,0,,,253.44
1246499,accelerator,https://app.dealroom.co/investors/alpha_echelon_group,http://alphaechelon.group,Alpha Echelon Group,North America,United States,Berkeley,,2017,,0,0,,,
1246159,accelerator,https://app.dealroom.co/investors/adreamz_institute,http://adreamzinstitute.net,Adreamz Institute,North America,United States,Conshohocken,,2009,,0,0,,,
1246147,accelerator,https://app.dealroom.co/investors/hacker_fund,http://hacker.fund,Hacker Fund,North America,United States,Santa Monica,,2014,,0,0,,,
1246093,accelerator,https://app.dealroom.co/investors/la_dodgers_accelerator_with_r_ga,http://dodgersaccelerator.com,LA Dodgers Accelerator with R/GA,North America,United States,Los Angeles,,2015,Aug/2018,13,0,415,0,202.84
1246056,accelerator,https://app.dealroom.co/investors/launchpeer_accelerator,http://launchpeer.com,Launchpeer Accelerator,North America,United States,Charleston,,2014,May/2022,27,0,,,
1245992,accelerator,https://app.dealroom.co/investors/localport_marketing_accelerator,http://localport.us,LocalPort Marketing Accelerator,North America,United States,,,2017,,0,0,,,
1245961,accelerator,https://app.dealroom.co/investors/lair_east_labs,http://laireastlabs.com,Lair East Labs,North America,United States,New York City,,2017,Jun/2023,46,0,,0,147.1
1245917,accelerator,https://app.dealroom.co/investors/studio_1,https://studiolabs.com,Studio,North America,United States,Hoboken,,2003,,0,0,,,
1245909,accelerator,https://app.dealroom.co/investors/worcester_cleantech_incubator,http://wcti.org,Worcester CleanTech Incubator,North America,United States,Worcester,charity;sustainable development goals,2016,,0,0,,,
1245853,accelerator,https://app.dealroom.co/investors/sportingfund,http://sporting.fund,SportingFund,North America,United States,Lexington,,2016,,0,0,,,
1245826,accelerator,https://app.dealroom.co/investors/berkeley_ventures,http://berkeleyventures.com,Berkeley Ventures,North America,United States,Berkeley,,2009,Oct/2023,4,0,,0,56
1245815,accelerator,https://app.dealroom.co/investors/r_ga_connected_commerce_accelerator,,R/GA Connected Commerce Accelerator,North America,United States,San Francisco,,2016,,10,0,37.12,0,727.4
1245800,accelerator,https://app.dealroom.co/investors/downtown_windsor_business_accelerator,http://downtownaccelerator.com,Downtown Windsor Business Accelerator,North America,United States,Ontario,,2011,,0,0,,,
1245622,accelerator,https://app.dealroom.co/investors/upekkha_accelerator,http://upekkha.in,Upekkha Accelerator,North America,United States,Dover,,2017,Oct/2022,1,0,,,0.4
1245563,accelerator,https://app.dealroom.co/investors/openacc,http://openacc.org,OpenACC,North America,United States,Eugene,,2011,,0,0,,,
1245459,accelerator,https://app.dealroom.co/investors/fabric_media,https://fabric.media,Fabric Media,North America,United States,Los Angeles,,2007,Aug/2018,1,0,,0,
1245453,accelerator,https://app.dealroom.co/investors/houston_art_alliance_accelerator_grant,http://houstonartsalliance.com,Houston Art Alliance Accelerator Grant,North America,United States,Houston,,2006,,0,0,,,
1245440,accelerator,https://app.dealroom.co/investors/incuvation_labs,http://incuvationlabs.com,Incuvation Labs,North America,United States,Artesia,,2013,,0,0,,,
1245229,accelerator,https://app.dealroom.co/investors/outco,http://outco.io,Outco,North America,United States,San Francisco,,2015,,0,0,,,
1245146,accelerator,https://app.dealroom.co/investors/rsv_venture_partners,http://rsvcapital.com,RSV Venture Partners,North America,United States,New York City,,,Dec/2019,2,0,,0,0.08
1245112,accelerator,https://app.dealroom.co/investors/think_beyond_plastic_accelerator,https://tbpinnovate.com,Think Beyond Plastic Accelerator,North America,United States,Menlo Park,,2012,,0,0,,,
1245027,accelerator,https://app.dealroom.co/investors/acceleratebaltimore,http://acceleratebaltimore.r2ismash.com,AccelerateBaltimore,North America,United States,Baltimore,,,Mar/2018,1,0,,,0.1
1244785,accelerator,https://app.dealroom.co/investors/barson_corporation,https://barson.group,Barson Corporation,North America,United States,Oyster Bay,,1974,,0,0,,,
1244512,accelerator,https://app.dealroom.co/investors/blockchain_trust_accelerator,http://trustaccelerator.org,Blockchain Trust Accelerator,North America,United States,,,2016,,0,0,,,
1244379,accelerator,https://app.dealroom.co/investors/appmakery,http://appmakery.com,Appmakery,North America,United States,San Diego,,2011,,0,0,,,
1244347,accelerator,https://app.dealroom.co/investors/melcher_system,http://melchersystem.com,Melcher System,North America,United States,New York City,,2008,,0,0,,,
1244332,accelerator,https://app.dealroom.co/investors/tharas_systems,http://tharas.com,Tharas Systems,North America,United States,Santa Clara,,1998,,0,0,,,
1244309,accelerator,https://app.dealroom.co/investors/hivelab_co,http://hivelab.co,Hivelab.co,North America,United States,San Francisco,,,,0,0,,,
1244076,accelerator,https://app.dealroom.co/investors/concepter,http://concepter.co,Concepter,North America,United States,San Francisco,,2013,,0,0,,,
1244068,accelerator,https://app.dealroom.co/investors/design_accelerator,http://daccel.com,Design Accelerator,North America,United States,Santa Clara,,2012,,0,0,,,
1243995,accelerator,https://app.dealroom.co/investors/primo_medical_group,http://primomedicalgroup.com,Primo Medical Group,North America,United States,Stoughton,,,Aug/2022,2,0,,,16
1243969,accelerator,https://app.dealroom.co/investors/cyberlaunch,https://cyberlaunch.vc/,CyberLaunch,North America,United States,Atlanta,,2015,Aug/2016,2,0,,,
1243957,accelerator,https://app.dealroom.co/investors/tacklebox_accelerator,http://tackleboxaccelerator.com,Tacklebox Accelerator,North America,United States,New York City,,2015,,0,0,,,
1243685,accelerator,https://app.dealroom.co/investors/greenstone_growth_partners,http://greenstonegrowth.com,Greenstone Growth Partners,North America,United States,Bozeman,,2008,,0,0,,,
1243620,accelerator,https://app.dealroom.co/investors/incuseed_ventures,http://incuseed.ventures,IncuSeed.Ventures,North America,United States,Charlotte,,2014,,0,0,,,
1243566,accelerator,https://app.dealroom.co/investors/tailfin_ventures,http://tailfinventures.com,Tailfin Ventures,North America,United States,New York City,,2012,,0,0,,,
1243451,accelerator,https://app.dealroom.co/investors/global_entrepreneurship_program,http://program.gcase.org,Global Entrepreneurship Program,North America,United States,Laguna Beach,,1996,,0,0,,,
1243254,accelerator,https://app.dealroom.co/investors/agency_of_trillions_aot_,http://aot.co,Agency of Trillions (AoT),North America,United States,New York City,,2013,Jun/2015,1,0,,,75
1242980,accelerator,https://app.dealroom.co/investors/midas_accelerator,http://svace.org,Midas Accelerator,North America,United States,Palo Alto,,2014,,0,0,,,
1242970,accelerator,https://app.dealroom.co/investors/forsight_vision5,http://forsightvision5.com,ForSight VISION5,North America,United States,Menlo Park,,2010,,0,0,,,
1242809,accelerator,https://app.dealroom.co/investors/cofund360,http://cofund360.com,CoFund360,North America,United States,Philadelphia,,2015,,0,0,,,
1242754,accelerator,https://app.dealroom.co/investors/cloudtower,http://cloudtower.com,CloudTower,North America,United States,,,2018,,0,0,,,
1242504,accelerator,https://app.dealroom.co/investors/factory45,http://factory45.co,Factory45,North America,United States,Boston,,,,0,0,,,
1242502,accelerator,https://app.dealroom.co/investors/accele_venture_partners,http://accelebio.com,Accele Venture Partners,North America,United States,Oklahoma City,,2011,Feb/2016,11,0,55,0,159.2
1242358,accelerator,https://app.dealroom.co/investors/traction_labs_1,https://tractionstudio.ai,Traction Labs,North America,United States,Los Angeles,,2013,,0,0,,,
1242193,accelerator,https://app.dealroom.co/investors/samuel_goldstein_cpa,http://sgcpas.com,"Samuel Goldstein &, CPA",North America,United States,Town of North Hempstead,,1950,,0,0,,,
1242107,accelerator,https://app.dealroom.co/investors/aella_capital_partners,http://aellacapital.com,Aella Capital Partners,North America,United States,Ashburn,,2014,,0,0,,,
1242091,accelerator,https://app.dealroom.co/investors/kiiln,http://kiiln.org,KiiLN,North America,United States,New York City,,,,0,0,,,
1241987,accelerator,https://app.dealroom.co/investors/iac_publishing_labs,http://iacpublishinglabs.com,IAC Publishing Labs,North America,United States,Oakland,,2016,,0,0,,,
1241855,accelerator,https://app.dealroom.co/investors/united_innovation_services,http://uisus.com,United Innovation Services,North America,United States,Redwood City,,2013,,0,0,,,
1241690,accelerator,https://app.dealroom.co/investors/kidbacker,http://kidbacker.com,KidBacker,North America,United States,San Francisco,,,,0,0,,,
1241502,accelerator,https://app.dealroom.co/investors/area15,http://areafifteen.com,Area15,North America,United States,Charlotte,,,,0,0,,,
1241327,accelerator,https://app.dealroom.co/investors/gbic,http://gbic.io,GBIC,North America,United States,New York City,,2017,Apr/2024,34,0,150,0,588.76
1241172,accelerator,https://app.dealroom.co/investors/goodie_nation,https://goodienation.org/intentionally-good/,Goodie Nation,North America,United States,Atlanta,,2016,,0,0,,,
1241114,accelerator,https://app.dealroom.co/investors/co_lab_1,http://playcolab.com,Co.lab,North America,United States,San Francisco,,2013,Jun/2017,27,0,852.88,0,76.68
1241034,accelerator,https://app.dealroom.co/investors/fashiontech_constortium,http://fashiontechco.com,FashionTech Constortium,North America,United States,New York City,,2017,,0,0,,,
1240990,accelerator,https://app.dealroom.co/investors/almaworks,http://alma.works,Almaworks,North America,United States,New York City,,2014,Feb/2020,41,0,,0,182
1240931,accelerator,https://app.dealroom.co/investors/mess_hall,http://messhalldc.com,Mess Hall,North America,United States,,,2014,,0,0,,,
1240888,accelerator,https://app.dealroom.co/investors/the_research_valley_innovation_center,https://withposco2024.com,The Research Valley Innovation Center,North America,United States,College Station,,2007,,0,0,,,
1240646,accelerator,https://app.dealroom.co/investors/highline_therapeutics,http://highlinetherapeutics.com,Highline Therapeutics,North America,United States,New York City,,,,0,0,,,
1240592,accelerator,https://app.dealroom.co/investors/jefferson_education_accelerator,https://hanabellagroup.com,Jefferson Education Accelerator,North America,United States,Washington DC,testing,2015,Feb/2017,3,0,,0,23.2
1240540,accelerator,https://app.dealroom.co/investors/xlr8hi,http://xlr8hi.com,XLR8HI,North America,United States,Honolulu,,2012,,0,0,,,
1240532,accelerator,https://app.dealroom.co/investors/wayward_wild,http://waywardwild.com,Wayward Wild,North America,United States,New York City,,2016,Apr/2017,1,0,28,0,
1240450,accelerator,https://app.dealroom.co/investors/devlabs,http://devlabs.vc,Devlabs,North America,United States,Oakland,,2013,Apr/2025,15,0,4,0,75.44
1240388,accelerator,https://app.dealroom.co/investors/cardinal_ventures,http://cardinalventures.org,Cardinal Ventures,North America,United States,,,2015,Jan/2023,2,0,,,310
1240347,accelerator,https://app.dealroom.co/investors/the_annex,http://annexrva.com,The Annex,North America,United States,,,,,0,0,,,
1240331,accelerator,https://app.dealroom.co/investors/the_global_good_fund,http://globalgoodfund.org,The Global Good Fund,North America,United States,Columbia,,2012,Aug/2020,3,0,,0,1238
1240258,accelerator,https://app.dealroom.co/investors/new_orleans_bioinnovation_center,http://neworleansbio.com,New Orleans BioInnovation Center,North America,United States,New Orleans,,2002,,0,0,,,
1240245,accelerator,https://app.dealroom.co/investors/bigbamboo,https://bigbambooglobalholdings.com,BigBamboo,North America,United States,,,,,0,0,,,
1240183,accelerator,https://app.dealroom.co/investors/mila_venture_group,http://milaventuregroup.com,Mila Venture Group,North America,United States,Cerritos,,2012,,0,0,,,
1240133,accelerator,https://app.dealroom.co/investors/farheap_solutions,http://farheap.com,FarHeap Solutions,North America,United States,Irvine,,1997,,0,0,,,
1240106,accelerator,https://app.dealroom.co/investors/ignite_northwest,http://ignitenorthwest.com,Ignite Northwest,North America,United States,Spokane,,2014,Oct/2021,1,0,,,
1239976,accelerator,https://app.dealroom.co/investors/international_spirits_beverage_group,http://iswholdings.com,International Spirits & Beverage Group,North America,United States,Houston,,2001,,0,0,,,
1239961,accelerator,https://app.dealroom.co/investors/casting_group,http://castling.com,Casting Group,North America,United States,Santa Monica,,2002,,0,0,,,
1239927,accelerator,https://app.dealroom.co/investors/cleantech_open,http://cleantechopen.org,Cleantech Open,North America,United States,Palo Alto,,2006,May/2023,25,0,,0,445.05
1239615,accelerator,https://app.dealroom.co/investors/labs8,http://labs8.com,Labs8,North America,United States,Kirkland,,2012,Mar/2014,1,0,,0,
1239581,accelerator,https://app.dealroom.co/investors/mana_up,http://manauphawaii.com,Mana Up,North America,United States,Honolulu,,2017,Jun/2024,68,0,,,35
1239408,accelerator,https://app.dealroom.co/investors/inc_ubator_capital,http://incubatorcapitalcorp.com,Inc.ubator Capital,North America,United States,Beverly Hills,,,,0,0,,,
1239184,accelerator,https://app.dealroom.co/investors/potomak_ventures,http://potomakventure.com,Potomak Ventures,North America,United States,,,,,0,0,,,
1239074,accelerator,https://app.dealroom.co/investors/incuvest_1,http://incuvest.com,IncuVest,North America,United States,New York City,,1999,Jun/2019,7,0,,0,542.8
1239047,accelerator,https://app.dealroom.co/investors/kre8now_makerspace,http://kre8now.com,Kre8now Makerspace,North America,United States,Lexington,,2013,,0,0,,,
1238963,accelerator,https://app.dealroom.co/investors/blockchain_technologies_corp,https://lakeouachitavistatrail.com,Blockchain Technologies Corp,North America,United States,New York City,,2013,,0,0,,,
1238943,accelerator,https://app.dealroom.co/investors/latincubate,http://latincubate.com,Latincubate,North America,United States,New York City,,,,0,0,,,
1238940,accelerator,https://app.dealroom.co/investors/iba_industrial,http://iba-industrial.com,IBA Industrial,North America,United States,Brentwood,,1958,,0,0,,,
1238936,accelerator,https://app.dealroom.co/investors/quesnay,http://quesnays.com,Quesnay,North America,United States,New York City,,2012,Apr/2018,1,0,,,
1238741,accelerator,https://app.dealroom.co/investors/founder_equity_fund,http://founderequity.com,Founder Equity Fund,North America,United States,Chicago,,,Apr/2020,10,0,,0,125.6
1238715,accelerator,https://app.dealroom.co/investors/expertelligence,http://expertelligence.com,ExperTelligence,North America,United States,Santa Barbara,,1980,,0,0,,,
1238641,accelerator,https://app.dealroom.co/investors/dfw_excellerator,https://mrchanasianbistro.com,DFW Excellerator,North America,United States,Dallas,,2014,,0,0,,,
1238518,accelerator,https://app.dealroom.co/investors/istartvalley,http://istartvalley.org,IStartValley,North America,United States,Plano,,2011,,0,0,,,
1238512,accelerator,https://app.dealroom.co/investors/jones_and_foster_accelerator,,Jones and Foster Accelerator,North America,United States,Seattle,,,,0,0,,,
1238455,accelerator,https://app.dealroom.co/investors/chicklabs_,http://chicklabsllc.com,"Chicklabs,",North America,United States,Orange,,2013,,0,0,,,
1238431,accelerator,https://app.dealroom.co/investors/inlat,http://inlat.global,Inlat,North America,United States,Wilmington,,2015,,0,0,,,
1238197,accelerator,https://app.dealroom.co/investors/bluehill,http://bluehill.net,Bluehill,North America,United States,San Francisco,,,Nov/2018,1,0,,,
1238184,accelerator,https://app.dealroom.co/investors/dynamo_fund_lamp_post_ventures_,http://hellodynamo.com,Dynamo Fund (Lamp Post Ventures),North America,United States,Chattanooga,,2016,Oct/2022,3,0,,0,65.06
1238153,accelerator,https://app.dealroom.co/investors/soane_labs,http://soanelabs.com,Soane Labs,North America,United States,Cambridge,,2005,,0,0,,,
1238082,accelerator,https://app.dealroom.co/investors/qi2,http://qi2.com,Qi2,North America,United States,Kent,,1970,,0,0,,,
1237762,accelerator,https://app.dealroom.co/investors/ethincubator,http://ethincubator.com,EthIncubator,North America,United States,Lake Forest,,2017,,0,0,,,
1237535,accelerator,https://app.dealroom.co/investors/atia_medical,,Atia Medical,North America,United States,Campbell,,2008,,0,0,,,
1237503,accelerator,https://app.dealroom.co/investors/faststart_studio,http://faststartstudio.com,FastStart.studio,North America,United States,Irvine,,,,0,0,,,
1237444,accelerator,https://app.dealroom.co/investors/moshulu_group,http://moshulugroup.com,Moshulu Group,North America,United States,California City,,2014,,0,0,,,
1237401,accelerator,https://app.dealroom.co/investors/groundfloor_1,https://apothecaryaustin.com,GroundFloor,North America,United States,Dallas,,2013,,0,0,,,
1237379,accelerator,https://app.dealroom.co/investors/wit_tv,http://wit.tv,WIT.tv,North America,United States,Los Angeles,,2013,,0,0,,,
1237168,accelerator,https://app.dealroom.co/investors/inov8_next,http://inov8next.com,Inov8 Next,North America,United States,California City,,,,0,0,,,
1237062,accelerator,https://app.dealroom.co/investors/m_1_ventures,https://zetimibe.top,M-1 Ventures,North America,United States,Baltimore,,,,0,0,,,
1236958,accelerator,https://app.dealroom.co/investors/smashing,http://smashing.com,Smashing,North America,United States,San Francisco,,,,0,0,,,
1236688,accelerator,https://app.dealroom.co/investors/emerge_ventures,http://emergeinvesting.com,Emerge Ventures,North America,United States,Baltimore,,2016,,0,0,,,
1236617,accelerator,https://app.dealroom.co/investors/global_startup_ecosystem,http://globalstartupecosystem.com,Global Startup Ecosystem,North America,United States,New York City,,2016,,0,0,,,
1236394,accelerator,https://app.dealroom.co/investors/launch_33,http://launch33.co,Launch 33,North America,United States,Boston,,2014,,0,0,,,
1236393,accelerator,https://app.dealroom.co/investors/fhi_ventures,http://fhiventures.com,FHI Ventures,North America,United States,Washington DC,,2017,May/2018,8,0,,,29.28
1236292,accelerator,https://app.dealroom.co/investors/spinta_global_accelerator,http://spintaccel.com,Spinta Global Accelerator,North America,United States,Fremont,,2015,,0,0,,,
1236174,accelerator,https://app.dealroom.co/investors/archer_advisors,http://archeradvisors.com,Archer Advisors,North America,United States,Corte Madera,,2008,,0,0,,,
1236146,accelerator,https://app.dealroom.co/investors/smartup_network,http://smartup.network,Smartup Network,North America,United States,Mountain View,,2015,,0,0,,,
1235899,accelerator,https://app.dealroom.co/investors/innobright_technologies,http://innobright.com,InnoBright Technologies,North America,United States,Albuquerque,,2014,,0,0,,,
1235889,accelerator,https://app.dealroom.co/investors/ceo_space_international,https://ceospacemembers.com,CEO Space International,North America,United States,New Port Richey,,1990,,0,0,,,
1235880,accelerator,https://app.dealroom.co/investors/kick_sf_accelerator_powered_by_impact_hub_san_francisco,http://sanfrancisco.impacthub.net,Kick Sf Accelerator,North America,United States,San Francisco,,2009,,0,0,,,
1235462,accelerator,https://app.dealroom.co/investors/startup_evo,http://startupevo.com,Startup Evo,North America,United States,Dallas,,2017,,0,0,,,
1235415,accelerator,https://app.dealroom.co/investors/icntr,http://icntr.com,ICNTR,North America,United States,Palo Alto,,2015,,0,0,,,
1235151,accelerator,https://app.dealroom.co/investors/alliance_sv,http://alliance.sv,Alliance.sv,North America,United States,San Francisco,,2014,,0,0,,,
1235118,accelerator,https://app.dealroom.co/investors/dev_korea,http://devkorea.vc,DEV Korea,North America,United States,New York City,,2014,,0,0,,,
1234500,accelerator,https://app.dealroom.co/investors/ximyx,http://ximyx.com,Ximyx,North America,United States,Palo Alto,,,Apr/2017,2,0,,,0.2
1234260,accelerator,https://app.dealroom.co/investors/ethereum_classic_labs,http://etclabs.org,Ethereum Classic Labs,North America,United States,San Francisco,decentralised applications;dapp;ethereum,2018,Apr/2019,13,0,,,42.2
1234243,accelerator,https://app.dealroom.co/investors/marion_institute,http://marioninstitute.org,Marion Institute,North America,United States,Marion,,1993,,0,0,,,
1234184,accelerator,https://app.dealroom.co/investors/green_arc_labs,http://greenarclabs.com,Green Arc Labs,North America,United States,Chattanooga,,2013,,0,0,,,
1234175,accelerator,https://app.dealroom.co/investors/actionspot_startup_studio,http://myactionspot.com,ActionSpot Startup Studio,North America,United States,San Jose,,2016,,0,0,,,
1234142,accelerator,https://app.dealroom.co/investors/upstart_accelerator,http://upstartaccelerator.com,Upstart Accelerator,North America,United States,Memphis,,2011,,0,0,,,
1234076,accelerator,https://app.dealroom.co/investors/option3_ventures,http://option3ventures.com,Option3Ventures,North America,United States,New York City,,2014,Oct/2021,4,0,,0,4
1233874,accelerator,https://app.dealroom.co/investors/chicostart,http://chicostart.com,ChicostArt,North America,United States,Chico,,2013,,0,0,,,
1233848,accelerator,https://app.dealroom.co/investors/dpgw,http://dpgw.com,DPGW,North America,United States,Los Angeles,,1998,Apr/2016,1,0,,,
1233791,accelerator,https://app.dealroom.co/investors/lumos_accelerator,http://lumosinnovation.com,Lumos Accelerator,North America,United States,Columbus,,2016,May/2017,8,0,,0,38
1233724,accelerator,https://app.dealroom.co/investors/feedback_com,http://feedback.com,Feedback.com,North America,United States,Pasadena,,1996,,0,0,,,
1233716,accelerator,https://app.dealroom.co/investors/startup_squad,http://startupsquad.net,Startup Squad,North America,United States,Chevy Chase Village,,2013,,0,0,,,
1233704,accelerator,https://app.dealroom.co/investors/confideo_,http://confideolabs.com,"Confideo,",North America,United States,New York City,,2014,,0,0,,,
1233583,accelerator,https://app.dealroom.co/investors/redmetal,http://redmetal.com,RedMetal,North America,United States,,,2011,,0,0,,,
1233551,accelerator,https://app.dealroom.co/investors/meta_acceleration,http://metaacceleration.com,META Acceleration,North America,United States,Mobile,,2016,,0,0,,,
1233537,accelerator,https://app.dealroom.co/investors/bishop_ranch_intelligence_innovation_accelerator,http://briia.io,Bishop Ranch Intelligence Innovation Accelerator,North America,United States,San Ramon,,2017,Oct/2022,19,0,,0,104
1233356,accelerator,https://app.dealroom.co/investors/atlas_accelerator,http://atlasaccelerator.com,Atlas Accelerator,North America,United States,Bellevue,,1996,Dec/2013,4,0,,0,22.8
1233355,accelerator,https://app.dealroom.co/investors/masterpeace_launchpad,http://masterpeaceltd.com,MasterPeace LaunchPad,North America,United States,Columbia,,2009,Jan/2018,1,0,,,1.2
1233346,accelerator,https://app.dealroom.co/investors/beyond_right_now_technologies,http://beyondrightnowtechnologies.com,Beyond Right Now Technologies,North America,United States,Chattanooga,,,,0,0,,,
1233231,accelerator,https://app.dealroom.co/investors/doublespace_com,http://doublespace.com,Doublespace.com,North America,United States,New York City,,1979,May/2000,1,0,,,
1233205,accelerator,https://app.dealroom.co/investors/florida_israel_business_accelerator,http://fiba.io,Florida-Israel Business Accelerator,North America,United States,Tampa,,2015,,0,0,,,
1232946,accelerator,https://app.dealroom.co/investors/aximsoft,http://aximsoft.com,Aximsoft,North America,United States,San Ramon,,2005,,0,0,,,
1232915,accelerator,https://app.dealroom.co/investors/odin_holdings,http://odinholdingsllc.com,Odin Holdings,North America,United States,Mountain Lakes,,,Jul/2017,1,0,,,
1232665,accelerator,https://app.dealroom.co/investors/crunchbase_venture_program,http://about.crunchbase.com,Crunchbase Venture Program,North America,United States,San Francisco,,2007,,0,0,,,
1232606,accelerator,https://app.dealroom.co/investors/crrnt,http://crrnt.co,CRRNT,North America,United States,Seattle,,2014,,0,0,,,
1232480,accelerator,https://app.dealroom.co/investors/coin_apex,http://coinapex.com,Coin Apex,North America,United States,New York City,,2013,,0,0,,,
1232191,accelerator,https://app.dealroom.co/investors/america_startup_ecosystem,http://americastartupecosystem.com,America Startup Ecosystem,North America,United States,New York City,,,,0,0,,,
1231834,accelerator,https://app.dealroom.co/investors/sports_colab,http://sportscolab.com,Sports Colab,North America,United States,San Francisco,,2012,,0,0,,,
1231785,accelerator,https://app.dealroom.co/investors/socratic_labs,http://socraticlabs.com,Socratic Labs,North America,United States,New York City,,2012,Apr/2018,1,0,,,14
1231778,accelerator,https://app.dealroom.co/investors/fintech_go,http://fintechgosf.com,FinTech Go,North America,United States,San Francisco,,2017,,0,0,,,
1231691,accelerator,https://app.dealroom.co/investors/holdfast,http://holdfastdining.com,Holdfast,North America,United States,Portland,,,,0,0,,,
1231660,accelerator,https://app.dealroom.co/investors/pwrdby,https://kingfunf.com,PwrdBy,North America,United States,,,2013,,0,0,,,
1231601,accelerator,https://app.dealroom.co/investors/ascend_capital_accelerator,http://wacif.org,Ascend Capital Accelerator,North America,United States,,,1987,,0,0,,,
1231497,accelerator,https://app.dealroom.co/investors/cystarters,https://www.isupjcenter.org/programs/cystarters/,CYStarters,North America,United States,Ames,,1997,Aug/2022,1,0,,,
1231413,accelerator,https://app.dealroom.co/investors/seed_db,http://seed-db.com,Seed-DB,North America,United States,San Francisco,,2012,,0,0,,,
1231309,accelerator,https://app.dealroom.co/investors/louisiana_emerging_technology_center,http://laetc.com,Louisiana Emerging Technology Center,North America,United States,Baton Rouge,,,,0,0,,,
1231085,accelerator,https://app.dealroom.co/investors/kids_in_code,http://kidsincode.org,Kids In Code,North America,United States,Irvine,,2014,,0,0,,,
1230933,accelerator,https://app.dealroom.co/investors/motive,http://thisismotive.com,MOTIVE,North America,United States,Dallas,,2015,Jan/2023,2,0,,0,88
1230932,accelerator,https://app.dealroom.co/investors/bwtech_umbc_research_and_technology_park,http://bwtechumbc.com,Bwtech@UMBC Research and Technology Park,North America,United States,Baltimore,,,,0,0,,,
1230908,accelerator,https://app.dealroom.co/investors/african_entrepreneur_collective,http://africanentrepreneurcollective.org,African Entrepreneur Collective,North America,United States,San Francisco,,2012,,0,0,,,
1230799,accelerator,https://app.dealroom.co/investors/nex_cubed,http://nex3.com,Nex Cubed,North America,United States,San Francisco,,2016,May/2023,86,0,,0,450.64
1230738,accelerator,https://app.dealroom.co/investors/europe_startup_ecosystem,http://europestartupecosystem.com,Europe Startup Ecosystem,North America,United States,New York City,,,,0,0,,,
1230634,accelerator,https://app.dealroom.co/investors/philly_startup_leaders_accelerator,http://accelerator.phillystartupleaders.org,Philly Startup Leaders Accelerator,North America,United States,Philadelphia,,2014,,0,0,,,
1230554,accelerator,https://app.dealroom.co/investors/launch_pad_ignition_,http://lp.co,Launch Pad Ignition,North America,United States,New Orleans,commercial real estate;real estate,2011,,0,0,,,
1230485,accelerator,https://app.dealroom.co/investors/forge_portland,https://pickering-casino-resort.ca,Forge Portland,North America,United States,Portland,,2013,,0,0,,,
1230432,accelerator,https://app.dealroom.co/investors/salt_creek_medical_device_development,http://saltcreekmedical.com,Salt Creek Medical Device Development,North America,United States,San Clemente,,2006,,0,0,,,
1230304,accelerator,https://app.dealroom.co/investors/optical_capital_group,http://opticalcapitalgroup.com,Optical Capital Group,North America,United States,Columbia,,,Aug/2006,10,0,5,0,812.8
1230292,accelerator,https://app.dealroom.co/investors/cascadia_cleantech_accelerator,http://cascadiacleantech.org,Cascadia CleanTech Accelerator,North America,United States,Portland,,2016,,0,0,,,
1230135,accelerator,https://app.dealroom.co/investors/ignitexl,https://ignitexl.vc/,IgniteXL,North America,United States,Redwood City,,2020,Jul/2024,27,0,,0,268.41
1230047,accelerator,https://app.dealroom.co/investors/citi_mobile_challenge,http://citimobilechallenge.com,Citi Mobile Challenge,North America,United States,New York City,,1812,,0,0,,,
1229947,accelerator,https://app.dealroom.co/investors/ceti,http://uscstartup.org,CETi,North America,United States,Columbia,,2012,,0,0,,,
1229895,accelerator,https://app.dealroom.co/investors/1apeiron,http://1apeiron.com,1apeiron,North America,United States,Miami,,2012,May/2014,1,0,,,2.42
1229850,accelerator,https://app.dealroom.co/investors/montana_business_incubator,http://mtbiz.org,Montana Business Incubator,North America,United States,Billings,,,,0,0,,,
1229756,accelerator,https://app.dealroom.co/investors/ameren_accelerator,http://amerenaccelerator.com,Ameren Accelerator,North America,United States,St. Louis,,2017,Jan/2021,13,0,,0,65.76
1229712,accelerator,https://app.dealroom.co/investors/inclusive_innovation_incubator,http://in3dc.com,Inclusive Innovation Incubator,North America,United States,,,,,0,0,,,
1229609,accelerator,https://app.dealroom.co/investors/net_market_partners,http://netmarketpartners.com,Net Market Partners,North America,United States,Palo Alto,,,Aug/2000,4,0,,,264
1229399,accelerator,https://app.dealroom.co/investors/hr_tech_accelerator,http://hrtechaccelerator.com,HR Tech Accelerator,North America,United States,San Francisco,,2016,,0,0,,,
1229248,accelerator,https://app.dealroom.co/investors/launch_lab,http://greensboro.org,Launch LAB,North America,United States,Greensboro,,,Apr/2022,3,0,,,
1229169,accelerator,https://app.dealroom.co/investors/smarter_in_the_city,https://ghostwatch.io,Smarter in the City,North America,United States,Boston,,2013,,0,0,,,
1229054,accelerator,https://app.dealroom.co/investors/1440_accelerator,https://1440worship.com,1440 Accelerator,North America,United States,Nashville,,2016,,0,0,,,
1228860,accelerator,https://app.dealroom.co/investors/ignitemn,https://ignitemn.org,IgniteMN,North America,United States,Red Wing,,2013,,0,0,,,
1228835,accelerator,https://app.dealroom.co/investors/reddy_co,http://thereddygroup.com,Reddy & Co,North America,United States,San Francisco,,2009,,0,0,,,
1228775,accelerator,https://app.dealroom.co/investors/hii_def,http://hiidef.com,Hii Def,North America,United States,New York City,,2008,,0,0,,,
1228718,accelerator,https://app.dealroom.co/investors/hera_labs,http://hera-labs.com,Hera Labs,North America,United States,San Diego,,2012,,0,0,,,
1228707,accelerator,https://app.dealroom.co/investors/boomgen_studios,http://boomgenstudios.com,BoomGen Studios,North America,United States,New York City,,2007,,0,0,,,
1228654,accelerator,https://app.dealroom.co/investors/cook_tucson_community_kitchen,http://cooktucson.com,Cook Tucson - Community Kitchen,North America,United States,Tucson,,2016,,0,0,,,
1228604,accelerator,https://app.dealroom.co/investors/global_development_incubator,http://globaldevincubator.org,Global Development Incubator,North America,United States,,,2006,,0,0,,,
1228565,accelerator,https://app.dealroom.co/investors/startup_growth_advisors,http://startupgrowthadvisors.com,Startup Growth Advisors,North America,United States,Carefree,,2016,,0,0,,,
1228364,accelerator,https://app.dealroom.co/investors/goldstein_business_accelerator,http://goldsteinaccelerator.com,Goldstein Business Accelerator,North America,United States,Oviedo,,2015,,0,0,,,
1228312,accelerator,https://app.dealroom.co/investors/community_enterprise_solutions,https://dacres.org,Community Enterprise Solutions,North America,United States,New York City,,2004,,0,0,,,
1228282,accelerator,https://app.dealroom.co/investors/tec_garage,http://tecgarage.org,TEC Garage,North America,United States,Saint Petersburg,,2003,,0,0,,,
1228262,accelerator,https://app.dealroom.co/investors/minority_business_accelerator,https://tampabaychamber.com,Minority Business Accelerator,North America,United States,Tampa,,,,0,0,,,
1228242,accelerator,https://app.dealroom.co/investors/boston_biomedical_innovation_center,https://diabetes-cidi.org,Boston Biomedical Innovation Center,North America,United States,Cambridge,,2013,,0,0,,,
1228083,accelerator,https://app.dealroom.co/investors/the_veloz_group,http://thevelozgroup.com,The Veloz Group,North America,United States,Los Angeles,,2011,,0,0,,,
1227890,accelerator,https://app.dealroom.co/investors/hillman_accelerator,https://lightship.foundation,Lightship Foundation,North America,United States,Cincinnati,,2017,Aug/2018,18,0,,,37.52
1227877,accelerator,https://app.dealroom.co/investors/hartford_lab,http://hartfordlab.com,Hartford Lab,North America,United States,New York City,,2012,Sep/2022,1,0,,,
1227860,accelerator,https://app.dealroom.co/investors/ideago_startup_lab,https://pexo.ai,Ideago StartUp Lab,North America,United States,Los Angeles,,2010,,0,0,,,
1227829,accelerator,https://app.dealroom.co/investors/build_institute,http://buildinstitute.org,Build Institute,North America,United States,Detroit,,2012,,0,0,,,
1227649,accelerator,https://app.dealroom.co/investors/icentennial_ventures,http://icentennial.com,ICentennial Ventures,North America,United States,New York City,,1997,,0,0,,,
1227567,accelerator,https://app.dealroom.co/investors/the_women_s_club_of_silicon_valley,http://theclubsv.org,The Women's CLUB of Silicon Valley,North America,United States,Palo Alto,,2012,,0,0,,,
1227561,accelerator,https://app.dealroom.co/investors/second_line,http://secondline.com,Second Line,North America,United States,New Orleans,,2011,Sep/2023,2,0,,0,
1227483,accelerator,https://app.dealroom.co/investors/liftory,https://pudgybulls.com,Liftory,North America,United States,Wilmington,,2018,,0,0,,,
1227434,accelerator,https://app.dealroom.co/investors/information_technology_and_renewable_energy_incubator,http://incubatortechnologyandrenewableenergy.com,Information Technology and Renewable Energy Incubator,North America,United States,Cedar Valley,,,,0,0,,,
1227254,accelerator,https://app.dealroom.co/investors/village88_techlab,http://techlab.village88.com,Village88 TechLab,North America,United States,Bellevue,,2011,Oct/2014,1,0,,,5.2
1227137,accelerator,https://app.dealroom.co/investors/christina_ventures,http://christinaventures.com,Christina Ventures,North America,United States,Malibu,,2014,,0,0,,,
1227070,accelerator,https://app.dealroom.co/investors/lightspeed_innovations,http://lightspeedic.com,LightSpeed Innovations,North America,United States,San Diego,,2015,Jul/2015,1,0,,,
1227048,accelerator,https://app.dealroom.co/investors/education_design_studio_edsi_,http://e-designstudio.com,Education Design Studio (EDSi),North America,United States,Philadelphia,,,Jul/2016,1,0,,,2.8
1227031,accelerator,https://app.dealroom.co/investors/scaler,http://scaler.co,Scaler,North America,United States,San Francisco,,2013,Apr/2024,1,0,,0,
1226823,accelerator,https://app.dealroom.co/investors/pure_blue_water_innovation_nexus,http://pureblue.org,Pure Blue Water Innovation Nexus,North America,United States,Seattle,,2016,,0,0,,,
1226718,accelerator,https://app.dealroom.co/investors/sustainability_incubator,http://sustainability-incubator.com,Sustainability Incubator,North America,United States,,,2013,Jan/2021,2,0,,,3.02
1226232,accelerator,https://app.dealroom.co/investors/uptogether,http://uptogether.org,UpTogether,North America,United States,Oakland,,2001,,0,0,,,
1226179,accelerator,https://app.dealroom.co/investors/canopy_city,http://canopy.city,Canopy City,North America,United States,Somerville,,2015,,0,0,,,
1226058,accelerator,https://app.dealroom.co/investors/pie_2,http://piepdx.com,PIE,North America,United States,Portland,,2009,Aug/2024,23,0,5.6,0,132.99
1226036,accelerator,https://app.dealroom.co/investors/miga_collabs,http://miga.io,Miga Collabs,North America,United States,Seattle,,2013,,0,0,,,
1225933,accelerator,https://app.dealroom.co/investors/the_garage,http://workthegarage.com,The Garage,North America,United States,Dallas,,2012,,0,0,,,
1225888,accelerator,https://app.dealroom.co/investors/stanford_technology_ventures_program,http://stvp.stanford.edu,Stanford Technology Ventures Program,North America,United States,Stanford,,1996,Feb/2025,1,0,,,320
1225832,accelerator,https://app.dealroom.co/investors/founders_floor,http://foundersfloor.com,Founders Floor,North America,United States,San Jose,,2014,,0,0,,,
1225783,accelerator,https://app.dealroom.co/investors/catalyst_foundry,http://catalystfoundry.co,Catalyst Foundry,North America,United States,Menlo Park,,2016,,0,0,,,
1225710,accelerator,https://app.dealroom.co/investors/michigan_business_incubator_association,http://michiganincubation.org,Michigan Business Incubator Association,North America,United States,Ann Arbor,,,,0,0,,,
1225629,accelerator,https://app.dealroom.co/investors/venturepad,http://venturepad.works,VenturePad,North America,United States,San Rafael,,2016,,0,0,,,
1225525,accelerator,https://app.dealroom.co/investors/northeast_indiana_innovation_center_niic_,http://niic.net,Northeast Indiana Innovation Center (NIIC),North America,United States,Fort Wayne,,1999,,0,0,,,
1225248,accelerator,https://app.dealroom.co/investors/sfid,http://sfid.co,SFid,North America,United States,Santa Fe,,,,0,0,,,
1225154,accelerator,https://app.dealroom.co/investors/venture_incubator_,http://vi2011.e-marketguru.net,"Venture Incubator,",North America,United States,Jackson,,,Jul/2019,2,0,,0,891.62
1225087,accelerator,https://app.dealroom.co/investors/incubate_ventures,http://incubate.ventures,Incubate Ventures,North America,United States,Carlsbad,,2017,,0,0,,,
1224902,accelerator,https://app.dealroom.co/investors/stand_up_ny_labs,http://standupnylabs.com,Stand Up NY Labs,North America,United States,New York City,,2013,,0,0,,,
1224719,accelerator,https://app.dealroom.co/investors/impact_house,http://impacthouse.co,Impact House,North America,United States,Dallas,,2017,,0,0,,,
1224656,accelerator,https://app.dealroom.co/investors/zeros_ones,http://zerosones.com,Zeros & Ones,North America,United States,Santa Monica,,2015,,0,0,,,
1224535,accelerator,https://app.dealroom.co/investors/land_o_lakes_dairy_accelerator,http://dairyaccelerator.landolakesinc.com,Land O' Lakes Dairy Accelerator,North America,United States,Beverly Hills,,1921,,0,0,,,
1224427,accelerator,https://app.dealroom.co/investors/quandex,http://quandex.com,Quandex,North America,United States,Marina del Rey,,2011,,0,0,,,
1224037,accelerator,https://app.dealroom.co/investors/the_efactory,http://efactory.missouristate.edu,The eFactory,North America,United States,Springfield,,,Aug/2021,2,0,,,
1223964,accelerator,https://app.dealroom.co/investors/walnut_st_labs_1,http://walnutstlabs.com,Walnut St. Labs,North America,United States,West Chester,,2013,Jul/2014,1,0,,,
1223920,accelerator,https://app.dealroom.co/investors/the_foundry_2,http://thefoundry.com,The Foundry,North America,United States,Menlo Park,,1998,Jan/2014,1,0,,,480
1223906,accelerator,https://app.dealroom.co/investors/new_medici,http://newmedici.com,New Medici,North America,United States,Los Angeles,,2003,,0,0,,,
1223807,accelerator,https://app.dealroom.co/investors/boise_greenhouse,http://boisegreenhouse.com,Boise Greenhouse,North America,United States,Boise,,,,0,0,,,
1223791,accelerator,https://app.dealroom.co/investors/techtown,http://techtowndetroit.org,TechTown,North America,United States,Detroit,,2004,,0,0,,,
1223790,accelerator,https://app.dealroom.co/investors/gomez_innovations,http://gomezinnovations.com,Gomez Innovations,North America,United States,Tampa,,2009,,0,0,,,
1223650,accelerator,https://app.dealroom.co/investors/la_cocina,http://lacocinasf.org,La Cocina,North America,United States,San Francisco,,2005,,0,0,,,
1223642,accelerator,https://app.dealroom.co/investors/hub_oakland,https://refereefinance.com,HUB Oakland,North America,United States,Oakland,,2012,,0,0,,,
1223631,accelerator,https://app.dealroom.co/investors/the_bric,http://thebrichouse.mystrikingly.com,The BRIC,North America,United States,Boca Raton,,,,0,0,,,
1223617,accelerator,https://app.dealroom.co/investors/bay_area_entrepreneur_center,http://skylinebaec.org,Bay Area Entrepreneur Center,North America,United States,San Bruno,,2014,,0,0,,,
1223452,accelerator,https://app.dealroom.co/investors/shasta_venture_hub,https://startupredding.com,Shasta Venture Hub,North America,United States,Redding,,,,0,0,,,
1223354,accelerator,https://app.dealroom.co/investors/mach49,http://mach49.com,Mach49,North America,United States,Redwood City,,2013,,0,0,,,
1223306,accelerator,https://app.dealroom.co/investors/project_zygote,http://projectzygote.org,Project Zygote,North America,United States,San Francisco,,2016,,0,0,,,
1223296,accelerator,https://app.dealroom.co/investors/lean_launch_ventures,http://llventures.co,Lean Launch Ventures,North America,United States,Westport,,2012,,0,0,,,
1223169,accelerator,https://app.dealroom.co/investors/genesis_business_centers,https://iconicmaps.com,Genesis Business Centers,North America,United States,,,1993,,0,0,,,
1223139,accelerator,https://app.dealroom.co/investors/ventureprise,https://lapaspadangpariaman.com,Ventureprise,North America,United States,Charlotte,,1987,Jul/2019,1,0,,,
1223087,accelerator,https://app.dealroom.co/investors/maricopa_center_for_entrepreneurship,http://maricopainnovates.com,Maricopa Center for Entrepreneurship,North America,United States,Maricopa,,2012,,0,0,,,
1223078,accelerator,https://app.dealroom.co/investors/yuzu,http://yuzu.com,Yuzu,North America,United States,Mountain View,,2014,,0,0,,,
1223058,accelerator,https://app.dealroom.co/investors/kitchencru,http://kitchencru.biz,KitchenCru,North America,United States,Portland,,2011,,0,0,,,
1222995,accelerator,https://app.dealroom.co/investors/naples_accelerator,http://naplesaccelerator.com,Naples Accelerator,North America,United States,Naples,,2014,,0,0,,,
1222961,accelerator,https://app.dealroom.co/investors/loomic_labs,http://loomiclabs.com,Loomic Labs,North America,United States,Los Angeles,,2010,,0,0,,,
1222739,accelerator,https://app.dealroom.co/investors/dcode_accelerator,http://dcode.co,Dcode Accelerator,North America,United States,,,2015,May/2020,76,0,12827.9,0,10694.9
1222667,accelerator,https://app.dealroom.co/investors/learning_objects,http://learningobjects.com,Learning Objects,North America,United States,Washington DC,,2003,,0,0,,,
1222629,accelerator,https://app.dealroom.co/investors/vet_tech,http://vet-tech.us,VET-TECH,North America,United States,Sunnyvale,,2012,,0,0,,,
1222548,accelerator,https://app.dealroom.co/investors/accel_vt,http://accelvt.com,Accel-VT,North America,United States,Montpelier,,2017,,0,0,,,
1222525,accelerator,https://app.dealroom.co/investors/advance_ventures,http://advanceventures.com,Advance Ventures,North America,United States,Campbell,,1999,Jun/2010,1,0,,,
1222363,accelerator,https://app.dealroom.co/investors/endgame_partners,http://endgamepartners.com,Endgame Partners,North America,United States,Beverly Hills,,2019,Dec/2013,1,0,,,
1222180,accelerator,https://app.dealroom.co/investors/twelve_fifty,http://twelvefifty.com,Twelve Fifty,North America,United States,San Francisco,,2020,,0,0,,,
1222077,accelerator,https://app.dealroom.co/investors/iventure_accelerator,http://iventure.illinois.edu,iVenture Accelerator,North America,United States,Urbana,,2015,May/2025,118,0,,0,204.18
1222042,accelerator,https://app.dealroom.co/investors/divinc,http://divinc.org,DivInc,North America,United States,Austin,,2016,Sep/2023,57,0,,0,6.78
1221992,accelerator,https://app.dealroom.co/investors/excelerateafrica,http://excelerateafrica.com,ExcelerateAFRICA,North America,United States,San Francisco,,,,0,0,,,
1221713,accelerator,https://app.dealroom.co/investors/technology_garden,http://technologygarden.com,Technology Garden,North America,United States,Hollis,,2008,,0,0,,,
1221586,accelerator,https://app.dealroom.co/investors/csi_tech_incubator,https://csiinnovationhub.com,CSI Tech Incubator,North America,United States,New York City,,,,0,0,,,
1221572,accelerator,https://app.dealroom.co/investors/mississippi_business_incubators,http://mississippi.org,Mississippi Business Incubators,North America,United States,Natchez,,1936,,0,0,,,
1221570,accelerator,https://app.dealroom.co/investors/mantle_,http://growatmantle.com,Mantle.,North America,United States,Jackson,,2015,,0,0,,,
1221361,accelerator,https://app.dealroom.co/investors/preccelerator_program,http://preccelerator.com,Preccelerator Program,North America,United States,Santa Monica,,2012,Mar/2020,27,0,,,99.48
1221300,accelerator,https://app.dealroom.co/investors/cyberhive,http://cyberhivesandiego.org,CyberHive,North America,United States,San Diego,,2013,,0,0,,,
1221285,accelerator,https://app.dealroom.co/investors/enterprise_development_center_edc_,https://venturelink.org,Enterprise Development Center (EDC),North America,United States,Newark,,,May/2016,1,0,,,6.4
1221265,accelerator,https://app.dealroom.co/investors/excite,http://exciteriverside.org,ExCITE,North America,United States,Riverside,,2013,,0,0,,,
1221074,accelerator,https://app.dealroom.co/investors/mediatech_ventures,http://mediatech.ventures,MediaTech Ventures,North America,United States,Austin,,2014,,16,0,,,10
1220894,accelerator,https://app.dealroom.co/investors/founders_asia,https://aif.hk,Founders.asia,North America,United States,,,,,0,0,,,
1220735,accelerator,https://app.dealroom.co/investors/goodcompany_group,http://goodcompanygroup.org,GoodCompany Group,North America,United States,Philadelphia,,2009,,0,0,,,
1220484,accelerator,https://app.dealroom.co/investors/ventures_co,http://ventures.co,Ventures.co,North America,United States,Menlo Park,,2017,,0,0,,,
1220408,accelerator,https://app.dealroom.co/investors/launch_chapel_hill,http://launchchapelhill.com,Launch Chapel Hill,North America,United States,Chapel Hill,,2013,Mar/2020,200,0,,0,191.02
1220355,accelerator,https://app.dealroom.co/investors/the_blinc_group,https://nye-bonuskoder.dk,The Blinc Group,North America,United States,New York City,,2017,,0,0,,,
1220172,accelerator,https://app.dealroom.co/investors/university_of_wisconsin_whitewater_launch_pad,https://www.uww.edu/cobe/knowledge-centers/launch-pad,University of Wisconsin-Whitewater Launch Pad,North America,United States,Whitewater,,2004,Oct/2018,3,0,,0,
1220091,accelerator,https://app.dealroom.co/investors/disrupt_university,http://disruptuniversity.com,Disrupt University,North America,United States,Stanford,,2012,,0,0,,,
1220022,accelerator,https://app.dealroom.co/investors/onramp_fund,http://onrampfund.com,OnRamp Fund,North America,United States,Los Angeles,,2015,Jun/2018,2,0,,,270.92
1219908,accelerator,https://app.dealroom.co/investors/zero_labs_group,http://zerolabs.com,Zero Labs Group,North America,United States,Los Angeles,,2015,,0,0,,,
1219884,accelerator,https://app.dealroom.co/investors/fargo_startup_house,http://fargostartuphouse.com,Fargo Startup House,North America,United States,Fargo,,,,0,0,,,
1219879,accelerator,https://app.dealroom.co/investors/digitaltails,http://digitaltails.wordpress.com,DigitalTails,North America,United States,San Francisco,,2013,,0,0,,,
1219677,accelerator,https://app.dealroom.co/investors/zazoom_media_group,http://zmgruckus.com,Zazoom Media Group,North America,United States,New York City,,2011,Apr/2018,1,0,,,
1219665,accelerator,https://app.dealroom.co/investors/topxight_labs,http://topxight.com,TOPXIGHT LABS,North America,United States,New York City,,2013,,0,0,,,
1219607,accelerator,https://app.dealroom.co/investors/middle_east_startup,http://middleeaststartups.com,Middle East Startup,North America,United States,New York City,,,,0,0,,,
1219446,accelerator,https://app.dealroom.co/investors/impact_hall_incubator,http://impacthall.com,Impact Hall Incubator,North America,United States,San Francisco,,,,0,0,,,
1219380,accelerator,https://app.dealroom.co/investors/the_biz_foundry,http://thebizfoundry.org,The Biz Foundry,North America,United States,Cookeville,,2012,,0,0,,,
1219361,accelerator,https://app.dealroom.co/investors/draper_darkflow,http://darkflow.vc,Draper-DARKFLOW,North America,United States,San Mateo,,2015,,0,0,,,
1219337,accelerator,https://app.dealroom.co/investors/yakima_maker_space,http://yakimamakerspace.org,Yakima Maker Space,North America,United States,Yakima,,2013,,0,0,,,
1219183,accelerator,https://app.dealroom.co/investors/innovationochsner_io_,http://ochsner.org,InnovationOchsner (iO),North America,United States,New Orleans,,1942,,0,0,,,
1219178,accelerator,https://app.dealroom.co/investors/radiabeam_technologies,http://radiabeam.com,RadiaBeam Technologies,North America,United States,Santa Monica,,2003,,0,0,,,
1219000,accelerator,https://app.dealroom.co/investors/100x_com,http://100x.com,100X.com,North America,United States,Waltham,,2009,Aug/2000,1,0,,,6.4
1218948,accelerator,https://app.dealroom.co/investors/powerlaunch,http://powerlaunch.org,PowerLaunch,North America,United States,Boston,,2015,,0,0,,,
1218860,accelerator,https://app.dealroom.co/investors/seizo_labs,http://seizolabs.com,Seizo Labs,North America,United States,Plano,,2017,,0,0,,,
1218852,accelerator,https://app.dealroom.co/investors/ketchup_1,http://ketchup.is,Ketchup,North America,United States,New York City,,,,0,0,,,
1218764,accelerator,https://app.dealroom.co/investors/connect_san_diego,http://connect.org,CONNECT,North America,United States,San Diego,,1985,Feb/2025,1,0,,,16
1218739,accelerator,https://app.dealroom.co/investors/unikamp,http://unikampkotra.org,UniKamp,North America,United States,San Jose,,2014,,0,0,,,
1218710,accelerator,https://app.dealroom.co/investors/psc_incubator,http://pscincubator.com,PSC Incubator,North America,United States,New York City,,2014,,0,0,,,
1218597,accelerator,https://app.dealroom.co/investors/helix_center_biotech_incubator,http://helixcenter.com,Helix Center Biotech Incubator,North America,United States,St. Louis,,1984,,0,0,,,
1218423,accelerator,https://app.dealroom.co/investors/area,http://area.build,AREA,North America,United States,New York City,,2014,Jun/2016,1,0,,,
1218371,accelerator,https://app.dealroom.co/investors/ergo_capital,http://ergocapital.com,ERGO Capital,North America,United States,Irvine,,2010,Feb/2020,14,0,,0,54.87
1218097,accelerator,https://app.dealroom.co/investors/coaccel,http://coaccel.com,COACCEL,North America,United States,Los Angeles,,2016,,0,0,,,
1218037,accelerator,https://app.dealroom.co/investors/the_creative_side,http://thecreativeside.org,The Creative Side,North America,United States,New York City,,,,0,0,,,
1217932,accelerator,https://app.dealroom.co/investors/starve_ups,http://starveups.com,Starve Ups,North America,United States,Portland,,2000,Jan/2017,110,0,11.5,0,205.92
1217732,accelerator,https://app.dealroom.co/investors/zielix,http://zielix.com,Zielix,North America,United States,San Francisco,,2006,,0,0,,,
1217566,accelerator,https://app.dealroom.co/investors/entp,http://entp.com,Entp,North America,United States,Portland,,2008,,0,0,,,
1217559,accelerator,https://app.dealroom.co/investors/core_labs_game_accelerator,,Core Labs Game Accelerator,North America,United States,Redwood City,,2006,,0,0,,,
1217405,accelerator,https://app.dealroom.co/investors/startpad,http://startpad.co,Startpad,North America,United States,Milpitas,,2017,,0,0,,,
1217188,accelerator,https://app.dealroom.co/investors/partner_fusion,http://partnerfusion.com,Partner Fusion,North America,United States,Lehi,,2007,,0,0,,,
1216990,accelerator,https://app.dealroom.co/investors/innova_consulting_group_icg_,http://innova-us.net,Innova Consulting Group (ICG),North America,United States,Boston,,2000,,0,0,,,
1216914,accelerator,https://app.dealroom.co/investors/new_york_bizlab,http://nybizlab.net,New York BizLab,North America,United States,Schenectady,,2013,,0,0,,,
1216888,accelerator,https://app.dealroom.co/investors/velocity_accelerator,http://velocitybham.com,Velocity Accelerator,North America,United States,Birmingham,,2016,Feb/2018,8,0,,,10.08
1216872,accelerator,https://app.dealroom.co/investors/food_centricity,http://foodcentricity.com,Food Centricity,North America,United States,Los Angeles,,2012,,0,0,,,
1216845,accelerator,https://app.dealroom.co/investors/blue_waters_research,http://bluewatersresearch.com,Blue Waters Research,North America,United States,Santa Monica,,,,0,0,,,
1216672,accelerator,https://app.dealroom.co/investors/music_shed,http://musicshedstudios.com,Music Shed,North America,United States,New Orleans,,,,0,0,,,
1216604,accelerator,https://app.dealroom.co/investors/vanderbilt_university_office_of_investments,https://www.vanderbilt.edu/investments/,Vanderbilt University Office,North America,United States,Nashville,,,Jun/2020,2,0,,0,5940
1216454,accelerator,https://app.dealroom.co/investors/inv_fintech,http://invfintech.com,INV Fintech,North America,United States,New York City,,,Feb/2021,46,0,,0,422.41
1216414,accelerator,https://app.dealroom.co/investors/the_entrepreneurs_center,https://ecinnovates.com/,Entrepreneurs' Center,North America,United States,Dayton,,2000,Mar/2024,3,0,,,6.2
1216409,accelerator,https://app.dealroom.co/investors/zero_f,http://zero-f.co,Zero-F,North America,United States,San Francisco,,,,0,0,,,
1216341,accelerator,https://app.dealroom.co/investors/national_incubator_network_association,http://inbia.org,National Incubator Network Association,North America,United States,Orlando,,1985,,0,0,,,
1216295,accelerator,https://app.dealroom.co/investors/usc_incubator,http://startusc.com,USC Incubator,North America,United States,Los Angeles,,,,0,0,,,
1216263,accelerator,https://app.dealroom.co/investors/philanthropy_lab,http://thephilanthropylab.org,Philanthropy Lab,North America,United States,Fort Worth,,2011,,0,0,,,
1216182,accelerator,https://app.dealroom.co/investors/hotdesks,http://hotdesks.org,HotDesks,North America,United States,Easton,,2006,,0,0,,,
1215836,accelerator,https://app.dealroom.co/investors/slingshot_labs,http://slingshotlabs.com,Slingshot Labs,North America,United States,Santa Monica,,2008,Jul/2024,1,0,,,24
1215808,accelerator,https://app.dealroom.co/investors/saint_louis_fashion_fund,http://saintlouisfashionfund.org,Saint Louis Fashion Fund,North America,United States,St. Louis,,2014,,0,0,,,
1215739,accelerator,https://app.dealroom.co/investors/ventucap,http://ventucap.com,VentuCap,North America,United States,Glendale,,2014,,0,0,,,
1215714,accelerator,https://app.dealroom.co/investors/roots_memphis,http://rootsmemphis.org,Roots Memphis,North America,United States,Memphis,,2012,,0,0,,,
1215688,accelerator,https://app.dealroom.co/investors/startup_fund,http://startupfund.com,Startup Fund,North America,United States,San Francisco,,2019,May/2023,2,0,,,3.7
1215612,accelerator,https://app.dealroom.co/investors/represent_la,http://represent.la,Represent LA,North America,United States,Los Angeles,,2011,,0,0,,,
1215608,accelerator,https://app.dealroom.co/investors/ten50,http://ten50.io,Ten50,North America,United States,Huntington,,1990,,0,0,,,
1215547,accelerator,https://app.dealroom.co/investors/dreago,http://dreago.com,Dreago,North America,United States,Burbank,,,,0,0,,,
1215479,accelerator,https://app.dealroom.co/investors/alyeska_venture_management,http://akacceleratorfund.com,Alyeska Venture Management,North America,United States,Anchorage,,2014,Dec/2024,3,0,,0,0.4
1215452,accelerator,https://app.dealroom.co/investors/docucollab,http://docucollab.com,DocuCollab,North America,United States,West Springfield,,2015,,0,0,,,
1215398,accelerator,https://app.dealroom.co/investors/french_tech_hub,http://frenchtechhub.com,French Tech Hub,North America,United States,Cambridge,,2003,,0,0,,,
1215379,accelerator,https://app.dealroom.co/investors/reactor_accelerator,http://insidereactor.com,Reactor Accelerator,North America,United States,,,2004,,0,0,,,
1215374,accelerator,https://app.dealroom.co/investors/ramenworks,http://ramenworks.nyc,Ramenworks,North America,United States,New York City,,2016,,0,0,,,
1215160,accelerator,https://app.dealroom.co/investors/venture_pulse,http://venturepulse.org,Venture Pulse,North America,United States,New York City,,2016,,0,0,,,
1215093,accelerator,https://app.dealroom.co/investors/sparkgap,http://thesparkgap.com,Sparkgap,North America,United States,Memphis,,,,0,0,,,
1214697,accelerator,https://app.dealroom.co/investors/7touch_group,http://7touchgroupinc.com,7touch Group,North America,United States,Los Angeles,,2008,,0,0,,,
1214587,accelerator,https://app.dealroom.co/investors/radicand,http://radicand.com,Radicand,North America,United States,San Francisco,,2012,,0,0,,,
1214551,accelerator,https://app.dealroom.co/investors/incubie,http://incubie.com,Incubie,North America,United States,Oceanside,,2018,,0,0,,,
1214515,accelerator,https://app.dealroom.co/investors/new_biology_ventures,http://newbiologyventures.com,New Biology Ventures,North America,United States,San Francisco,,,,0,0,,,
1214514,accelerator,https://app.dealroom.co/investors/saviant_consulting,http://saviantconsulting.com,Saviant Consulting,North America,United States,,,2012,,0,0,,,
1214506,accelerator,https://app.dealroom.co/investors/imprint_lab,http://imprintlab.com,Imprint Lab,North America,United States,Long Beach,,2009,Jan/2023,6,0,,,
1214500,accelerator,https://app.dealroom.co/investors/taliera,http://taliera.com,Taliera,North America,United States,Carmel-by-the-Sea,,2006,,0,0,,,
1214447,accelerator,https://app.dealroom.co/investors/enterventures,http://enterventures.com,EnterVentures,North America,United States,Palo Alto,,,,0,0,,,
1214248,accelerator,https://app.dealroom.co/investors/techaccelerator,http://techaccelerator.com,TechAccelerator,North America,United States,,,2012,Jun/2019,1,0,,,6.6
1214220,accelerator,https://app.dealroom.co/investors/genome,http://geno.me,Genome,North America,United States,New York City,,2013,,0,0,,,
1214042,accelerator,https://app.dealroom.co/investors/general_enchantment,http://generalenchantment.com,General Enchantment,North America,United States,Boston,,2014,,0,0,,,
1213989,accelerator,https://app.dealroom.co/investors/city_startup_labs,http://citystartuplabs.com,City Startup Labs,North America,United States,Charlotte,,2012,Mar/2021,1,0,,,
1213979,accelerator,https://app.dealroom.co/investors/business_incubator_association_of_new_york_state,http://bianys.com,Business Incubator Association of New York State,North America,United States,Albany,,2005,,0,0,,,
1213966,accelerator,https://app.dealroom.co/investors/silicon_bay_partners,http://siliconbaypartners.com,Silicon Bay Partners,North America,United States,Sacramento,,2014,,0,0,,,
1213924,accelerator,https://app.dealroom.co/investors/apples_and_oranges_studios,http://nycoc.com,Apples and Oranges Studios,North America,United States,Orange,,2013,,0,0,,,
1213895,accelerator,https://app.dealroom.co/investors/innovation_arbitrage,http://innovationarbitrage.com,Innovation Arbitrage,North America,United States,San Francisco,,,,0,0,,,
1213856,accelerator,https://app.dealroom.co/investors/noble_ant,http://nobleant.io,Noble Ant,North America,United States,Menlo Park,,2018,,0,0,,,
1213680,accelerator,https://app.dealroom.co/investors/bitlogica_inc_,http://bitlogica.com,Bitlogica inc.,North America,United States,,,2011,,0,0,,,
1213510,accelerator,https://app.dealroom.co/investors/invisible_hand,http://invisiblehand.com,Invisible Hand,North America,United States,New York City,,,Sep/2021,1,0,,,4
1213428,accelerator,https://app.dealroom.co/investors/iron_street_labs,http://ironstreetlabs.com,Iron Street Labs,North America,United States,New York City,,1999,,0,0,,,
1213373,accelerator,https://app.dealroom.co/investors/pitchbot_vc,http://pitchbot.vc,Pitchbot.vc,North America,United States,San Francisco,,,,0,0,,,
1213287,accelerator,https://app.dealroom.co/investors/acceleratenfc,http://acceleratenfc.com,AccelerateNFC,North America,United States,Richardson,,2013,,0,0,,,
1213279,accelerator,https://app.dealroom.co/investors/southwinston,http://southwinston.com,SouthWinston,North America,United States,New York City,,2005,Dec/2015,3,0,,,77.56
1213273,accelerator,https://app.dealroom.co/investors/hystartup,http://hystartup.com,HyStartup,North America,United States,Bolinas,,2017,,0,0,,,
1213244,accelerator,https://app.dealroom.co/investors/fwdnxt,http://fwdnxt.com,FWDNXT,North America,United States,Lafayette,,2017,,0,0,,,
1213067,accelerator,https://app.dealroom.co/investors/i5growth,https://www.i5growth.com/,I5growth,North America,United States,San Francisco,,2014,,0,0,,,
1212920,accelerator,https://app.dealroom.co/investors/vive_x,https://vivex.vive.com/us/,VIVE X,North America,United States,San Francisco,,2016,Jul/2019,6,0,,0,55.72
1212917,accelerator,https://app.dealroom.co/investors/booga_ventures,http://boogaventures.com,Booga Ventures,North America,United States,San Mateo,,2009,Apr/2014,2,0,,0,
1212742,accelerator,https://app.dealroom.co/investors/start_smart_labs,http://startsmartlabs.com,Start Smart Labs,North America,United States,Palo Alto,,2012,Jun/2018,19,0,275,0,4226
1212657,accelerator,https://app.dealroom.co/investors/2020_startups,http://2020startups.nyc,2020 Startups,North America,United States,New York City,,2016,,0,0,,,
1212513,accelerator,https://app.dealroom.co/investors/intelligent_beauty,http://ibinc.com,Intelligent Beauty,North America,United States,El Segundo,,2006,Oct/2012,1,0,,,5.2
1212455,accelerator,https://app.dealroom.co/investors/readwrite_labs,http://readwritelabs.com,ReadWrite Labs,North America,United States,San Francisco,,2013,Feb/2015,2,0,,0,
1212454,accelerator,https://app.dealroom.co/investors/ideashares,http://ideashares.com,Ideashares,North America,United States,Brentwood,,2014,,0,0,,,
1212190,accelerator,https://app.dealroom.co/investors/startup_miami,https://www.rltrk.com/sum/,StartUp-Miami,North America,United States,Miami,,2012,,0,0,,,
1212144,accelerator,https://app.dealroom.co/investors/perpetual_revenue_group_international,http://prgi.com,Perpetual Revenue Group International,North America,United States,Los Angeles,,2011,,0,0,,,
1212006,accelerator,https://app.dealroom.co/investors/fusion_la,http://fusionlabs.la,Fusion LA,North America,United States,Santa Monica,,2017,Feb/2022,9,0,,0,213.4
1211979,accelerator,https://app.dealroom.co/investors/lucen_blockchain_accelerator,http://lucenblockchain.com,Lucen Blockchain Accelerator,North America,United States,San Jose,,,,0,0,,,
1211978,accelerator,https://app.dealroom.co/investors/oak_grove_systems,http://oakgrovesystems.com,Oak Grove Systems,North America,United States,Altadena,,1990,,0,0,,,
1211945,accelerator,https://app.dealroom.co/investors/evans_resource_group,http://evansresource.com,Evans Resource Group,North America,United States,New York City,,2000,,0,0,,,
1211886,accelerator,https://app.dealroom.co/investors/hardtech_labs,http://hardtechlabs.com,HardTech Labs,North America,United States,San Diego,,2014,,0,0,,,
1211869,accelerator,https://app.dealroom.co/investors/realcoaccelerator,http://realco.com,RealCo Accelerator,North America,United States,San Antonio,,2017,,13,0,,0,92.02
1211866,accelerator,https://app.dealroom.co/investors/satus_1,http://satusproject.com,SATUS,North America,United States,McKinney,,2014,,0,0,,,
1210879,accelerator,https://app.dealroom.co/investors/boise_state_university_technology_and_entrepreneurial_center,http://bsutecenter.com,Boise State University Technology and Entrepreneurial Center,North America,United States,Nampa,,,,0,0,,,
1210878,accelerator,https://app.dealroom.co/investors/dtp_companies,http://dtplv.com,DTP Companies,North America,United States,Las Vegas,,2012,Mar/2001,15,0,,,
1210877,accelerator,https://app.dealroom.co/investors/durchstarten,http://durchstarten.innowerft.com,Durchstarten,North America,United States,San Francisco,,2011,,0,0,,,
1210873,accelerator,https://app.dealroom.co/investors/philadev,https://bigleverventures.com,Philadev,North America,United States,Philadelphia,,2008,,0,0,,,
1210830,accelerator,https://app.dealroom.co/investors/idea_finishing_school,http://ideafinishingschool.com,Idea Finishing School,North America,United States,San Antonio,,,,0,0,,,
1210738,accelerator,https://app.dealroom.co/investors/public_innovation,http://publicinnovation.org,Public Innovation,North America,United States,Sacramento,,2006,,0,0,,,
1210733,accelerator,https://app.dealroom.co/investors/tekmountain,http://tekmountain.com,TekMountain,North America,United States,Wilmington,,2013,,0,0,,,
1210730,accelerator,https://app.dealroom.co/investors/az_disruptors,http://azdisruptors.com,AZ Disruptors,North America,United States,Scottsdale,,2002,Feb/2021,20,0,,0,603.9
1210604,accelerator,https://app.dealroom.co/investors/insight_accelerator_labs,http://insightpd.com,Insight Accelerator Labs,North America,United States,Chicago,,1988,,0,0,,,
1210505,accelerator,https://app.dealroom.co/investors/headhunter_labs,http://headhunterlabs.com,Headhunter Labs,North America,United States,New York City,,2016,,0,0,,,
1210297,accelerator,https://app.dealroom.co/investors/brand_house_wines_spirits,http://brandhousews.com,Brand House Wines & Spirits,North America,United States,,,2017,,0,0,,,
1210203,accelerator,https://app.dealroom.co/investors/geeks_without_bounds,http://gwob.org,Geeks Without Bounds,North America,United States,Seattle,,,,0,0,,,
1210186,accelerator,https://app.dealroom.co/investors/iconiz,http://iconiz.io,Iconiz,North America,United States,Los Angeles,,2017,Dec/2017,2,0,,,400
1209779,accelerator,https://app.dealroom.co/investors/biobat,http://biobat.nyc,BioBAT,North America,United States,New York City,,,,0,0,,,
1209734,accelerator,https://app.dealroom.co/investors/credit_accelerator,http://creditaccelerator.com,Credit Accelerator,North America,United States,Houston,,2016,,0,0,,,
1209629,accelerator,https://app.dealroom.co/investors/tenx,http://tenx.org,TenX,North America,United States,Portland,,,Oct/2020,1,0,,,2
1209591,accelerator,https://app.dealroom.co/investors/upper_street_marketing,http://upperstreetmarketing.com,Upper Street Marketing,North America,United States,Beverly Hills,,,Mar/2014,1,0,,,
1209369,accelerator,https://app.dealroom.co/investors/commerce_innovated_,http://commerceinnovated.com,Commerce.Innovated.,North America,United States,Santa Clara,,1983,,35,0,1775,0,4959.2
1209326,accelerator,https://app.dealroom.co/investors/digital_arts_media_network,http://digitalartsmedianetwork.com,Digital Arts Media Network,North America,United States,New York City,,,Aug/2017,1,0,,,
1209317,accelerator,https://app.dealroom.co/investors/impulsa_business_accelerator_1,http://impulsausa.com,Impulsa Business Accelerator,North America,United States,San Jose,,2004,Jan/2014,1,0,,,
1209271,accelerator,https://app.dealroom.co/investors/monterey_incubator,http://montereyincubator.com,Monterey Incubator,North America,United States,Pacific Grove,,,,0,0,,,
1209181,accelerator,https://app.dealroom.co/investors/rethinkcaf_,http://rethink.cafe,RethinkCAFÉ,North America,United States,San Diego,,2015,,0,0,,,
1209136,accelerator,https://app.dealroom.co/investors/kstartup,http://kstartup.com,Kstartup,North America,United States,Lee,,2012,,0,0,,,
1208940,accelerator,https://app.dealroom.co/investors/sunilm1,http://sunilm1.net,SunilM1,North America,United States,San Francisco,,,,0,0,,,
1208851,accelerator,https://app.dealroom.co/investors/launchoklahoma,http://launchoklahoma.com,LaunchOklahoma,North America,United States,Oklahoma City,,2011,,0,0,,,
1208821,accelerator,https://app.dealroom.co/investors/ascender_1,http://ascenderpgh.com,Ascender,North America,United States,Pittsburgh,,2012,Jul/2022,44,0,,0,20.57
1208814,accelerator,https://app.dealroom.co/investors/the_global_cottage,http://theglobalcottage.com,The Global Cottage,North America,United States,,,2016,,0,0,,,
1208763,accelerator,https://app.dealroom.co/investors/properohca,http://properohca.affiliate.fasttrac.org,ProperoHCA,North America,United States,New York City,,2011,,0,0,,,
1208716,accelerator,https://app.dealroom.co/investors/boston_techjam,http://bostontechjam.com,Boston TechJam,North America,United States,Lexington,,2005,,0,0,,,
1208681,accelerator,https://app.dealroom.co/investors/mmxx_labs,http://mmxxlabs.com,MMXX Labs,North America,United States,New York City,,2014,,0,0,,,
1208660,accelerator,https://app.dealroom.co/investors/paradigm_group_pgi_,http://pgimarketing.org,Paradigm Group (PGI),North America,United States,Washington DC,,2014,,0,0,,,
1208652,accelerator,https://app.dealroom.co/investors/techfarms,http://techfarms.com,TechFarms,North America,United States,Panama City Beach,,2015,,0,0,,,
1208527,accelerator,https://app.dealroom.co/investors/redsky,http://redskytx.com,RedSky,North America,United States,El Paso,,2012,,0,0,,,
1208465,accelerator,https://app.dealroom.co/investors/eq_ventures,http://creatingequilibrium.com,EQ Ventures,North America,United States,South Lake Tahoe,,,,0,0,,,
1208444,accelerator,https://app.dealroom.co/investors/startup_leadership_program_sf,http://startupleadership.com,Startup Leadership Program- SF,North America,United States,Boston,,2006,,1393,0,15310.85,0,8208.17
1208393,accelerator,https://app.dealroom.co/investors/adventus_ventures,http://adventusvc.com,Adventus Ventures,North America,United States,Irvine,,2017,Sep/2020,4,0,,,5.92
1208367,accelerator,https://app.dealroom.co/investors/mount_sinai_ventures,https://ip.mountsinai.org/,Mount Sinai Ventures,North America,United States,New York City,,2013,Jun/2023,4,0,,0,304.6
1208286,accelerator,https://app.dealroom.co/investors/baldwin_county_business_incubator,http://baldwinincubator.com,Baldwin County Business Incubator,North America,United States,Robertsdale,,2010,,0,0,,,
1208063,accelerator,https://app.dealroom.co/investors/dat_ventures,http://datventures.com,Dat Ventures,North America,United States,Boston,,2014,,0,0,,,
1208056,accelerator,https://app.dealroom.co/investors/tie_scaleup,http://tiescaleup.org,Tie ScaleUP,North America,United States,Cambridge,,1997,,0,0,,,
1208036,accelerator,https://app.dealroom.co/investors/black_and_latino_tech_initiative,http://blackandlatinotech.com,Black and Latino Tech Initiative,North America,United States,Newark,,,,0,0,,,
1208021,accelerator,https://app.dealroom.co/investors/breakform_ventures,http://breakformventures.com,Breakform Ventures,North America,United States,El Segundo,,2014,,0,0,,,
1208015,accelerator,https://app.dealroom.co/investors/kil_312,http://ksciences.com,KIL-312,North America,United States,North Wales,,2015,,0,0,,,
1208010,accelerator,https://app.dealroom.co/investors/octopus_1,http://theoctopus.com,Octopus,North America,United States,Scottsdale,,2014,Sep/2014,1,0,,,
987200,accelerator,https://app.dealroom.co/investors/startup_sesame,https://www.startupsesame.com/,Startup Sesame,North America,United States,Seattle,network security;network management,2015,Apr/2019,17,0,,0,150.39
980065,accelerator,https://app.dealroom.co/investors/r_ga_iot_venture_studio_uk,http://rgaiot.com/,R/GA IoT Venture Studio UK,Europe,United Kingdom,London,,,Feb/2018,7,0,,,10.22
975875,accelerator,https://app.dealroom.co/investors/innovation_depot,https://innovationdepot.org/,Innovation Depot,North America,United States,Birmingham,,1987,Jun/2022,10,0,,,213.24
965179,accelerator,https://app.dealroom.co/investors/springboard_brands,https://www.springboardbrands.com/,Springboard brands,North America,United States,Chicago,beverage,,Oct/2018,3,0,,,
958886,accelerator,https://app.dealroom.co/investors/duke_law_tech_lab,http://www.dukelawtechlab.com/,Duke Law Tech Lab,North America,United States,Durham,remote,2017,Jun/2019,21,0,,0,53.8
958705,accelerator,https://app.dealroom.co/investors/lexisnexis_legal_tech_accelerator,,LexisNexis Legal Tech Accelerator,North America,United States,New York City,,,Sep/2020,12,0,,0,400
958682,accelerator,https://app.dealroom.co/investors/chobani_food_incubator,https://www.chobanifoodincubator.com/,Chobani Food Incubator,North America,United States,New York City,,2016,Jun/2020,50,0,,0,443.3
958495,accelerator,https://app.dealroom.co/investors/food_future_co,https://nowisthefuture.co,FoodFuture Co,North America,United States,New York City,,2015,Jul/2024,16,0,,,155.92
949308,accelerator,https://app.dealroom.co/investors/quake_capital,https://www.quakecapital.com,Quake Capital,North America,United States,Austin,,2016,Mar/2023,83,0,,0,430.92
948782,accelerator,https://app.dealroom.co/investors/elix_incubator,https://www.elixincubator.com/,Elix Incubator,North America,United States,,,2015,,0,0,,,
944055,accelerator,https://app.dealroom.co/investors/google_developers_launchpad_accelerator,https://developers.google.com/programs/launchpad/accelerator/,Google Developers Launchpad Accelerator,North America,United States,Mountain View,matchmaking,2015,Mar/2022,133,0,3428.48,0,31757.96
943019,accelerator,https://app.dealroom.co/investors/fintech_innovation_lab,http://www.fintechinnovationlab.com/,FinTech Innovation Lab,North America,United States,New York City,,2008,Mar/2025,135,0,469,0,2378.68
934383,accelerator,https://app.dealroom.co/investors/mstate,http://www.mstate.io/,MState,North America,United States,New York City,,2017,Jun/2019,4,0,,,11340
929245,accelerator,https://app.dealroom.co/investors/facebook_fbstart,https://developers.facebook.com/fbstart/,Facebook For Developers,North America,United States,Palo Alto,b corp,2004,Nov/2017,25,0,2340,0,41.88
928591,accelerator,https://app.dealroom.co/investors/new_lab,http://newlab.com,Newlab,North America,United States,New York City,,2016,Oct/2024,16,0,,0,1109.32
926173,accelerator,https://app.dealroom.co/investors/porsche_digital,https://www.porsche.digital/,Porsche Digital,Europe,Germany,Ludwigsburg,,2016,,0,0,,,
923720,accelerator,https://app.dealroom.co/investors/elemental_excelerator,https://elementalexcelerator.com,Elemental Excelerator,North America,United States,Honolulu,,2012,Jun/2025,137,0,2167,0,8588.07
923690,accelerator,https://app.dealroom.co/investors/medtech_innovator,https://medtechinnovator.org/,MedTech Innovator,North America,United States,Los Angeles,,2013,Nov/2024,280,0,447,0,10186.4
922829,accelerator,https://app.dealroom.co/investors/bw_ventures,https://www.bw.ventures/,BW Ventures,Europe,Netherlands,Eindhoven,,2016,Oct/2019,2,0,,,4
922469,accelerator,https://app.dealroom.co/investors/r_ga_accelerator,http://rgaaccelerator.com,R/GA Accelerator,North America,United States,New York City,,2013,May/2022,28,0,537.12,0,1374.32
921723,accelerator,https://app.dealroom.co/investors/finrise,http://finrise.com/,Finrise,North America,United States,Burlingame,landh insurance;health insurance,2015,,0,0,,,
919142,accelerator,https://app.dealroom.co/investors/rgax,http://rgax.com,RGAx,North America,United States,Chesterfield,,2015,Feb/2023,20,0,,0,1200.88
911269,accelerator,https://app.dealroom.co/investors/vc_fintech_accelerator,http://www.vcfintech.co/,VC FinTech Accelerator,North America,United States,Little Rock,,2015,May/2018,10,0,,0,3030.24
911251,accelerator,https://app.dealroom.co/investors/elab_accelerator,http://www.elabstartup.com,eLab Accelerator,North America,United States,Ithaca,,2008,Sep/2022,8,0,,0,295.07
888877,accelerator,https://app.dealroom.co/investors/paralect,https://paralect.com,Paralect,North America,United States,Middletown,testing;arts & culture,2009,Jul/2022,5,0,,,
879400,accelerator,https://app.dealroom.co/investors/founder_institute,http://fi.co,Founder Institute,North America,United States,Palo Alto,,2009,Jan/2024,277,0,131.8,0,3500.34
878347,accelerator,https://app.dealroom.co/investors/surge_accelerator,http://www.surgeaccelerator.com,Surge Ventures,North America,United States,Houston,,2011,Apr/2024,29,0,,0,245.08
873556,accelerator,https://app.dealroom.co/investors/travel_startups_incubator,http://www.travelstartups.co,Travel Startups Incubator,North America,United States,Lake Wales,travel;travel & tourism;business travel,2014,Aug/2018,22,0,,0,20.42
873350,accelerator,https://app.dealroom.co/investors/texas_venture_labs,http://tvl.utexas.edu,Texas Venture Labs,North America,United States,Austin,,2010,Aug/2022,59,0,112.5,0,294.75
863963,accelerator,https://app.dealroom.co/investors/angelpad,http://angelpad.org/,AngelPad,North America,United States,San Francisco,,2010,Jul/2023,109,0,7421,0,8025.77
250013,accelerator,https://app.dealroom.co/investors/mach37_cyber_accelerator,http://mach37.com,MACH37 Cyber Accelerator,North America,United States,Herndon,cybersecurity,2013,Sep/2017,10,0,,0,32.59
249904,accelerator,https://app.dealroom.co/investors/tu_incubator,http://tuincubator.com,TU Incubator,North America,United States,Baltimore,,2007,,0,0,,,
248864,accelerator,https://app.dealroom.co/investors/invest2innovate,http://invest2innovate.com,Invest2Innovate,North America,United States,Washington DC,,2011,Aug/2015,2,0,,0,
248733,accelerator,https://app.dealroom.co/investors/startup_next,http://startupnext.co,Startup Next,North America,United States,Seattle,,2006,May/2015,5,0,,0,1500.52
245697,accelerator,https://app.dealroom.co/investors/starburst_accelerator,http://starburst.aero/,Starburst Accelerator,North America,United States,El Segundo,aerospace,2012,Aug/2025,65,0,150,0,1931.57
244845,accelerator,https://app.dealroom.co/investors/cogo_labs,http://cogolabs.com,Cogo Labs,North America,United States,Cambridge,,2005,Oct/2016,1,0,84.4,0,
240577,accelerator,https://app.dealroom.co/investors/iaccelerator,http://iaccelerator.org/category/general,iAccelerator,North America,United States,,,,,0,0,,,
240552,accelerator,https://app.dealroom.co/investors/iowa_startup_accelerator,http://iowastartupaccelerator.com/blog-2,Iowa Startup Accelerator,North America,United States,Cedar Rapids,,2014,Mar/2018,15,0,,,19.3
240456,accelerator,https://app.dealroom.co/investors/biomotiv,http://biomotiv.com,BioMotiv,North America,United States,Cleveland,biotechnology,2012,Apr/2023,11,0,,,699.2
240027,accelerator,https://app.dealroom.co/investors/tiphub,http://tiphub.org,tiphub,North America,United States,Washington DC,,2014,Sep/2016,2,0,,,0.4
239227,accelerator,https://app.dealroom.co/investors/growthx,http://growthx.com,GrowthX,North America,United States,San Francisco,performance management;pay per result,2015,Apr/2025,46,0,,0,646.74
238117,accelerator,https://app.dealroom.co/investors/rising_tide_fund,http://rtf.vc,Rising Tide Fund,North America,United States,San Francisco,,2007,Feb/2025,30,0,463.37,0,6060.53
236924,accelerator,https://app.dealroom.co/investors/iconyc_labs,http://iconyclabs.com,ICONYC Labs,North America,United States,New York City,,2015,Oct/2022,26,0,,0,530
236128,accelerator,https://app.dealroom.co/investors/conscious_venture_lab,http://consciousventurelab.com,Conscious Venture Lab,North America,United States,Columbia,,2013,Dec/2024,21,0,,,117.8
234690,accelerator,https://app.dealroom.co/investors/accelerate_michigan_innovation_competition,http://acceleratemichigan.org,Accelerate Michigan Innovation Competition,North America,United States,Detroit,,,Nov/2017,2,0,,,7.72
232772,accelerator,https://app.dealroom.co/investors/global_insurance_accelerator,http://globalinsuranceaccelerator.com,Global Insurance Accelerator,North America,United States,Des Moines,insurance,2014,Jan/2025,82,0,,0,649.19
230402,accelerator,https://app.dealroom.co/investors/santa_fe_business_incubator,http://sfbi.net,Santa Fe Business Incubator,North America,United States,,,1997,,0,0,,,
229942,accelerator,https://app.dealroom.co/investors/center_for_biotechnology,http://centerforbiotechnology.org,Center for Biotechnology,North America,United States,Town of Brookhaven,biotechnology,1957,,0,0,,,
227336,accelerator,https://app.dealroom.co/investors/cewit_incubator,https://www.cewit.org/incubator/,CEWIT Incubator,North America,United States,Town of Brookhaven,,2003,Jan/2018,1,0,,,
226127,accelerator,https://app.dealroom.co/investors/center_for_entrepreneurial_innovation,http://ceigateway.com,Center for Entrepreneurial Innovation,North America,United States,Phoenix,,2011,,0,0,,,
225918,accelerator,https://app.dealroom.co/investors/center_for_economic_growth,http://ceg.org,Center for Economic Growth,North America,United States,Town of Colonie,,1987,,0,0,,,
224934,accelerator,https://app.dealroom.co/investors/nydesigns,http://nydesigns.org,NYDesigns,North America,United States,New York City,,2006,,0,0,,,
224886,accelerator,https://app.dealroom.co/investors/itac_virtual_incubator_program,http://itac.nyc,ITAC Virtual Incubator Program,North America,United States,New York City,,1987,,0,0,,,
224844,accelerator,https://app.dealroom.co/investors/cornell_agriculture_and_food_technology_park,http://thetechnologyfarm.com,Cornell Agriculture and Food Technology Park,North America,United States,Geneva,farming;farming,2005,,0,0,,,
224434,accelerator,https://app.dealroom.co/investors/the_accelerator_orange_county_ida,https://soylatatareal.com,The Accelerator - Orange County IDA,North America,United States,Town of New Windsor,,2002,,14,0,,,16
224415,accelerator,https://app.dealroom.co/investors/hudson_valley_center_for_innovation,https://www.hvci.org/,Hudson Valley Center for Innovation,North America,United States,New Rochelle,,2018,,0,0,,,
224342,accelerator,https://app.dealroom.co/investors/broad_hollow_bioscience_park,http://bioparkny.org,Broad Hollow Bioscience Park,North America,United States,Oyster Bay,biotechnology,2000,,7,0,,0,300
224244,accelerator,https://app.dealroom.co/investors/long_island_high_technology_incubator,http://lihti.org,Long Island High Technology Incubator,North America,United States,Town of Brookhaven,,1992,,0,0,,,
224198,accelerator,https://app.dealroom.co/investors/the_clean_tech_center,,The Clean Tech Center,North America,United States,Syracuse,,2005,,1,0,,,
224173,accelerator,https://app.dealroom.co/investors/calverton_food_business_incubator,http://stonybrook.edu/research/calverton/index.html,Calverton Food Business Incubator,North America,United States,Town of Riverhead,,2012,,0,0,,,
223774,accelerator,https://app.dealroom.co/investors/inspyre_innovation_hub,https://inspyrehub.com,INSPYRE Innovation Hub,North America,United States,Syracuse,content,2005,May/2023,88,0,,0,2152.45
223463,accelerator,https://app.dealroom.co/investors/sku,http://sku.is,SKU,North America,United States,Austin,,2011,Feb/2023,98,0,1200,0,162.91
223358,accelerator,https://app.dealroom.co/investors/relevant_health,http://relevanthealth.md,Relevant Health,North America,United States,Rockville,,2015,Oct/2015,7,0,,,0.62
220805,accelerator,https://app.dealroom.co/investors/hayseed_ventures,http://hayseedventures.com,Hayseed Ventures,North America,United States,Fayetteville,,2015,Jun/2017,8,0,25,0,37.6
215103,accelerator,https://app.dealroom.co/investors/university_of_southern_california_s_d_health_lab,http://dhealth.usc.edu,University of Southern California’s D-Health Lab,North America,United States,Los Angeles,medical research,2014,,0,0,,,
214833,accelerator,https://app.dealroom.co/investors/startout,http://startout.org,StartOut,North America,United States,New York City,,2009,Oct/2012,35,0,,,3.58
214813,accelerator,https://app.dealroom.co/investors/desai_accelerator,http://desaiaccelerator.umich.edu,Desai Accelerator,North America,United States,Ann Arbor,,2015,Aug/2023,24,0,,,
214646,accelerator,https://app.dealroom.co/investors/break_fast_launch,http://breakfastlaunch.com,Break Fast & Launch,North America,United States,San Antonio,,,,0,0,,,
208946,accelerator,https://app.dealroom.co/investors/new_york_digital_health_accelerator,http://digitalhealthaccelerator.com,New York Digital Health Accelerator,North America,United States,New York City,,2012,Jan/2016,3,0,,,3850
208507,accelerator,https://app.dealroom.co/investors/french_accelerator,https://www.fabb.la/,French Accelerator,North America,United States,North Miami,,2015,May/2016,18,0,,0,192.34
205939,accelerator,https://app.dealroom.co/investors/leap_axlr8r,http://leapaxlr8r.com,LEAP Axlr8r,North America,United States,San Francisco,,,Jan/2014,7,0,,,9.12
205872,accelerator,https://app.dealroom.co/investors/talenttechlabs,http://talenttechlabs.com,Talent Tech Labs,North America,United States,New York City,performance management;pay per result,2012,,0,0,,,
204407,accelerator,https://app.dealroom.co/investors/seed_sumo,http://seedsumo.com,Seed Sumo,North America,United States,College Station,,2013,Oct/2016,16,0,,0,65.56
199891,accelerator,https://app.dealroom.co/investors/disney_accelerator,http://disneyaccelerator.com,Disney Accelerator,North America,United States,Los Angeles,,2014,Feb/2024,43,0,,0,42518.87
195814,accelerator,https://app.dealroom.co/investors/invent_ventures,http://invent.vc,INVENT Ventures,North America,United States,Santa Monica,biotechnology,2010,,0,0,,,
195789,accelerator,https://app.dealroom.co/investors/women_s_startup_lab,http://womenstartuplab.com,Women's Startup Lab,North America,United States,Menlo Park,,2013,,0,0,,,
187314,accelerator,https://app.dealroom.co/investors/tie_boston,http://boston.tie.org,TiE-Boston,North America,United States,Cambridge,,1997,Feb/2025,3,0,,,98.4
183459,accelerator,https://app.dealroom.co/investors/virtual_force,https://www.virtualforce.io/,Virtual Force,North America,United States,New York City,developer tools,2010,Sep/2022,5,0,,,32.56
179001,accelerator,https://app.dealroom.co/investors/echoing_green,http://echoinggreen.org,Echoing Green,North America,United States,New York City,,1987,Aug/2024,7,0,,,238.8
177640,accelerator,https://app.dealroom.co/investors/idea_village,http://ideavillage.org,Idea Village,North America,United States,New Orleans,,2000,Jan/2024,17,0,,,106.8
175116,accelerator,https://app.dealroom.co/investors/harlem_biospace,http://harlembiospace.com,Harlem Biospace,North America,United States,New York City,biotech and pharma,2013,Mar/2022,18,0,,0,198.5
174148,accelerator,https://app.dealroom.co/investors/same_page_capital,http://samepagecapital.com,Same Page Capital,North America,United States,Bozeman,capital market,2008,Mar/2019,6,0,,0,136.32
174106,accelerator,https://app.dealroom.co/investors/fledge,http://fledge.co,Fledge,North America,United States,Seattle,,2012,Aug/2020,50,0,,0,96.06
173759,accelerator,https://app.dealroom.co/investors/ocean_accelerator,http://oceanprograms.com,OCEAN Accelerator,North America,United States,Cincinnati,,2014,May/2023,22,0,,0,43.12
171391,accelerator,https://app.dealroom.co/investors/samstella_llc,http://samstella.com,"SamStella, LLC",North America,United States,New York City,,2011,Apr/2014,6,0,715,0,42.56
169938,accelerator,https://app.dealroom.co/investors/innovate_mississippi,http://innovate.ms,Innovate Mississippi,North America,United States,Ridgeland,performance management;pay per result,2007,Apr/2025,27,0,,,25.4
163016,accelerator,https://app.dealroom.co/investors/german_accelerator,http://germanaccelerator.com,German Accelerator,Europe,Germany,Munich,,2011,Jan/2018,1582,0,2394,0,51979.28
162885,accelerator,https://app.dealroom.co/investors/techlaunch,http://techlaunch.com,TechLaunch,North America,United States,Montclair,,2011,Apr/2019,12,0,,,18.29
162575,accelerator,https://app.dealroom.co/investors/4catalyzer,http://4catalyzer.com,4Catalyzer,North America,United States,New York City,biotechnology,2014,Jan/2011,1,0,414,0,
161380,accelerator,https://app.dealroom.co/investors/fordham_foundry,http://fordhamfoundry.org,Fordham Foundry,North America,United States,New York City,,2012,,14,0,,0,
161326,accelerator,https://app.dealroom.co/investors/protechgo,http://protechgo.com,PROTECHGO,North America,United States,Fontana,,2016,,0,0,,,
160778,accelerator,https://app.dealroom.co/investors/abqid,http://abqid.com,ABQid,North America,United States,Albuquerque,,2014,Sep/2019,4,0,,,353.2
156623,accelerator,https://app.dealroom.co/investors/greenstart,http://greenstart.com,Greenstart,North America,United States,San Francisco,,2011,Oct/2014,15,0,,0,156.2
154029,accelerator,https://app.dealroom.co/investors/nyc_acre,https://art-noc.com,NYC ACRE,North America,United States,New York City,,2009,,0,0,,,
153542,accelerator,https://app.dealroom.co/investors/upstart_labs,http://upstartlabs.com,Upstart Labs,North America,United States,Portland,analytics;developer tools,2011,Mar/2013,6,0,,0,5.68
153088,accelerator,https://app.dealroom.co/investors/johns_hopkins_technology_ventures,https://www.ventures.jhu.edu,Johns Hopkins Technology Ventures,North America,United States,Baltimore,,,Aug/2023,178,0,492.2,0,7602.12
151595,accelerator,https://app.dealroom.co/investors/25k_startups,http://25kstartups.com,25K Startups,North America,United States,Hempstead,,2014,,0,0,,,
151105,accelerator,https://app.dealroom.co/investors/matter_ventures,http://matter.vc,Matter Ventures,North America,United States,San Francisco,,2012,Aug/2023,19,0,55,0,393.4
151003,accelerator,https://app.dealroom.co/investors/revtech_labs,http://revtechlabs.co,RevTech Labs,North America,United States,Charlotte,,2012,Dec/2024,18,0,,0,32.88
148699,accelerator,https://app.dealroom.co/investors/atlanta_tech_village,http://atlantatechvillage.com,Atlanta Tech Village,North America,United States,Atlanta,,2012,,16,0,,,
147964,accelerator,https://app.dealroom.co/investors/jumpmodo,http://jumpmodo.com,Jumpmodo,North America,United States,New York City,,2008,,0,0,,,
146613,accelerator,https://app.dealroom.co/investors/elevar,http://elevarco.com,Elevar,North America,United States,San Francisco,,2013,Nov/2015,3,0,,0,4.4
146357,accelerator,https://app.dealroom.co/investors/jfe_accelerator,http://jfenetwork.com/jfe-accelerator-program,JFE Accelerator,North America,United States,San Francisco,,2009,,0,0,,,
146351,accelerator,https://app.dealroom.co/investors/nittany_entrepreneur_society,https://www.nespsu.com/,Nittany Entrepreneur Society,North America,United States,State College,,2010,,0,0,,,
145373,accelerator,https://app.dealroom.co/investors/suny_fredonia_center_for_innovation_economic_development,https://www.fredonia.edu/about/offices/fredonia-technology-incubator,SUNY Fredonia Center for Innovation & Economic Development,North America,United States,Dunkirk,,2007,,3,0,,,
145299,accelerator,https://app.dealroom.co/investors/brand_accelerator,http://brand-accelerator.com,Brand Accelerator,North America,United States,Chicago,,2013,Nov/2016,1,0,,,
145263,accelerator,https://app.dealroom.co/investors/mit_founders_skills_accelerator,http://entrepreneurship.mit.edu,MIT Founders' Skills Accelerator,North America,United States,Cambridge,,1991,Jun/2022,19,0,186.4,0,435.3
145226,accelerator,https://app.dealroom.co/investors/us_market_access_center,http://usmarketaccess.com,US Market Access Center,North America,United States,San Francisco,,2010,Nov/2024,8,0,,,7.08
145039,accelerator,https://app.dealroom.co/investors/1871_chicago,http://1871.com,1871 Chicago,North America,United States,Chicago,,2012,Apr/2025,14,0,,,124.09
144882,accelerator,https://app.dealroom.co/investors/incubation_station,http://theincubationstation.com,Incubation Station,North America,United States,Austin,,2011,,0,0,,,
144854,accelerator,https://app.dealroom.co/investors/project_skyway,http://projectskyway.com,Project Skyway,North America,United States,Minneapolis,,2010,May/2012,6,0,,,4.29
142531,accelerator,https://app.dealroom.co/investors/tumml,http://tumml.org,Tumml,North America,United States,San Francisco,,2012,Jan/2017,25,0,,0,119.06
142066,accelerator,https://app.dealroom.co/investors/summer_highland,http://summer.hcp.com/,Summer@Highland,North America,United States,Cambridge,mentoring;office space,1987,May/2016,36,0,377,0,450.79
140152,accelerator,https://app.dealroom.co/investors/orange_fab,http://orangefab.com,Orange Fab,Europe,France,Châtillon,,2012,Oct/2020,6,0,,0,386.5
140068,accelerator,https://app.dealroom.co/investors/neurolaunch,http://neurolaunch.org,NeuroLaunch,North America,United States,Glenwood,,2014,Dec/2015,13,0,,0,35.16
139314,accelerator,https://app.dealroom.co/investors/coolhouse_labs,http://coolhouselabs.com,Coolhouse Labs,North America,United States,Detroit,,2013,Sep/2015,13,0,,0,5.92
138537,accelerator,https://app.dealroom.co/investors/seed_spot,http://seedspot.org,SEED SPOT,North America,United States,Phoenix,,2012,Feb/2024,4,0,,,
137788,accelerator,https://app.dealroom.co/investors/learnlaunchx,http://learnlaunch.com/,LearnLaunchX,North America,United States,Boston,,2012,May/2025,71,0,,0,167.42
135279,accelerator,https://app.dealroom.co/investors/xleratehealth,http://xleratehealth.com,XLerateHealth,North America,United States,Louisville,,2012,Aug/2023,114,0,,0,332.6
134425,accelerator,https://app.dealroom.co/investors/ezco,http://aztechcelerator.com,AZ TechCelerator,North America,United States,Surprise,,2012,,0,0,,,
131946,accelerator,https://app.dealroom.co/investors/barclays_accelerator,http://barclaysaccelerator.com,Barclays Accelerator,Europe,United Kingdom,London,,2013,Sep/2020,36,0,175.06,0,324.97
131853,accelerator,https://app.dealroom.co/investors/collide_village,http://collidevillage.com,Collide Village,North America,United States,Addison,,2014,,0,0,,,
130550,accelerator,https://app.dealroom.co/investors/qc_fintech,http://qcfintech.co,QC FinTech,North America,United States,Charlotte,,2011,May/2020,20,0,,0,222.68
129533,accelerator,https://app.dealroom.co/investors/seed_hatchery,http://seedhatchery.com,Seed Hatchery,North America,United States,Memphis,,2011,Oct/2020,15,0,,0,2.4
124936,accelerator,https://app.dealroom.co/investors/penn_venture_initiation_program,https://venturelab.upenn.edu/venture-initiation-program,Penn Venture Initiation Program,North America,United States,Philadelphia,,2000,Apr/2017,138,0,,0,1497.42
122500,accelerator,https://app.dealroom.co/investors/highway1,http://highway1.io,Highway1,North America,United States,San Francisco,,2013,Nov/2017,63,0,200,0,1852.97
121395,accelerator,https://app.dealroom.co/investors/skta_innopartners,http://sktainnopartners.com,SKTA Innopartners,North America,United States,Sunnyvale,,2013,Jan/2014,1,0,,,
121086,accelerator,https://app.dealroom.co/investors/international_accelerator,http://internationalaccelerator.com,International Accelerator,North America,United States,Austin,performance management;pay per result,2014,Feb/2016,32,0,,,241.09
120963,accelerator,https://app.dealroom.co/investors/manos_accelerator,http://manosaccelerator.com,Manos Accelerator,North America,United States,San Jose,,2013,Oct/2015,18,0,,,8.56
120911,accelerator,https://app.dealroom.co/investors/alphalab_gear,http://alphalabgear.org,AlphaLab Gear,North America,United States,Pittsburgh,,2013,May/2022,69,0,,0,249.07
119818,accelerator,https://app.dealroom.co/investors/nyc_seedstart,http://nycseedstart.com,NYC SeedStart,North America,United States,New York City,,,,0,0,,,
115932,accelerator,https://app.dealroom.co/investors/fintech_sandbox,http://fintechsandbox.org,FinTech Sandbox,North America,United States,Boston,,2014,Jul/2023,274,0,652.5,0,4465.94
113650,"accelerator,corporate_venture_fund",https://app.dealroom.co/investors/wells_fargo_startup_accelerator,http://accelerator.wellsfargo.com,Wells Fargo Startup Accelerator,North America,United States,San Francisco,risk management;speech recognition;cash management,1852,Nov/2022,27,0,100,0,372.5
113569,accelerator,https://app.dealroom.co/investors/beta_6,http://beta.mn,Beta,North America,United States,Minneapolis,music;beer,2013,Apr/2025,23,0,,,48.6
113384,accelerator,https://app.dealroom.co/investors/venturespur,http://venturespur.com,VentureSpur,North America,United States,Dallas,,2011,Aug/2022,10,0,,0,10.78
113219,accelerator,https://app.dealroom.co/investors/national_security_technology_accelerator,http://nstxl.org,National Security Technology Accelerator,North America,United States,Los Angeles,,2014,,0,0,,,
112618,accelerator,https://app.dealroom.co/investors/brain_trust_accelerator_fund,http://braintrustvc.com,Brain Trust Accelerator Fund,North America,United States,Burlingame,,,Aug/2024,3,0,,,150
110939,accelerator,https://app.dealroom.co/investors/web_foundation,https://regruppe.com,Web Foundation,North America,United States,New York City,,2004,,0,0,,,
110413,accelerator,https://app.dealroom.co/investors/start_up_farms_international,http://startupfarms.com,Start Up Farms International,North America,United States,Fremont,security,2007,Sep/2012,1,0,,0,
109243,accelerator,https://app.dealroom.co/investors/kaplan_edtech_accelerator_powered_by_techstars,http://kaplanedtechaccelerator.com,Kaplan EdTech Accelerator powered by TechStars,North America,United States,New York City,,2013,Jan/2024,7,0,,,385.31
108937,accelerator,https://app.dealroom.co/investors/imagine_h2o,http://imagineh2o.org,Imagine H2O,North America,United States,San Francisco,,2008,Apr/2024,100,0,32,0,2791.13
108759,accelerator,https://app.dealroom.co/investors/automation_alley,http://automationalley.com,Automation Alley,North America,United States,Troy,defence;modeling;network security;network management;dual-use tech,1999,Mar/2023,4,0,,0,32
106696,accelerator,https://app.dealroom.co/investors/bioaccel,http://bioaccel.org,BioAccel,North America,United States,Phoenix,,2009,Jul/2015,6,0,,,22
104591,accelerator,https://app.dealroom.co/investors/startup_monthly,http://startupmonthly.com,Startup Monthly,North America,United States,San Francisco,knowledge management,2010,Jun/2014,2,0,,,0.4
104273,accelerator,https://app.dealroom.co/investors/9_incubator_peter_relan,https://hoasen.info,9+ Incubator - Peter Relan,North America,United States,San Francisco,content,2013,,0,0,,,
103873,accelerator,https://app.dealroom.co/investors/21ventures,http://21ventures.net,21Ventures,North America,United States,New York City,,2003,Dec/2015,15,0,1267.5,0,140
101118,accelerator,https://app.dealroom.co/investors/ima,http://imaworld.org,IMA,Asia,Israel,Tel Aviv-Yafo,,2002,,0,0,,,
93146,accelerator,https://app.dealroom.co/investors/silicon_valley_space_center,http://svsc.org,Silicon Valley Space Center,North America,United States,Mountain View,,2011,,0,0,,,
92487,accelerator,https://app.dealroom.co/investors/orion_startups,http://orionstartups.com,Orion Startups,North America,United States,,,2015,Jan/2023,30,0,,,0.84
92177,accelerator,https://app.dealroom.co/investors/metric_collective,http://metriccollective.com,Metric Collective,North America,United States,New York City,,2014,May/2017,5,0,,0,68
88669,accelerator,https://app.dealroom.co/investors/grand_central_tech,http://grandcentraltech.com,Grand Central Tech,North America,United States,New York City,,2014,Dec/2021,51,0,10,0,1903.89
84812,accelerator,https://app.dealroom.co/investors/two_coins_group,http://twocoinsgroup.com,Two Coins Group,North America,United States,Irvine,,2013,,0,0,,,
84478,accelerator,https://app.dealroom.co/investors/acceleprise_san_francisco,http://acceleprisesf.com,Acceleprise San Francisco,North America,United States,San Francisco,,2014,Jan/2020,9,0,,0,126.51
72667,accelerator,https://app.dealroom.co/investors/newman_s_business_accelerator,http://newmansba.com,NewMan's Business Accelerator,Europe,North Macedonia,Skopje,,2014,,0,0,,,
32703,accelerator,https://app.dealroom.co/investors/eit_digital,https://www.eitdigital.eu/accelerator,28DIGITAL Accelerator,Europe,Belgium,City of Brussels,,2010,Apr/2025,806,0,8133.61,0,5745.56
32624,accelerator,https://app.dealroom.co/investors/truestart,http://www.truestart.co.uk/,TrueStart,North America,United States,Francis,,2007,Aug/2016,2,0,,,18.8
32622,accelerator,https://app.dealroom.co/investors/healthbox,http://www.healthbox.com/,Healthbox,North America,United States,Chicago,,2010,May/2019,95,0,17238,0,1462.06
32156,accelerator,https://app.dealroom.co/investors/tmcx_accelerator,http://www.tmcinnovation.org/,TMCx Accelerator,North America,United States,Houston,,2014,Jan/2021,20,0,,0,194.36
31224,accelerator,https://app.dealroom.co/investors/launchpad_la,http://launchpad.la/,Launchpad LA,North America,United States,Santa Monica,,2009,Mar/2016,47,0,290.5,0,1530.26
28000,accelerator,https://app.dealroom.co/investors/hubstart,http://www.hubstart.nl/,Hubstart,Europe,Netherlands,Amsterdam,,2013,,0,0,,,
27987,accelerator,https://app.dealroom.co/investors/the_kairo_society,http://kairossociety.nl/,The Kairos Society,North America,United States,San Francisco,charity,2008,May/2018,1,0,,,858
27485,accelerator,https://app.dealroom.co/investors/ventureout_2,http://ventureoutny.com,VentureOut,North America,United States,New York City,,2012,Jul/2023,720,0,1446.83,0,3708.84
25900,accelerator,https://app.dealroom.co/investors/small_world_group,http://smallworldgroup.com/,Small World Group,North America,United States,San Francisco,biotechnology;agritech;optical technology;optical technology,2006,May/2020,5,0,,,36.9
17652,accelerator,https://app.dealroom.co/investors/sandbox,http://sandbox.is,Sandbox,Europe,Switzerland,Zug,,2014,Mar/2024,3,0,,0,1000
17211,accelerator,https://app.dealroom.co/investors/labaca_venture_capital,https://labaca.org,LABACA Venture Capital,Europe,Latvia,Riga,online security,,,0,0,,,
9463,accelerator,https://app.dealroom.co/investors/commercialization_reactor,http://www.commercializationreactor.com,Commercialization Reactor,Europe,Latvia,Riga,,2009,May/2024,32,0,,,23.37
9212,accelerator,https://app.dealroom.co/investors/arabreneur,http://www.arabreneur.com,Arabreneur,North America,United States,,data analytics,2013,Jan/2014,1,0,,,0.33
7318,accelerator,https://app.dealroom.co/investors/building_global_innovators,https://www.bgi.pt/,Building Global Innovators,Europe,Portugal,Lisbon,,2010,May/2018,44,0,167.6,0,3.52
1750,accelerator,https://app.dealroom.co/investors/black_ocean,http://www.blackocean.com,Black Ocean,North America,United States,New York City,,2010,Jun/2014,11,0,99.4,0,44.58